31,Trial,Cond,Block,ImageFiles,Labels,Cues
31,1,1,1,S_Image_120.bmp,Machu Picchu,NaN
31,2,1,1,F_Image_14.bmp,Elvis Presley,NaN
31,3,1,1,S_Image_110.bmp,Forbidden City,NaN
31,4,1,1,F_Lure_23.bmp,Julia Roberts,NaN
31,5,1,1,O_Image_87.bmp,Stapler,NaN
31,6,1,1,S_Lure_124.bmp,Mount Fuji,NaN
31,7,1,1,O_Lure_49.bmp,Anchor,NaN
31,8,1,1,S_Lure_101.bmp,Atomium,NaN
31,9,1,1,S_Image_99.bmp,Alhambra,NaN
31,10,1,1,S_Image_132.bmp,Red Square,NaN
31,11,1,1,S_Image_140.bmp,Taj Mahal,NaN
31,12,1,1,S_Image_102.bmp,Ayers Rock,NaN
31,13,1,1,S_Lure_119.bmp,Louvre,NaN
31,14,1,1,O_Lure_80.bmp,Rope,NaN
31,15,1,1,S_Lure_109.bmp,Eiffel Tower,NaN
31,16,1,1,F_Lure_14.bmp,Elvis Presley,NaN
31,17,1,1,F_Lure_38.bmp,Queen Elisabeth,NaN
31,18,1,1,F_Lure_39.bmp,Robbie Williams,NaN
31,19,1,1,S_Lure_118.bmp,Leaning Tower,NaN
31,20,1,1,F_Lure_8.bmp,Cameron Diaz,NaN
31,21,1,1,O_Image_84.bmp,Skirt,NaN
31,22,1,1,S_Image_144.bmp,White House,NaN
31,23,1,1,F_Image_43.bmp,Tom Cruise,NaN
31,24,1,1,O_Image_72.bmp,Lightbulb,NaN
31,25,1,1,S_Lure_123.bmp,Mount Everest,NaN
31,26,1,1,F_Image_19.bmp,James Dean,NaN
31,27,1,1,S_Image_136.bmp,Sistine Chapel,NaN
31,28,1,1,F_Image_36.bmp,Penelope Cruz,NaN
31,29,1,1,O_Lure_81.bmp,Scale,NaN
31,30,1,1,F_Image_21.bmp,John Lennon,NaN
31,31,1,1,O_Lure_71.bmp,Ladder,NaN
31,32,1,1,O_Lure_92.bmp,Trophy,NaN
31,33,1,1,O_Image_50.bmp,Barbecue,NaN
31,34,1,1,F_Lure_22.bmp,Judi Dench,NaN
31,35,1,1,F_Lure_19.bmp,James Dean,NaN
31,36,1,1,O_Image_57.bmp,Brush,NaN
31,37,1,1,S_Lure_133.bmp,Rialto Bridge,NaN
31,38,1,1,S_Image_116.bmp,Hollywood Sign,NaN
31,39,1,1,F_Image_10.bmp,Dalai Lama,NaN
31,40,1,1,O_Lure_55.bmp,Binoculars,NaN
31,41,1,1,O_Lure_76.bmp,Pillows,NaN
31,42,1,1,S_Image_101.bmp,Atomium,NaN
31,43,1,1,S_Lure_114.bmp,Great Wall,NaN
31,44,1,1,O_Image_83.bmp,Shoe,NaN
31,45,1,1,O_Image_76.bmp,Pillows,NaN
31,46,1,1,S_Lure_132.bmp,Red Square,NaN
31,47,1,1,F_Lure_6.bmp,Brad Pitt,NaN
31,48,1,1,S_Lure_111.bmp,Gizeh Pyramids,NaN
31,49,1,1,S_Image_142.bmp,Tower Bridge,NaN
31,50,1,1,S_Image_118.bmp,Leaning Tower,NaN
31,51,1,1,O_Lure_93.bmp,Umbrella,NaN
31,52,1,1,S_Image_137.bmp,Statue Of Liberty,NaN
31,53,1,1,S_Lure_131.bmp,Rapa Nui,NaN
31,54,1,1,F_Lure_37.bmp,Pierce Brosnan,NaN
31,55,1,1,O_Lure_68.bmp,Hat,NaN
31,56,1,1,S_Image_129.bmp,Petra,NaN
31,57,1,1,O_Lure_72.bmp,Lightbulb,NaN
31,58,1,1,O_Image_94.bmp,Watch,NaN
31,59,1,1,S_Image_127.bmp,Niagara Falls,NaN
31,60,1,1,S_Lure_136.bmp,Sistine Chapel,NaN
31,61,1,1,S_Image_135.bmp,Sahara Desert,NaN
31,62,1,1,O_Lure_79.bmp,Remote Control,NaN
31,63,1,1,S_Lure_139.bmp,Sydney Opera,NaN
31,64,1,1,F_Image_25.bmp,Leonardo DiCaprio,NaN
31,65,1,1,F_Image_41.bmp,Rod Steward,NaN
31,66,1,1,F_Image_15.bmp,Fidel Castro,NaN
31,67,1,1,F_Image_26.bmp,Madonna,NaN
31,68,1,1,O_Lure_75.bmp,Necklace,NaN
31,69,1,1,F_Image_20.bmp,Jennifer Lopez,NaN
31,70,1,1,O_Image_90.bmp,Telephone,NaN
31,71,1,1,S_Image_131.bmp,Rapa Nui,NaN
31,72,1,1,S_Lure_115.bmp,Hagia Sophia,NaN
31,73,1,1,F_Image_27.bmp,Mahadma Gandhi,NaN
31,74,1,1,S_Image_97.bmp,Akropolis,NaN
31,75,1,1,O_Lure_56.bmp,Broom,NaN
31,76,1,1,F_Lure_12.bmp,David Beckham,NaN
31,77,1,1,O_Image_68.bmp,Hat,NaN
31,78,1,1,S_Lure_135.bmp,Sahara Desert,NaN
31,79,1,1,O_Image_66.bmp,Guitar,NaN
31,80,1,1,S_Image_130.bmp,Potala Palace,NaN
31,81,1,1,O_Lure_90.bmp,Telephone,NaN
31,82,1,1,O_Lure_66.bmp,Guitar,NaN
31,83,1,1,F_Image_4.bmp,Barack Obama,NaN
31,84,1,1,O_Image_61.bmp,Football,NaN
31,85,1,1,S_Lure_99.bmp,Alhambra,NaN
31,86,1,1,F_Lure_21.bmp,John Lennon,NaN
31,87,1,1,F_Image_44.bmp,Tom Hanks,NaN
31,88,1,1,S_Lure_125.bmp,Mount Rushmore,NaN
31,89,1,1,O_Lure_94.bmp,Watch,NaN
31,90,1,1,S_Lure_100.bmp,Angkor Wat,NaN
31,91,1,1,F_Lure_10.bmp,Dalai Lama,NaN
31,92,1,1,F_Lure_3.bmp,Angela Merkel,NaN
31,93,1,1,S_Image_114.bmp,Great Wall,NaN
31,94,1,1,O_Image_67.bmp,Hammock,NaN
31,95,1,1,O_Image_56.bmp,Broom,NaN
31,96,1,1,S_Lure_134.bmp,Sagrada Familia,NaN
31,97,1,1,O_Lure_82.bmp,Scissors,NaN
31,98,1,1,F_Image_45.bmp,Tony Blair,NaN
31,99,1,1,O_Lure_78.bmp,Razor,NaN
31,100,1,1,F_Lure_47.bmp,Whoopi Goldberg,NaN
31,101,1,1,F_Lure_9.bmp,Charlie Chaplin,NaN
31,102,1,1,O_Lure_85.bmp,Sock,NaN
31,103,1,1,O_Lure_65.bmp,GrandPiano,NaN
31,104,1,1,S_Image_103.bmp,Big Ben,NaN
31,105,1,1,O_Image_75.bmp,Necklace,NaN
31,106,1,1,S_Lure_143.bmp,Versailles,NaN
31,107,1,1,S_Lure_104.bmp,Brandenburg Gate,NaN
31,108,1,1,F_Image_38.bmp,Queen Elisabeth,NaN
31,109,1,1,O_Lure_88.bmp,Suitcase,NaN
31,110,1,1,S_Image_139.bmp,Sydney Opera,NaN
31,111,1,1,F_Lure_41.bmp,Rod Steward,NaN
31,112,1,1,S_Lure_142.bmp,Tower Bridge,NaN
31,113,1,1,S_Image_106.bmp,Christ The Redeemer,NaN
31,114,1,1,O_Image_64.bmp,Goggles,NaN
31,115,1,1,F_Image_18.bmp,Jack Nicholson,NaN
31,116,1,1,F_Lure_20.bmp,Jennifer Lopez,NaN
31,117,1,1,F_Lure_2.bmp,Amy Winehouse,NaN
31,118,1,1,O_Lure_58.bmp,Canoe,NaN
31,119,1,1,S_Lure_128.bmp,Notre Dame,NaN
31,120,1,1,S_Image_104.bmp,Brandenburg Gate,NaN
31,121,1,1,S_Image_100.bmp,Angkor Wat,NaN
31,122,1,1,F_Image_12.bmp,David Beckham,NaN
31,123,1,1,O_Image_79.bmp,Remote Control,NaN
31,124,1,1,O_Lure_59.bmp,Fan,NaN
31,125,1,1,F_Lure_43.bmp,Tom Cruise,NaN
31,126,1,1,O_Lure_86.bmp,Soother,NaN
31,127,1,1,S_Lure_103.bmp,Big Ben,NaN
31,128,1,1,O_Image_49.bmp,Anchor,NaN
31,129,1,1,S_Image_105.bmp,Chichen Itza,NaN
31,130,1,1,S_Image_107.bmp,Colosseum,NaN
31,131,1,1,F_Image_48.bmp,Will Smith,NaN
31,132,1,1,O_Lure_69.bmp,Headphones,NaN
31,133,1,1,F_Lure_7.bmp,Britney Spears,NaN
31,134,1,1,F_Image_7.bmp,Britney Spears,NaN
31,135,1,1,O_Lure_96.bmp,Wineglass,NaN
31,136,1,1,O_Lure_51.bmp,Basket,NaN
31,137,1,1,O_Image_95.bmp,Wheelchair,NaN
31,138,1,1,O_Lure_64.bmp,Goggles,NaN
31,139,1,1,F_Image_24.bmp,Keanu Reeves,NaN
31,140,1,1,F_Lure_11.bmp,Daniel Radcliffe,NaN
31,141,1,1,O_Image_63.bmp,Globe,NaN
31,142,1,1,F_Image_32.bmp,Mick Jagger,NaN
31,143,1,1,F_Lure_17.bmp,George Clooney,NaN
31,144,1,1,F_Lure_46.bmp,Wayne Rooney,NaN
31,145,1,1,F_Lure_13.bmp,Elton John,NaN
31,146,1,1,F_Lure_45.bmp,Tony Blair,NaN
31,147,1,1,F_Lure_28.bmp,Margaret Thatcher,NaN
31,148,1,1,F_Lure_42.bmp,Scarlett Johansson,NaN
31,149,1,1,S_Image_109.bmp,Eiffel Tower,NaN
31,150,1,1,S_Image_128.bmp,Notre Dame,NaN
31,151,1,1,F_Lure_27.bmp,Mahadma Gandhi,NaN
31,152,1,1,O_Lure_73.bmp,Microscope,NaN
31,153,1,1,O_Lure_84.bmp,Skirt,NaN
31,154,1,1,S_Image_121.bmp,Mecca,NaN
31,155,1,1,F_Lure_5.bmp,Bill Clinton,NaN
31,156,1,1,S_Image_112.bmp,Golden Gate Bridge,NaN
31,157,1,1,O_Image_58.bmp,Canoe,NaN
31,158,1,1,O_Image_78.bmp,Razor,NaN
31,159,1,1,S_Lure_126.bmp,Neu schwanstein Castle,NaN
31,160,1,1,O_Image_54.bmp,Bicycle,NaN
31,161,1,1,F_Image_6.bmp,Brad Pitt,NaN
31,162,1,1,S_Image_115.bmp,Hagia Sophia,NaN
31,163,1,1,F_Lure_1.bmp,Albert Einstein,NaN
31,164,1,1,F_Lure_48.bmp,Will Smith,NaN
31,165,1,1,S_Lure_117.bmp,Kings College,NaN
31,166,1,1,O_Image_96.bmp,Wineglass,NaN
31,167,1,1,S_Lure_113.bmp,Grand Canyon,NaN
31,168,1,1,S_Lure_105.bmp,Chichen Itza,NaN
31,169,1,1,S_Lure_122.bmp,Mont Saint Michel,NaN
31,170,1,1,O_Image_81.bmp,Scale,NaN
31,171,1,1,S_Lure_141.bmp,Time Square,NaN
31,172,1,1,F_Image_34.bmp,Nelson Mandela,NaN
31,173,1,1,S_Image_98.bmp,Alcatraz,NaN
31,174,1,1,F_Image_35.bmp,Nikola Sarkozy,NaN
31,175,1,1,O_Lure_95.bmp,Wheelchair,NaN
31,176,1,1,O_Lure_83.bmp,Shoe,NaN
31,177,1,1,S_Image_122.bmp,Mont Saint Michel,NaN
31,178,1,1,O_Image_73.bmp,Microscope,NaN
31,179,1,1,F_Lure_4.bmp,Barack Obama,NaN
31,180,1,1,S_Lure_116.bmp,Hollywood Sign,NaN
31,181,1,1,S_Image_126.bmp,Neu schwanstein Castle,NaN
31,182,1,1,F_Image_40.bmp,Robert De Niro,NaN
31,183,1,1,O_Image_80.bmp,Rope,NaN
31,184,1,1,S_Lure_106.bmp,Christ The Redeemer,NaN
31,185,1,1,O_Lure_91.bmp,Torch,NaN
31,186,1,1,O_Image_52.bmp,Bed,NaN
31,187,1,1,O_Image_77.bmp,Radio,NaN
31,188,1,1,O_Lure_89.bmp,Teddybear,NaN
31,189,1,1,F_Lure_18.bmp,Jack Nicholson,NaN
31,190,1,1,F_Lure_25.bmp,Leonardo DiCaprio,NaN
31,191,1,1,S_Lure_120.bmp,Machu Picchu,NaN
31,192,1,1,O_Image_91.bmp,Torch,NaN
31,193,1,1,F_Image_5.bmp,Bill Clinton,NaN
31,194,1,1,O_Image_88.bmp,Suitcase,NaN
31,195,1,1,S_Image_113.bmp,Grand Canyon,NaN
31,196,1,1,O_Image_53.bmp,Belt,NaN
31,197,1,1,F_Lure_24.bmp,Keanu Reeves,NaN
31,198,1,1,O_Image_65.bmp,GrandPiano,NaN
31,199,1,1,O_Image_93.bmp,Umbrella,NaN
31,200,1,1,O_Image_70.bmp,Key,NaN
31,201,1,1,O_Lure_54.bmp,Bicycle,NaN
31,202,1,1,F_Image_30.bmp,Meryl Streep,NaN
31,203,1,1,O_Lure_52.bmp,Bed,NaN
31,204,1,1,S_Image_143.bmp,Versailles,NaN
31,205,1,1,S_Image_111.bmp,Gizeh Pyramids,NaN
31,206,1,1,O_Image_82.bmp,Scissors,NaN
31,207,1,1,F_Image_17.bmp,George Clooney,NaN
31,208,1,1,O_Image_62.bmp,FryingPan,NaN
31,209,1,1,F_Image_33.bmp,Mother Teresa,NaN
31,210,1,1,S_Lure_97.bmp,Akropolis,NaN
31,211,1,1,S_Lure_102.bmp,Ayers Rock,NaN
31,212,1,1,F_Image_3.bmp,Angela Merkel,NaN
31,213,1,1,O_Image_86.bmp,Soother,NaN
31,214,1,1,F_Image_22.bmp,Judi Dench,NaN
31,215,1,1,F_Image_46.bmp,Wayne Rooney,NaN
31,216,1,1,F_Lure_16.bmp,George Bush,NaN
31,217,1,1,F_Lure_40.bmp,Robert De Niro,NaN
31,218,1,1,F_Lure_36.bmp,Penelope Cruz,NaN
31,219,1,1,O_Image_85.bmp,Sock,NaN
31,220,1,1,F_Image_11.bmp,Daniel Radcliffe,NaN
31,221,1,1,S_Image_141.bmp,Time Square,NaN
31,222,1,1,O_Image_55.bmp,Binoculars,NaN
31,223,1,1,O_Lure_57.bmp,Brush,NaN
31,224,1,1,S_Image_119.bmp,Louvre,NaN
31,225,1,1,S_Lure_140.bmp,Taj Mahal,NaN
31,226,1,1,F_Image_8.bmp,Cameron Diaz,NaN
31,227,1,1,F_Lure_34.bmp,Nelson Mandela,NaN
31,228,1,1,S_Lure_112.bmp,Golden Gate Bridge,NaN
31,229,1,1,F_Lure_33.bmp,Mother Teresa,NaN
31,230,1,1,O_Lure_87.bmp,Stapler,NaN
31,231,1,1,F_Image_42.bmp,Scarlett Johansson,NaN
31,232,1,1,S_Lure_121.bmp,Mecca,NaN
31,233,1,1,F_Lure_35.bmp,Nikola Sarkozy,NaN
31,234,1,1,S_Image_138.bmp,Stonehenge,NaN
31,235,1,1,S_Lure_138.bmp,Stonehenge,NaN
31,236,1,1,S_Lure_98.bmp,Alcatraz,NaN
31,237,1,1,S_Image_125.bmp,Mount Rushmore,NaN
31,238,1,1,S_Lure_107.bmp,Colosseum,NaN
31,239,1,1,S_Image_108.bmp,Dover Cliffs,NaN
31,240,1,1,F_Image_31.bmp,Michael Jackson,NaN
31,241,1,1,F_Lure_15.bmp,Fidel Castro,NaN
31,242,1,1,O_Image_51.bmp,Basket,NaN
31,243,1,1,O_Lure_53.bmp,Belt,NaN
31,244,1,1,S_Lure_108.bmp,Dover Cliffs,NaN
31,245,1,1,F_Lure_30.bmp,Meryl Streep,NaN
31,246,1,1,F_Image_1.bmp,Albert Einstein,NaN
31,247,1,1,O_Image_74.bmp,Mirror,NaN
31,248,1,1,F_Lure_29.bmp,Marilyn Monroe,NaN
31,249,1,1,O_Lure_77.bmp,Radio,NaN
31,250,1,1,S_Lure_144.bmp,White House,NaN
31,251,1,1,F_Image_29.bmp,Marilyn Monroe,NaN
31,252,1,1,S_Lure_129.bmp,Petra,NaN
31,253,1,1,O_Image_60.bmp,Flask,NaN
31,254,1,1,F_Lure_44.bmp,Tom Hanks,NaN
31,255,1,1,S_Lure_130.bmp,Potala Palace,NaN
31,256,1,1,F_Image_39.bmp,Robbie Williams,NaN
31,257,1,1,O_Image_71.bmp,Ladder,NaN
31,258,1,1,O_Lure_63.bmp,Globe,NaN
31,259,1,1,F_Image_28.bmp,Margaret Thatcher,NaN
31,260,1,1,O_Lure_61.bmp,Football,NaN
31,261,1,1,F_Image_9.bmp,Charlie Chaplin,NaN
31,262,1,1,F_Image_37.bmp,Pierce Brosnan,NaN
31,263,1,1,F_Image_47.bmp,Whoopi Goldberg,NaN
31,264,1,1,F_Lure_31.bmp,Michael Jackson,NaN
31,265,1,1,S_Image_123.bmp,Mount Everest,NaN
31,266,1,1,O_Lure_50.bmp,Barbecue,NaN
31,267,1,1,S_Image_124.bmp,Mount Fuji,NaN
31,268,1,1,O_Lure_60.bmp,Flask,NaN
31,269,1,1,O_Image_92.bmp,Trophy,NaN
31,270,1,1,O_Lure_62.bmp,FryingPan,NaN
31,271,1,1,S_Image_134.bmp,Sagrada Familia,NaN
31,272,1,1,S_Lure_127.bmp,Niagara Falls,NaN
31,273,1,1,F_Image_2.bmp,Amy Winehouse,NaN
31,274,1,1,S_Image_133.bmp,Rialto Bridge,NaN
31,275,1,1,F_Lure_26.bmp,Madonna,NaN
31,276,1,1,O_Image_89.bmp,Teddybear,NaN
31,277,1,1,F_Image_13.bmp,Elton John,NaN
31,278,1,1,O_Lure_67.bmp,Hammock,NaN
31,279,1,1,F_Image_16.bmp,George Bush,NaN
31,280,1,1,O_Lure_70.bmp,Key,NaN
31,281,1,1,S_Image_117.bmp,Kings College,NaN
31,282,1,1,O_Lure_74.bmp,Mirror,NaN
31,283,1,1,F_Image_23.bmp,Julia Roberts,NaN
31,284,1,1,S_Lure_137.bmp,Statue Of Liberty,NaN
31,285,1,1,F_Lure_32.bmp,Mick Jagger,NaN
31,286,1,1,S_Lure_110.bmp,Forbidden City,NaN
31,287,1,1,O_Image_59.bmp,Fan,NaN
31,288,1,1,O_Image_69.bmp,Headphones,NaN
31,289,1,1,S_Image_120.bmp,Machu Picchu,NaN
31,290,1,1,F_Image_14.bmp,Elvis Presley,NaN
31,291,1,1,S_Image_110.bmp,Forbidden City,NaN
31,292,1,1,F_Lure_23.bmp,Julia Roberts,NaN
31,293,1,1,S_Lure_124.bmp,Mount Fuji,NaN
31,294,1,1,S_Lure_101.bmp,Atomium,NaN
31,295,1,1,S_Image_99.bmp,Alhambra,NaN
31,296,1,1,S_Image_132.bmp,Red Square,NaN
31,297,1,1,S_Image_102.bmp,Ayers Rock,NaN
31,298,1,1,S_Lure_119.bmp,Louvre,NaN
31,299,1,1,F_Lure_39.bmp,Robbie Williams,NaN
31,300,1,1,F_Lure_8.bmp,Cameron Diaz,NaN
31,301,1,1,O_Image_84.bmp,Skirt,NaN
31,302,1,1,F_Image_43.bmp,Tom Cruise,NaN
31,303,1,1,S_Lure_123.bmp,Mount Everest,NaN
31,304,1,1,F_Image_19.bmp,James Dean,NaN
31,305,1,1,S_Image_136.bmp,Sistine Chapel,NaN
31,306,1,1,F_Image_36.bmp,Penelope Cruz,NaN
31,307,1,1,F_Image_21.bmp,John Lennon,NaN
31,308,1,1,O_Image_50.bmp,Barbecue,NaN
31,309,1,1,F_Lure_22.bmp,Judi Dench,NaN
31,310,1,1,F_Lure_19.bmp,James Dean,NaN
31,311,1,1,S_Lure_133.bmp,Rialto Bridge,NaN
31,312,1,1,F_Image_10.bmp,Dalai Lama,NaN
31,313,1,1,S_Lure_132.bmp,Red Square,NaN
31,314,1,1,F_Lure_6.bmp,Brad Pitt,NaN
31,315,1,1,S_Lure_111.bmp,Gizeh Pyramids,NaN
31,316,1,1,S_Image_142.bmp,Tower Bridge,NaN
31,317,1,1,S_Lure_131.bmp,Rapa Nui,NaN
31,318,1,1,F_Lure_37.bmp,Pierce Brosnan,NaN
31,319,1,1,S_Image_129.bmp,Petra,NaN
31,320,1,1,S_Lure_136.bmp,Sistine Chapel,NaN
31,321,1,1,S_Image_135.bmp,Sahara Desert,NaN
31,322,1,1,S_Lure_139.bmp,Sydney Opera,NaN
31,323,1,1,F_Image_25.bmp,Leonardo DiCaprio,NaN
31,324,1,1,F_Image_41.bmp,Rod Steward,NaN
31,325,1,1,F_Image_15.bmp,Fidel Castro,NaN
31,326,1,1,F_Image_26.bmp,Madonna,NaN
31,327,1,1,F_Image_20.bmp,Jennifer Lopez,NaN
31,328,1,1,S_Image_131.bmp,Rapa Nui,NaN
31,329,1,1,S_Lure_115.bmp,Hagia Sophia,NaN
31,330,1,1,S_Image_97.bmp,Akropolis,NaN
31,331,1,1,F_Lure_12.bmp,David Beckham,NaN
31,332,1,1,S_Image_130.bmp,Potala Palace,NaN
31,333,1,1,S_Lure_99.bmp,Alhambra,NaN
31,334,1,1,F_Image_44.bmp,Tom Hanks,NaN
31,335,1,1,S_Lure_125.bmp,Mount Rushmore,NaN
31,336,1,1,S_Lure_100.bmp,Angkor Wat,NaN
31,337,1,1,F_Lure_3.bmp,Angela Merkel,NaN
31,338,1,1,O_Image_67.bmp,Hammock,NaN
31,339,1,1,S_Lure_134.bmp,Sagrada Familia,NaN
31,340,1,1,F_Image_45.bmp,Tony Blair,NaN
31,341,1,1,O_Lure_78.bmp,Razor,NaN
31,342,1,1,F_Lure_47.bmp,Whoopi Goldberg,NaN
31,343,1,1,O_Lure_65.bmp,GrandPiano,NaN
31,344,1,1,S_Image_103.bmp,Big Ben,NaN
31,345,1,1,S_Lure_143.bmp,Versailles,NaN
31,346,1,1,S_Lure_104.bmp,Brandenburg Gate,NaN
31,347,1,1,O_Lure_88.bmp,Suitcase,NaN
31,348,1,1,F_Lure_41.bmp,Rod Steward,NaN
31,349,1,1,S_Lure_142.bmp,Tower Bridge,NaN
31,350,1,1,S_Image_106.bmp,Christ The Redeemer,NaN
31,351,1,1,F_Lure_20.bmp,Jennifer Lopez,NaN
31,352,1,1,F_Lure_2.bmp,Amy Winehouse,NaN
31,353,1,1,O_Lure_58.bmp,Canoe,NaN
31,354,1,1,S_Lure_128.bmp,Notre Dame,NaN
31,355,1,1,S_Image_104.bmp,Brandenburg Gate,NaN
31,356,1,1,S_Image_100.bmp,Angkor Wat,NaN
31,357,1,1,F_Lure_43.bmp,Tom Cruise,NaN
31,358,1,1,S_Image_105.bmp,Chichen Itza,NaN
31,359,1,1,S_Image_107.bmp,Colosseum,NaN
31,360,1,1,F_Image_48.bmp,Will Smith,NaN
31,361,1,1,F_Lure_7.bmp,Britney Spears,NaN
31,362,1,1,F_Image_24.bmp,Keanu Reeves,NaN
31,363,1,1,F_Lure_11.bmp,Daniel Radcliffe,NaN
31,364,1,1,F_Image_32.bmp,Mick Jagger,NaN
31,365,1,1,F_Lure_17.bmp,George Clooney,NaN
31,366,1,1,F_Lure_46.bmp,Wayne Rooney,NaN
31,367,1,1,F_Lure_13.bmp,Elton John,NaN
31,368,1,1,F_Lure_45.bmp,Tony Blair,NaN
31,369,1,1,F_Lure_28.bmp,Margaret Thatcher,NaN
31,370,1,1,F_Lure_42.bmp,Scarlett Johansson,NaN
31,371,1,1,S_Image_128.bmp,Notre Dame,NaN
31,372,1,1,O_Lure_73.bmp,Microscope,NaN
31,373,1,1,S_Image_121.bmp,Mecca,NaN
31,374,1,1,F_Lure_5.bmp,Bill Clinton,NaN
31,375,1,1,S_Lure_126.bmp,Neu schwanstein Castle,NaN
31,376,1,1,F_Image_6.bmp,Brad Pitt,NaN
31,377,1,1,S_Image_115.bmp,Hagia Sophia,NaN
31,378,1,1,F_Lure_1.bmp,Albert Einstein,NaN
31,379,1,1,S_Lure_117.bmp,Kings College,NaN
31,380,1,1,S_Lure_113.bmp,Grand Canyon,NaN
31,381,1,1,S_Lure_105.bmp,Chichen Itza,NaN
31,382,1,1,S_Lure_122.bmp,Mont Saint Michel,NaN
31,383,1,1,S_Lure_141.bmp,Time Square,NaN
31,384,1,1,F_Image_34.bmp,Nelson Mandela,NaN
31,385,1,1,S_Image_98.bmp,Alcatraz,NaN
31,386,1,1,F_Image_35.bmp,Nikola Sarkozy,NaN
31,387,1,1,S_Image_122.bmp,Mont Saint Michel,NaN
31,388,1,1,S_Image_126.bmp,Neu schwanstein Castle,NaN
31,389,1,1,F_Image_40.bmp,Robert De Niro,NaN
31,390,1,1,S_Lure_106.bmp,Christ The Redeemer,NaN
31,391,1,1,O_Image_77.bmp,Radio,NaN
31,392,1,1,F_Lure_25.bmp,Leonardo DiCaprio,NaN
31,393,1,1,S_Lure_120.bmp,Machu Picchu,NaN
31,394,1,1,F_Lure_24.bmp,Keanu Reeves,NaN
31,395,1,1,F_Image_30.bmp,Meryl Streep,NaN
31,396,1,1,S_Image_111.bmp,Gizeh Pyramids,NaN
31,397,1,1,F_Image_17.bmp,George Clooney,NaN
31,398,1,1,O_Image_62.bmp,FryingPan,NaN
31,399,1,1,F_Image_33.bmp,Mother Teresa,NaN
31,400,1,1,S_Lure_97.bmp,Akropolis,NaN
31,401,1,1,S_Lure_102.bmp,Ayers Rock,NaN
31,402,1,1,F_Image_3.bmp,Angela Merkel,NaN
31,403,1,1,F_Image_22.bmp,Judi Dench,NaN
31,404,1,1,F_Image_46.bmp,Wayne Rooney,NaN
31,405,1,1,F_Lure_16.bmp,George Bush,NaN
31,406,1,1,F_Lure_40.bmp,Robert De Niro,NaN
31,407,1,1,F_Lure_36.bmp,Penelope Cruz,NaN
31,408,1,1,F_Image_8.bmp,Cameron Diaz,NaN
31,409,1,1,F_Image_42.bmp,Scarlett Johansson,NaN
31,410,1,1,S_Lure_121.bmp,Mecca,NaN
31,411,1,1,S_Image_138.bmp,Stonehenge,NaN
31,412,1,1,S_Image_108.bmp,Dover Cliffs,NaN
31,413,1,1,F_Lure_15.bmp,Fidel Castro,NaN
31,414,1,1,S_Lure_108.bmp,Dover Cliffs,NaN
31,415,1,1,F_Lure_30.bmp,Meryl Streep,NaN
31,416,1,1,F_Lure_29.bmp,Marilyn Monroe,NaN
31,417,1,1,F_Image_29.bmp,Marilyn Monroe,NaN
31,418,1,1,S_Lure_129.bmp,Petra,NaN
31,419,1,1,O_Image_60.bmp,Flask,NaN
31,420,1,1,F_Lure_44.bmp,Tom Hanks,NaN
31,421,1,1,S_Lure_130.bmp,Potala Palace,NaN
31,422,1,1,F_Image_39.bmp,Robbie Williams,NaN
31,423,1,1,F_Image_28.bmp,Margaret Thatcher,NaN
31,424,1,1,F_Image_37.bmp,Pierce Brosnan,NaN
31,425,1,1,F_Lure_31.bmp,Michael Jackson,NaN
31,426,1,1,S_Image_123.bmp,Mount Everest,NaN
31,427,1,1,S_Image_124.bmp,Mount Fuji,NaN
31,428,1,1,S_Image_134.bmp,Sagrada Familia,NaN
31,429,1,1,S_Lure_127.bmp,Niagara Falls,NaN
31,430,1,1,F_Image_2.bmp,Amy Winehouse,NaN
31,431,1,1,S_Image_133.bmp,Rialto Bridge,NaN
31,432,1,1,F_Lure_26.bmp,Madonna,NaN
31,433,1,1,F_Image_13.bmp,Elton John,NaN
31,434,1,1,F_Image_16.bmp,George Bush,NaN
31,435,1,1,S_Image_117.bmp,Kings College,NaN
31,436,1,1,F_Image_23.bmp,Julia Roberts,NaN
31,437,1,1,S_Lure_110.bmp,Forbidden City,NaN
31,438,1.5,1,F_Image_24.bmp,Keanu Reeves,breakfast
31,439,1.5,1,F_Image_44.bmp,Tom Hanks,costume
31,440,1.5,1,F_Image_1.bmp,Albert Einstein,tear
31,441,1.5,1,S_Image_122.bmp,Mont Saint Michel,scar
31,442,1.5,1,S_Image_120.bmp,Machu Picchu,alcohol
31,443,1.5,1,F_Image_40.bmp,Robert De Niro,hurricane
31,444,1.5,1,O_Image_58.bmp,Canoe,money
31,445,1.5,1,S_Image_121.bmp,Mecca,paper
31,446,1.5,1,O_Image_78.bmp,Razor,hostage
31,447,1.5,1,S_Image_102.bmp,Ayers Rock,marble
31,448,1.5,1,O_Image_64.bmp,Goggles,vegetable
31,449,1.5,1,O_Image_92.bmp,Trophy,shadow
31,450,1.5,1,O_Image_65.bmp,GrandPiano,magnet
31,451,1.5,1,F_Image_29.bmp,Marilyn Monroe,arch
31,452,1.5,1,O_Image_79.bmp,Remote Control,alien
31,453,1.5,1,O_Image_55.bmp,Binoculars,stripe
31,454,1.5,1,F_Image_3.bmp,Angela Merkel,sweat
31,455,1.5,1,O_Image_86.bmp,Soother,shell
31,456,1.5,1,F_Image_13.bmp,Elton John,rock
31,457,1.5,1,S_Image_135.bmp,Sahara Desert,harem
31,458,1.5,1,S_Image_129.bmp,Petra,lever
31,459,1.5,1,O_Image_94.bmp,Watch,bubble
31,460,1.5,1,O_Image_80.bmp,Rope,antique
31,461,1.5,1,F_Image_34.bmp,Nelson Mandela,wound
31,462,2,1,O_Image_86.bmp-O_Lure_86.bmp,Soother,shell
31,463,2,1,F_Image_13.bmp-F_Lure_13.bmp,Elton John,rock
31,464,2,1,O_Image_65.bmp-O_Lure_65.bmp,GrandPiano,magnet
31,465,2,1,F_Image_40.bmp-F_Lure_40.bmp,Robert De Niro,hurricane
31,466,2,1,O_Image_64.bmp-O_Lure_64.bmp,Goggles,vegetable
31,467,2,1,O_Image_58.bmp-O_Lure_58.bmp,Canoe,money
31,468,2,1,F_Image_3.bmp-F_Lure_3.bmp,Angela Merkel,sweat
31,469,2,1,O_Image_94.bmp-O_Lure_94.bmp,Watch,bubble
31,470,2,1,F_Image_1.bmp-F_Lure_1.bmp,Albert Einstein,tear
31,471,2,1,F_Image_44.bmp-F_Lure_44.bmp,Tom Hanks,costume
31,472,2,1,F_Image_24.bmp-F_Lure_24.bmp,Keanu Reeves,breakfast
31,473,2,1,O_Image_55.bmp-O_Lure_55.bmp,Binoculars,stripe
31,474,2,1,F_Image_34.bmp-F_Lure_34.bmp,Nelson Mandela,wound
31,475,2,1,S_Image_121.bmp-S_Lure_121.bmp,Mecca,paper
31,476,2,1,S_Image_122.bmp-S_Lure_122.bmp,Mont Saint Michel,scar
31,477,2,1,O_Image_80.bmp-O_Lure_80.bmp,Rope,antique
31,478,2,1,O_Image_78.bmp-O_Lure_78.bmp,Razor,hostage
31,479,2,1,O_Image_92.bmp-O_Lure_92.bmp,Trophy,shadow
31,480,2,1,S_Image_135.bmp-S_Lure_135.bmp,Sahara Desert,harem
31,481,2,1,S_Image_129.bmp-S_Lure_129.bmp,Petra,lever
31,482,2,1,S_Image_102.bmp-S_Lure_102.bmp,Ayers Rock,marble
31,483,2,1,S_Image_120.bmp-S_Lure_120.bmp,Machu Picchu,alcohol
31,484,2,1,F_Image_29.bmp-F_Lure_29.bmp,Marilyn Monroe,arch
31,485,2,1,O_Image_79.bmp-O_Lure_79.bmp,Remote Control,alien
31,486,3,1,S_Image_102.bmp-S_Lure_102.bmp,Ayers Rock,marble
31,487,3,1,F_Image_34.bmp-F_Lure_34.bmp,Nelson Mandela,wound
31,488,3,1,S_Image_129.bmp-S_Lure_129.bmp,Petra,lever
31,489,3,1,S_Image_122.bmp-S_Lure_122.bmp,Mont Saint Michel,scar
31,490,3,1,O_Image_64.bmp-O_Lure_64.bmp,Goggles,vegetable
31,491,3,1,F_Image_29.bmp-F_Lure_29.bmp,Marilyn Monroe,arch
31,492,3,1,F_Image_40.bmp-F_Lure_40.bmp,Robert De Niro,hurricane
31,493,3,1,O_Image_80.bmp-O_Lure_80.bmp,Rope,antique
31,494,3,1,S_Image_120.bmp-S_Lure_120.bmp,Machu Picchu,alcohol
31,495,3,1,F_Image_44.bmp-F_Lure_44.bmp,Tom Hanks,costume
31,496,3,1,S_Image_135.bmp-S_Lure_135.bmp,Sahara Desert,harem
31,497,3,1,O_Image_86.bmp-O_Lure_86.bmp,Soother,shell
31,498,3,1,S_Image_121.bmp-S_Lure_121.bmp,Mecca,paper
31,499,3,1,O_Image_65.bmp-O_Lure_65.bmp,GrandPiano,magnet
31,500,3,1,F_Image_3.bmp-F_Lure_3.bmp,Angela Merkel,sweat
31,501,3,1,O_Image_55.bmp-O_Lure_55.bmp,Binoculars,stripe
31,502,3,1,O_Image_94.bmp-O_Lure_94.bmp,Watch,bubble
31,503,3,1,O_Image_92.bmp-O_Lure_92.bmp,Trophy,shadow
31,504,3,1,F_Image_13.bmp-F_Lure_13.bmp,Elton John,rock
31,505,3,1,O_Image_78.bmp-O_Lure_78.bmp,Razor,hostage
31,506,3,1,O_Image_79.bmp-O_Lure_79.bmp,Remote Control,alien
31,507,3,1,O_Image_58.bmp-O_Lure_58.bmp,Canoe,money
31,508,3,1,F_Image_1.bmp-F_Lure_1.bmp,Albert Einstein,tear
31,509,3,1,F_Image_24.bmp-F_Lure_24.bmp,Keanu Reeves,breakfast
31,510,1.5,2,O_Image_68.bmp,Hat,fuel
31,511,1.5,2,F_Image_35.bmp,Nikola Sarkozy,water
31,512,1.5,2,F_Image_8.bmp,Cameron Diaz,tourist
31,513,1.5,2,S_Image_140.bmp,Taj Mahal,steam
31,514,1.5,2,O_Image_95.bmp,Wheelchair,flood
31,515,1.5,2,O_Image_72.bmp,Lightbulb,signal
31,516,1.5,2,F_Image_10.bmp,Dalai Lama,angel
31,517,1.5,2,F_Image_2.bmp,Amy Winehouse,wool
31,518,1.5,2,O_Image_81.bmp,Scale,spray
31,519,1.5,2,O_Image_60.bmp,Flask,giant
31,520,1.5,2,S_Image_100.bmp,Angkor Wat,stem
31,521,1.5,2,F_Image_17.bmp,George Clooney,board
31,522,1.5,2,S_Image_134.bmp,Sagrada Familia,black
31,523,1.5,2,S_Image_110.bmp,Forbidden City,slope
31,524,1.5,2,F_Image_19.bmp,James Dean,quake
31,525,1.5,2,S_Image_142.bmp,Tower Bridge,honeymoon
31,526,1.5,2,F_Image_33.bmp,Mother Teresa,spike
31,527,1.5,2,O_Image_70.bmp,Key,tube
31,528,1.5,2,S_Image_98.bmp,Alcatraz,triangle
31,529,1.5,2,S_Image_133.bmp,Rialto Bridge,yellow
31,530,1.5,2,O_Image_54.bmp,Bicycle,sand
31,531,1.5,2,O_Image_61.bmp,Football,orchestra
31,532,1.5,2,S_Image_124.bmp,Mount Fuji,poison
31,533,1.5,2,S_Image_112.bmp,Golden Gate Bridge,galaxy
31,534,2,2,O_Image_60.bmp-O_Lure_60.bmp,Flask,giant
31,535,2,2,F_Image_10.bmp-F_Lure_10.bmp,Dalai Lama,angel
31,536,2,2,S_Image_140.bmp-S_Lure_140.bmp,Taj Mahal,steam
31,537,2,2,S_Image_98.bmp-S_Lure_98.bmp,Alcatraz,triangle
31,538,2,2,O_Image_81.bmp-O_Lure_81.bmp,Scale,spray
31,539,2,2,O_Image_68.bmp-O_Lure_68.bmp,Hat,fuel
31,540,2,2,O_Image_95.bmp-O_Lure_95.bmp,Wheelchair,flood
31,541,2,2,O_Image_72.bmp-O_Lure_72.bmp,Lightbulb,signal
31,542,2,2,O_Image_54.bmp-O_Lure_54.bmp,Bicycle,sand
31,543,2,2,O_Image_70.bmp-O_Lure_70.bmp,Key,tube
31,544,2,2,S_Image_124.bmp-S_Lure_124.bmp,Mount Fuji,poison
31,545,2,2,S_Image_110.bmp-S_Lure_110.bmp,Forbidden City,slope
31,546,2,2,S_Image_112.bmp-S_Lure_112.bmp,Golden Gate Bridge,galaxy
31,547,2,2,F_Image_17.bmp-F_Lure_17.bmp,George Clooney,board
31,548,2,2,F_Image_35.bmp-F_Lure_35.bmp,Nikola Sarkozy,water
31,549,2,2,O_Image_61.bmp-O_Lure_61.bmp,Football,orchestra
31,550,2,2,S_Image_142.bmp-S_Lure_142.bmp,Tower Bridge,honeymoon
31,551,2,2,F_Image_8.bmp-F_Lure_8.bmp,Cameron Diaz,tourist
31,552,2,2,S_Image_100.bmp-S_Lure_100.bmp,Angkor Wat,stem
31,553,2,2,S_Image_133.bmp-S_Lure_133.bmp,Rialto Bridge,yellow
31,554,2,2,F_Image_19.bmp-F_Lure_19.bmp,James Dean,quake
31,555,2,2,S_Image_134.bmp-S_Lure_134.bmp,Sagrada Familia,black
31,556,2,2,F_Image_33.bmp-F_Lure_33.bmp,Mother Teresa,spike
31,557,2,2,F_Image_2.bmp-F_Lure_2.bmp,Amy Winehouse,wool
31,558,3,2,O_Image_95.bmp-O_Lure_95.bmp,Wheelchair,flood
31,559,3,2,S_Image_124.bmp-S_Lure_124.bmp,Mount Fuji,poison
31,560,3,2,O_Image_54.bmp-O_Lure_54.bmp,Bicycle,sand
31,561,3,2,O_Image_72.bmp-O_Lure_72.bmp,Lightbulb,signal
31,562,3,2,S_Image_142.bmp-S_Lure_142.bmp,Tower Bridge,honeymoon
31,563,3,2,F_Image_2.bmp-F_Lure_2.bmp,Amy Winehouse,wool
31,564,3,2,S_Image_112.bmp-S_Lure_112.bmp,Golden Gate Bridge,galaxy
31,565,3,2,S_Image_134.bmp-S_Lure_134.bmp,Sagrada Familia,black
31,566,3,2,S_Image_140.bmp-S_Lure_140.bmp,Taj Mahal,steam
31,567,3,2,O_Image_70.bmp-O_Lure_70.bmp,Key,tube
31,568,3,2,F_Image_8.bmp-F_Lure_8.bmp,Cameron Diaz,tourist
31,569,3,2,F_Image_33.bmp-F_Lure_33.bmp,Mother Teresa,spike
31,570,3,2,S_Image_133.bmp-S_Lure_133.bmp,Rialto Bridge,yellow
31,571,3,2,O_Image_81.bmp-O_Lure_81.bmp,Scale,spray
31,572,3,2,F_Image_17.bmp-F_Lure_17.bmp,George Clooney,board
31,573,3,2,F_Image_10.bmp-F_Lure_10.bmp,Dalai Lama,angel
31,574,3,2,F_Image_19.bmp-F_Lure_19.bmp,James Dean,quake
31,575,3,2,S_Image_100.bmp-S_Lure_100.bmp,Angkor Wat,stem
31,576,3,2,O_Image_61.bmp-O_Lure_61.bmp,Football,orchestra
31,577,3,2,S_Image_110.bmp-S_Lure_110.bmp,Forbidden City,slope
31,578,3,2,F_Image_35.bmp-F_Lure_35.bmp,Nikola Sarkozy,water
31,579,3,2,S_Image_98.bmp-S_Lure_98.bmp,Alcatraz,triangle
31,580,3,2,O_Image_68.bmp-O_Lure_68.bmp,Hat,fuel
31,581,3,2,O_Image_60.bmp-O_Lure_60.bmp,Flask,giant
31,582,1.5,3,O_Image_93.bmp,Umbrella,cloud
31,583,1.5,3,S_Image_113.bmp,Grand Canyon,drizzle
31,584,1.5,3,O_Image_83.bmp,Shoe,attack
31,585,1.5,3,F_Image_46.bmp,Wayne Rooney,laundry
31,586,1.5,3,S_Image_104.bmp,Brandenburg Gate,corner
31,587,1.5,3,F_Image_9.bmp,Charlie Chaplin,sunshine
31,588,1.5,3,F_Image_26.bmp,Madonna,cone
31,589,1.5,3,O_Image_50.bmp,Barbecue,seed
31,590,1.5,3,F_Image_16.bmp,George Bush,fire
31,591,1.5,3,S_Image_139.bmp,Sydney Opera,wreck
31,592,1.5,3,S_Image_106.bmp,Christ The Redeemer,witch
31,593,1.5,3,S_Image_127.bmp,Niagara Falls,crumb
31,594,1.5,3,F_Image_4.bmp,Barack Obama,corpse
31,595,1.5,3,S_Image_101.bmp,Atomium,measles
31,596,1.5,3,S_Image_103.bmp,Big Ben,asphalt
31,597,1.5,3,F_Image_11.bmp,Daniel Radcliffe,ghost
31,598,1.5,3,O_Image_52.bmp,Bed,animal
31,599,1.5,3,O_Image_66.bmp,Guitar,rust
31,600,1.5,3,F_Image_38.bmp,Queen Elisabeth,menu
31,601,1.5,3,S_Image_137.bmp,Statue Of Liberty,army
31,602,1.5,3,F_Image_23.bmp,Julia Roberts,kiss
31,603,1.5,3,O_Image_84.bmp,Skirt,arrow
31,604,1.5,3,S_Image_126.bmp,Neu schwanstein Castle,snow
31,605,1.5,3,F_Image_30.bmp,Meryl Streep,tail
31,606,2,3,F_Image_26.bmp-F_Lure_26.bmp,Madonna,cone
31,607,2,3,O_Image_50.bmp-O_Lure_50.bmp,Barbecue,seed
31,608,2,3,O_Image_93.bmp-O_Lure_93.bmp,Umbrella,cloud
31,609,2,3,S_Image_137.bmp-S_Lure_137.bmp,Statue Of Liberty,army
31,610,2,3,F_Image_23.bmp-F_Lure_23.bmp,Julia Roberts,kiss
31,611,2,3,S_Image_106.bmp-S_Lure_106.bmp,Christ The Redeemer,witch
31,612,2,3,O_Image_84.bmp-O_Lure_84.bmp,Skirt,arrow
31,613,2,3,F_Image_9.bmp-F_Lure_9.bmp,Charlie Chaplin,sunshine
31,614,2,3,F_Image_38.bmp-F_Lure_38.bmp,Queen Elisabeth,menu
31,615,2,3,O_Image_66.bmp-O_Lure_66.bmp,Guitar,rust
31,616,2,3,F_Image_4.bmp-F_Lure_4.bmp,Barack Obama,corpse
31,617,2,3,F_Image_16.bmp-F_Lure_16.bmp,George Bush,fire
31,618,2,3,O_Image_52.bmp-O_Lure_52.bmp,Bed,animal
31,619,2,3,F_Image_11.bmp-F_Lure_11.bmp,Daniel Radcliffe,ghost
31,620,2,3,S_Image_101.bmp-S_Lure_101.bmp,Atomium,measles
31,621,2,3,O_Image_83.bmp-O_Lure_83.bmp,Shoe,attack
31,622,2,3,S_Image_113.bmp-S_Lure_113.bmp,Grand Canyon,drizzle
31,623,2,3,S_Image_103.bmp-S_Lure_103.bmp,Big Ben,asphalt
31,624,2,3,F_Image_30.bmp-F_Lure_30.bmp,Meryl Streep,tail
31,625,2,3,S_Image_127.bmp-S_Lure_127.bmp,Niagara Falls,crumb
31,626,2,3,F_Image_46.bmp-F_Lure_46.bmp,Wayne Rooney,laundry
31,627,2,3,S_Image_126.bmp-S_Lure_126.bmp,Neu schwanstein Castle,snow
31,628,2,3,S_Image_104.bmp-S_Lure_104.bmp,Brandenburg Gate,corner
31,629,2,3,S_Image_139.bmp-S_Lure_139.bmp,Sydney Opera,wreck
31,630,3,3,O_Image_66.bmp-O_Lure_66.bmp,Guitar,rust
31,631,3,3,O_Image_93.bmp-O_Lure_93.bmp,Umbrella,cloud
31,632,3,3,S_Image_137.bmp-S_Lure_137.bmp,Statue Of Liberty,army
31,633,3,3,F_Image_16.bmp-F_Lure_16.bmp,George Bush,fire
31,634,3,3,S_Image_104.bmp-S_Lure_104.bmp,Brandenburg Gate,corner
31,635,3,3,O_Image_50.bmp-O_Lure_50.bmp,Barbecue,seed
31,636,3,3,O_Image_52.bmp-O_Lure_52.bmp,Bed,animal
31,637,3,3,F_Image_11.bmp-F_Lure_11.bmp,Daniel Radcliffe,ghost
31,638,3,3,S_Image_126.bmp-S_Lure_126.bmp,Neu schwanstein Castle,snow
31,639,3,3,S_Image_103.bmp-S_Lure_103.bmp,Big Ben,asphalt
31,640,3,3,S_Image_127.bmp-S_Lure_127.bmp,Niagara Falls,crumb
31,641,3,3,S_Image_139.bmp-S_Lure_139.bmp,Sydney Opera,wreck
31,642,3,3,F_Image_4.bmp-F_Lure_4.bmp,Barack Obama,corpse
31,643,3,3,F_Image_23.bmp-F_Lure_23.bmp,Julia Roberts,kiss
31,644,3,3,F_Image_38.bmp-F_Lure_38.bmp,Queen Elisabeth,menu
31,645,3,3,O_Image_83.bmp-O_Lure_83.bmp,Shoe,attack
31,646,3,3,S_Image_101.bmp-S_Lure_101.bmp,Atomium,measles
31,647,3,3,F_Image_30.bmp-F_Lure_30.bmp,Meryl Streep,tail
31,648,3,3,F_Image_46.bmp-F_Lure_46.bmp,Wayne Rooney,laundry
31,649,3,3,S_Image_106.bmp-S_Lure_106.bmp,Christ The Redeemer,witch
31,650,3,3,S_Image_113.bmp-S_Lure_113.bmp,Grand Canyon,drizzle
31,651,3,3,F_Image_26.bmp-F_Lure_26.bmp,Madonna,cone
31,652,3,3,O_Image_84.bmp-O_Lure_84.bmp,Skirt,arrow
31,653,3,3,F_Image_9.bmp-F_Lure_9.bmp,Charlie Chaplin,sunshine
31,654,3.5,1,F_Image_12.bmp,David Beckham,snow
31,655,3.5,1,S_Image_136.bmp,Sistine Chapel,corpse
31,656,3.5,1,F_Image_27.bmp,Mahadma Gandhi,poison
31,657,3.5,1,O_Image_73.bmp,Microscope,lever
31,658,3.5,1,O_Image_67.bmp,Hammock,corner
31,659,3.5,1,F_Image_43.bmp,Tom Cruise,attack
31,660,3.5,1,O_Image_74.bmp,Mirror,menu
31,661,3.5,1,O_Image_96.bmp,Wineglass,fire
31,662,3.5,1,S_Image_117.bmp,Kings College,money
31,663,3.5,1,F_Image_18.bmp,Jack Nicholson,honeymoon
31,664,3.5,1,O_Image_59.bmp,Fan,measles
31,665,3.5,1,S_Image_119.bmp,Louvre,costume
31,666,3.5,1,O_Image_53.bmp,Belt,harem
31,667,3.5,1,O_Image_91.bmp,Torch,ghost
31,668,3.5,1,F_Image_5.bmp,Bill Clinton,paper
31,669,3.5,1,S_Image_111.bmp,Gizeh Pyramids,signal
31,670,3.5,1,F_Image_32.bmp,Mick Jagger,shadow
31,671,3.5,1,F_Image_14.bmp,Elvis Presley,triangle
31,672,3.5,1,S_Image_125.bmp,Mount Rushmore,cone
31,673,3.5,1,O_Image_63.bmp,Globe,alcohol
31,674,3.5,1,F_Image_7.bmp,Britney Spears,drizzle
31,675,3.5,1,F_Image_6.bmp,Brad Pitt,scar
31,676,3.5,1,F_Image_21.bmp,John Lennon,galaxy
31,677,3.5,1,O_Image_77.bmp,Radio,angel
31,678,4,1,O_Image_91.bmp-O_Lure_91.bmp,Torch,ghost
31,679,4,1,O_Image_73.bmp-O_Lure_73.bmp,Microscope,lever
31,680,4,1,F_Image_27.bmp-F_Lure_27.bmp,Mahadma Gandhi,poison
31,681,4,1,S_Image_125.bmp-S_Lure_125.bmp,Mount Rushmore,cone
31,682,4,1,O_Image_96.bmp-O_Lure_96.bmp,Wineglass,fire
31,683,4,1,S_Image_119.bmp-S_Lure_119.bmp,Louvre,costume
31,684,4,1,F_Image_6.bmp-F_Lure_6.bmp,Brad Pitt,scar
31,685,4,1,O_Image_77.bmp-O_Lure_77.bmp,Radio,angel
31,686,4,1,F_Image_5.bmp-F_Lure_5.bmp,Bill Clinton,paper
31,687,4,1,F_Image_14.bmp-F_Lure_14.bmp,Elvis Presley,triangle
31,688,4,1,O_Image_59.bmp-O_Lure_59.bmp,Fan,measles
31,689,4,1,F_Image_12.bmp-F_Lure_12.bmp,David Beckham,snow
31,690,4,1,F_Image_7.bmp-F_Lure_7.bmp,Britney Spears,drizzle
31,691,4,1,S_Image_117.bmp-S_Lure_117.bmp,Kings College,money
31,692,4,1,S_Image_111.bmp-S_Lure_111.bmp,Gizeh Pyramids,signal
31,693,4,1,O_Image_74.bmp-O_Lure_74.bmp,Mirror,menu
31,694,4,1,O_Image_53.bmp-O_Lure_53.bmp,Belt,harem
31,695,4,1,O_Image_63.bmp-O_Lure_63.bmp,Globe,alcohol
31,696,4,1,F_Image_32.bmp-F_Lure_32.bmp,Mick Jagger,shadow
31,697,4,1,O_Image_67.bmp-O_Lure_67.bmp,Hammock,corner
31,698,4,1,F_Image_21.bmp-F_Lure_21.bmp,John Lennon,galaxy
31,699,4,1,F_Image_18.bmp-F_Lure_18.bmp,Jack Nicholson,honeymoon
31,700,4,1,F_Image_43.bmp-F_Lure_43.bmp,Tom Cruise,attack
31,701,4,1,S_Image_136.bmp-S_Lure_136.bmp,Sistine Chapel,corpse
31,702,3.5,2,S_Image_99.bmp,Alhambra,flood
31,703,3.5,2,S_Image_114.bmp,Great Wall,stripe
31,704,3.5,2,O_Image_89.bmp,Teddybear,wound
31,705,3.5,2,F_Image_15.bmp,Fidel Castro,asphalt
31,706,3.5,2,O_Image_57.bmp,Brush,stem
31,707,3.5,2,S_Image_131.bmp,Rapa Nui,breakfast
31,708,3.5,2,S_Image_105.bmp,Chichen Itza,seed
31,709,3.5,2,S_Image_109.bmp,Eiffel Tower,arrow
31,710,3.5,2,O_Image_88.bmp,Suitcase,laundry
31,711,3.5,2,O_Image_71.bmp,Ladder,army
31,712,3.5,2,O_Image_76.bmp,Pillows,water
31,713,3.5,2,O_Image_90.bmp,Telephone,wool
31,714,3.5,2,O_Image_69.bmp,Headphones,witch
31,715,3.5,2,S_Image_123.bmp,Mount Everest,kiss
31,716,3.5,2,O_Image_56.bmp,Broom,crumb
31,717,3.5,2,F_Image_28.bmp,Margaret Thatcher,cloud
31,718,3.5,2,O_Image_85.bmp,Sock,sunshine
31,719,3.5,2,F_Image_41.bmp,Rod Steward,hostage
31,720,3.5,2,F_Image_47.bmp,Whoopi Goldberg,alien
31,721,3.5,2,F_Image_37.bmp,Pierce Brosnan,sand
31,722,3.5,2,S_Image_97.bmp,Akropolis,giant
31,723,3.5,2,S_Image_116.bmp,Hollywood Sign,fuel
31,724,3.5,2,S_Image_138.bmp,Stonehenge,tail
31,725,3.5,2,S_Image_108.bmp,Dover Cliffs,vegetable
31,726,4,2,F_Image_47.bmp-F_Lure_47.bmp,Whoopi Goldberg,alien
31,727,4,2,S_Image_131.bmp-S_Lure_131.bmp,Rapa Nui,breakfast
31,728,4,2,S_Image_116.bmp-S_Lure_116.bmp,Hollywood Sign,fuel
31,729,4,2,O_Image_57.bmp-O_Lure_57.bmp,Brush,stem
31,730,4,2,O_Image_85.bmp-O_Lure_85.bmp,Sock,sunshine
31,731,4,2,O_Image_71.bmp-O_Lure_71.bmp,Ladder,army
31,732,4,2,F_Image_28.bmp-F_Lure_28.bmp,Margaret Thatcher,cloud
31,733,4,2,F_Image_15.bmp-F_Lure_15.bmp,Fidel Castro,asphalt
31,734,4,2,S_Image_109.bmp-S_Lure_109.bmp,Eiffel Tower,arrow
31,735,4,2,F_Image_37.bmp-F_Lure_37.bmp,Pierce Brosnan,sand
31,736,4,2,S_Image_105.bmp-S_Lure_105.bmp,Chichen Itza,seed
31,737,4,2,S_Image_97.bmp-S_Lure_97.bmp,Akropolis,giant
31,738,4,2,O_Image_89.bmp-O_Lure_89.bmp,Teddybear,wound
31,739,4,2,S_Image_108.bmp-S_Lure_108.bmp,Dover Cliffs,vegetable
31,740,4,2,F_Image_41.bmp-F_Lure_41.bmp,Rod Steward,hostage
31,741,4,2,S_Image_114.bmp-S_Lure_114.bmp,Great Wall,stripe
31,742,4,2,O_Image_88.bmp-O_Lure_88.bmp,Suitcase,laundry
31,743,4,2,O_Image_76.bmp-O_Lure_76.bmp,Pillows,water
31,744,4,2,S_Image_123.bmp-S_Lure_123.bmp,Mount Everest,kiss
31,745,4,2,O_Image_69.bmp-O_Lure_69.bmp,Headphones,witch
31,746,4,2,O_Image_56.bmp-O_Lure_56.bmp,Broom,crumb
31,747,4,2,S_Image_99.bmp-S_Lure_99.bmp,Alhambra,flood
31,748,4,2,S_Image_138.bmp-S_Lure_138.bmp,Stonehenge,tail
31,749,4,2,O_Image_90.bmp-O_Lure_90.bmp,Telephone,wool
31,750,3.5,3,F_Image_42.bmp,Scarlett Johansson,spray
31,751,3.5,3,S_Image_107.bmp,Colosseum,magnet
31,752,3.5,3,O_Image_75.bmp,Necklace,tourist
31,753,3.5,3,S_Image_118.bmp,Leaning Tower,antique
31,754,3.5,3,O_Image_82.bmp,Scissors,spike
31,755,3.5,3,O_Image_62.bmp,FryingPan,marble
31,756,3.5,3,S_Image_132.bmp,Red Square,board
31,757,3.5,3,S_Image_128.bmp,Notre Dame,rock
31,758,3.5,3,O_Image_49.bmp,Anchor,steam
31,759,3.5,3,F_Image_22.bmp,Judi Dench,yellow
31,760,3.5,3,S_Image_130.bmp,Potala Palace,arch
31,761,3.5,3,S_Image_141.bmp,Time Square,tear
31,762,3.5,3,F_Image_20.bmp,Jennifer Lopez,wreck
31,763,3.5,3,S_Image_115.bmp,Hagia Sophia,rust
31,764,3.5,3,S_Image_144.bmp,White House,hurricane
31,765,3.5,3,F_Image_31.bmp,Michael Jackson,bubble
31,766,3.5,3,F_Image_45.bmp,Tony Blair,orchestra
31,767,3.5,3,F_Image_36.bmp,Penelope Cruz,animal
31,768,3.5,3,F_Image_48.bmp,Will Smith,shell
31,769,3.5,3,S_Image_143.bmp,Versailles,sweat
31,770,3.5,3,F_Image_39.bmp,Robbie Williams,tube
31,771,3.5,3,O_Image_51.bmp,Basket,black
31,772,3.5,3,O_Image_87.bmp,Stapler,quake
31,773,3.5,3,F_Image_25.bmp,Leonardo DiCaprio,slope
31,774,4,3,S_Image_130.bmp-S_Lure_130.bmp,Potala Palace,arch
31,775,4,3,O_Image_51.bmp-O_Lure_51.bmp,Basket,black
31,776,4,3,O_Image_87.bmp-O_Lure_87.bmp,Stapler,quake
31,777,4,3,S_Image_107.bmp-S_Lure_107.bmp,Colosseum,magnet
31,778,4,3,F_Image_42.bmp-F_Lure_42.bmp,Scarlett Johansson,spray
31,779,4,3,F_Image_31.bmp-F_Lure_31.bmp,Michael Jackson,bubble
31,780,4,3,S_Image_128.bmp-S_Lure_128.bmp,Notre Dame,rock
31,781,4,3,O_Image_75.bmp-O_Lure_75.bmp,Necklace,tourist
31,782,4,3,F_Image_20.bmp-F_Lure_20.bmp,Jennifer Lopez,wreck
31,783,4,3,F_Image_36.bmp-F_Lure_36.bmp,Penelope Cruz,animal
31,784,4,3,S_Image_115.bmp-S_Lure_115.bmp,Hagia Sophia,rust
31,785,4,3,S_Image_143.bmp-S_Lure_143.bmp,Versailles,sweat
31,786,4,3,F_Image_25.bmp-F_Lure_25.bmp,Leonardo DiCaprio,slope
31,787,4,3,S_Image_118.bmp-S_Lure_118.bmp,Leaning Tower,antique
31,788,4,3,O_Image_49.bmp-O_Lure_49.bmp,Anchor,steam
31,789,4,3,F_Image_22.bmp-F_Lure_22.bmp,Judi Dench,yellow
31,790,4,3,F_Image_45.bmp-F_Lure_45.bmp,Tony Blair,orchestra
31,791,4,3,S_Image_144.bmp-S_Lure_144.bmp,White House,hurricane
31,792,4,3,S_Image_132.bmp-S_Lure_132.bmp,Red Square,board
31,793,4,3,F_Image_48.bmp-F_Lure_48.bmp,Will Smith,shell
31,794,4,3,O_Image_82.bmp-O_Lure_82.bmp,Scissors,spike
31,795,4,3,F_Image_39.bmp-F_Lure_39.bmp,Robbie Williams,tube
31,796,4,3,S_Image_141.bmp-S_Lure_141.bmp,Time Square,tear
31,797,4,3,O_Image_62.bmp-O_Lure_62.bmp,FryingPan,marble
31,798,5, 1 ,S_Image_120.bmp-O_Lure_63.bmp,Machu Picchu-Globe,alcohol
31,799,5, 1 ,F_Image_23.bmp-S_Lure_123.bmp,Julia Roberts-Mount Everest,kiss
31,800,5, 1 ,S_Image_120.bmp-O_Lure_63.bmp,Machu Picchu-Globe,alcohol
31,801,5, 1 ,O_Image_81.bmp-F_Lure_42.bmp,Scale-Scarlett Johansson,spray
31,802,5, 1 ,O_Image_65.bmp-S_Lure_107.bmp,GrandPiano-Colosseum,magnet
31,803,5, 1 ,O_Image_65.bmp-S_Lure_107.bmp,GrandPiano-Colosseum,magnet
31,804,5, 1 ,S_Image_101.bmp-O_Lure_59.bmp,Atomium-Fan,measles
31,805,5, 1 ,F_Image_40.bmp-S_Lure_144.bmp,Robert De Niro-White House,hurricane
31,806,5, 1 ,S_Image_122.bmp-F_Lure_6.bmp,Mont Saint Michel-Brad Pitt,scar
31,807,5, 1 ,O_Image_93.bmp-F_Lure_28.bmp,Umbrella-Margaret Thatcher,cloud
31,808,5, 1 ,O_Image_79.bmp-F_Lure_47.bmp,Remote Control-Whoopi Goldberg,alien
31,809,5, 1 ,S_Image_134.bmp-O_Lure_51.bmp,Sagrada Familia-Basket,black
31,810,5, 1 ,O_Image_84.bmp-S_Lure_109.bmp,Skirt-Eiffel Tower,arrow
31,811,5, 1 ,F_Image_16.bmp-O_Lure_96.bmp,George Bush-Wineglass,fire
31,812,5, 1 ,S_Image_129.bmp-O_Lure_73.bmp,Petra-Microscope,lever
31,813,5, 1 ,F_Image_16.bmp-O_Lure_96.bmp,George Bush-Wineglass,fire
31,814,5, 1 ,S_Image_103.bmp-F_Lure_15.bmp,Big Ben-Fidel Castro,asphalt
31,815,5, 1 ,S_Image_133.bmp-F_Lure_22.bmp,Rialto Bridge-Judi Dench,yellow
31,816,5, 1 ,F_Image_38.bmp-O_Lure_74.bmp,Queen Elisabeth-Mirror,menu
31,817,5, 1 ,O_Image_68.bmp-S_Lure_116.bmp,Hat-Hollywood Sign,fuel
31,818,5, 1 ,O_Image_66.bmp-S_Lure_115.bmp,Guitar-Hagia Sophia,rust
31,819,5, 1 ,O_Image_55.bmp-S_Lure_114.bmp,Binoculars-Great Wall,stripe
31,820,5, 1 ,O_Image_72.bmp-S_Lure_111.bmp,Lightbulb-Gizeh Pyramids,signal
31,821,5, 1 ,O_Image_54.bmp-F_Lure_37.bmp,Bicycle-Pierce Brosnan,sand
31,822,5, 1 ,F_Image_17.bmp-S_Lure_132.bmp,George Clooney-Red Square,board
31,823,5, 1 ,O_Image_79.bmp-F_Lure_47.bmp,Remote Control-Whoopi Goldberg,alien
31,824,5, 1 ,F_Image_44.bmp-S_Lure_119.bmp,Tom Hanks-Louvre,costume
31,825,5, 1 ,O_Image_94.bmp-F_Lure_31.bmp,Watch-Michael Jackson,bubble
31,826,5, 1 ,S_Image_113.bmp-F_Lure_7.bmp,Grand Canyon-Britney Spears,drizzle
31,827,5, 1 ,S_Image_110.bmp-F_Lure_25.bmp,Forbidden City-Leonardo DiCaprio,slope
31,828,5, 1 ,S_Image_101.bmp-O_Lure_59.bmp,Atomium-Fan,measles
31,829,5, 1 ,F_Image_33.bmp-O_Lure_82.bmp,Mother Teresa-Scissors,spike
31,830,5, 1 ,F_Image_26.bmp-S_Lure_125.bmp,Madonna-Mount Rushmore,cone
31,831,5, 1 ,O_Image_54.bmp-F_Lure_37.bmp,Bicycle-Pierce Brosnan,sand
31,832,5, 1 ,S_Image_100.bmp-O_Lure_57.bmp,Angkor Wat-Brush,stem
31,833,5, 1 ,S_Image_103.bmp-F_Lure_15.bmp,Big Ben-Fidel Castro,asphalt
31,834,5, 1 ,S_Image_122.bmp-F_Lure_6.bmp,Mont Saint Michel-Brad Pitt,scar
31,835,5, 1 ,F_Image_33.bmp-O_Lure_82.bmp,Mother Teresa-Scissors,spike
31,836,5, 1 ,F_Image_44.bmp-S_Lure_119.bmp,Tom Hanks-Louvre,costume
31,837,5, 1 ,O_Image_52.bmp-F_Lure_36.bmp,Bed-Penelope Cruz,animal
31,838,5, 1 ,O_Image_58.bmp-S_Lure_117.bmp,Canoe-Kings College,money
31,839,5, 1 ,O_Image_55.bmp-S_Lure_114.bmp,Binoculars-Great Wall,stripe
31,840,5, 1 ,F_Image_16.bmp-O_Lure_96.bmp,George Bush-Wineglass,fire
31,841,5, 1 ,F_Image_33.bmp-O_Lure_82.bmp,Mother Teresa-Scissors,spike
31,842,5, 1 ,S_Image_113.bmp-F_Lure_7.bmp,Grand Canyon-Britney Spears,drizzle
31,843,5, 1 ,F_Image_8.bmp-O_Lure_75.bmp,Cameron Diaz-Necklace,tourist
31,844,5, 1 ,O_Image_94.bmp-F_Lure_31.bmp,Watch-Michael Jackson,bubble
31,845,5, 1 ,F_Image_8.bmp-O_Lure_75.bmp,Cameron Diaz-Necklace,tourist
31,846,5, 1 ,S_Image_127.bmp-O_Lure_56.bmp,Niagara Falls-Broom,crumb
31,847,5, 1 ,O_Image_72.bmp-S_Lure_111.bmp,Lightbulb-Gizeh Pyramids,signal
31,848,5, 1 ,S_Image_124.bmp-F_Lure_27.bmp,Mount Fuji-Mahadma Gandhi,poison
31,849,5, 1 ,S_Image_129.bmp-O_Lure_73.bmp,Petra-Microscope,lever
31,850,5, 1 ,F_Image_1.bmp-S_Lure_141.bmp,Albert Einstein-Time Square,tear
31,851,5, 1 ,F_Image_1.bmp-S_Lure_141.bmp,Albert Einstein-Time Square,tear
31,852,5, 1 ,F_Image_19.bmp-O_Lure_87.bmp,James Dean-Stapler,quake
31,853,5, 1 ,F_Image_24.bmp-S_Lure_131.bmp,Keanu Reeves-Rapa Nui,breakfast
31,854,5, 1 ,O_Image_81.bmp-F_Lure_42.bmp,Scale-Scarlett Johansson,spray
31,855,5, 1 ,S_Image_98.bmp-F_Lure_14.bmp,Alcatraz-Elvis Presley,triangle
31,856,5, 1 ,S_Image_100.bmp-O_Lure_57.bmp,Angkor Wat-Brush,stem
31,857,5, 1 ,O_Image_52.bmp-F_Lure_36.bmp,Bed-Penelope Cruz,animal
31,858,5, 1 ,F_Image_9.bmp-O_Lure_85.bmp,Charlie Chaplin-Sock,sunshine
31,859,5, 1 ,S_Image_102.bmp-O_Lure_62.bmp,Ayers Rock-FryingPan,marble
31,860,5, 1 ,S_Image_102.bmp-O_Lure_62.bmp,Ayers Rock-FryingPan,marble
31,861,5, 1 ,O_Image_81.bmp-F_Lure_42.bmp,Scale-Scarlett Johansson,spray
31,862,5, 1 ,F_Image_38.bmp-O_Lure_74.bmp,Queen Elisabeth-Mirror,menu
31,863,5, 1 ,F_Image_33.bmp-O_Lure_82.bmp,Mother Teresa-Scissors,spike
31,864,5, 1 ,F_Image_38.bmp-O_Lure_74.bmp,Queen Elisabeth-Mirror,menu
31,865,5, 1 ,S_Image_122.bmp-F_Lure_6.bmp,Mont Saint Michel-Brad Pitt,scar
31,866,5, 1 ,O_Image_65.bmp-S_Lure_107.bmp,GrandPiano-Colosseum,magnet
31,867,5, 1 ,S_Image_127.bmp-O_Lure_56.bmp,Niagara Falls-Broom,crumb
31,868,5, 1 ,O_Image_70.bmp-F_Lure_39.bmp,Key-Robbie Williams,tube
31,869,5, 1 ,S_Image_98.bmp-F_Lure_14.bmp,Alcatraz-Elvis Presley,triangle
31,870,5, 1 ,S_Image_103.bmp-F_Lure_15.bmp,Big Ben-Fidel Castro,asphalt
31,871,5, 1 ,S_Image_129.bmp-O_Lure_73.bmp,Petra-Microscope,lever
31,872,5, 1 ,F_Image_8.bmp-O_Lure_75.bmp,Cameron Diaz-Necklace,tourist
31,873,5, 1 ,F_Image_46.bmp-O_Lure_88.bmp,Wayne Rooney-Suitcase,laundry
31,874,5, 1 ,S_Image_129.bmp-O_Lure_73.bmp,Petra-Microscope,lever
31,875,5, 1 ,S_Image_137.bmp-O_Lure_71.bmp,Statue Of Liberty-Ladder,army
31,876,5, 1 ,S_Image_102.bmp-O_Lure_62.bmp,Ayers Rock-FryingPan,marble
31,877,5, 1 ,O_Image_93.bmp-F_Lure_28.bmp,Umbrella-Margaret Thatcher,cloud
31,878,5, 1 ,O_Image_58.bmp-S_Lure_117.bmp,Canoe-Kings College,money
31,879,5, 1 ,O_Image_66.bmp-S_Lure_115.bmp,Guitar-Hagia Sophia,rust
31,880,5, 1 ,O_Image_58.bmp-S_Lure_117.bmp,Canoe-Kings College,money
31,881,5, 1 ,O_Image_61.bmp-F_Lure_45.bmp,Football-Tony Blair,orchestra
31,882,5, 1 ,O_Image_70.bmp-F_Lure_39.bmp,Key-Robbie Williams,tube
31,883,5, 1 ,O_Image_66.bmp-S_Lure_115.bmp,Guitar-Hagia Sophia,rust
31,884,5, 1 ,F_Image_3.bmp-S_Lure_143.bmp,Angela Merkel-Versailles,sweat
31,885,5, 1 ,S_Image_140.bmp-O_Lure_49.bmp,Taj Mahal-Anchor,steam
31,886,5, 1 ,F_Image_1.bmp-S_Lure_141.bmp,Albert Einstein-Time Square,tear
31,887,5, 1 ,O_Image_52.bmp-F_Lure_36.bmp,Bed-Penelope Cruz,animal
31,888,5, 1 ,O_Image_79.bmp-F_Lure_47.bmp,Remote Control-Whoopi Goldberg,alien
31,889,5, 1 ,S_Image_133.bmp-F_Lure_22.bmp,Rialto Bridge-Judi Dench,yellow
31,890,5, 1 ,F_Image_11.bmp-O_Lure_91.bmp,Daniel Radcliffe-Torch,ghost
31,891,5, 1 ,S_Image_101.bmp-O_Lure_59.bmp,Atomium-Fan,measles
31,892,5, 1 ,O_Image_70.bmp-F_Lure_39.bmp,Key-Robbie Williams,tube
31,893,5, 1 ,F_Image_26.bmp-S_Lure_125.bmp,Madonna-Mount Rushmore,cone
31,894,5, 1 ,S_Image_124.bmp-F_Lure_27.bmp,Mount Fuji-Mahadma Gandhi,poison
31,895,5, 1 ,F_Image_9.bmp-O_Lure_85.bmp,Charlie Chaplin-Sock,sunshine
31,896,5, 1 ,F_Image_9.bmp-O_Lure_85.bmp,Charlie Chaplin-Sock,sunshine
31,897,5, 1 ,O_Image_52.bmp-F_Lure_36.bmp,Bed-Penelope Cruz,animal
31,898,5, 1 ,F_Image_23.bmp-S_Lure_123.bmp,Julia Roberts-Mount Everest,kiss
31,899,5, 1 ,F_Image_46.bmp-O_Lure_88.bmp,Wayne Rooney-Suitcase,laundry
31,900,5, 1 ,S_Image_140.bmp-O_Lure_49.bmp,Taj Mahal-Anchor,steam
31,901,5, 1 ,O_Image_84.bmp-S_Lure_109.bmp,Skirt-Eiffel Tower,arrow
31,902,5, 1 ,O_Image_58.bmp-S_Lure_117.bmp,Canoe-Kings College,money
31,903,5, 1 ,O_Image_84.bmp-S_Lure_109.bmp,Skirt-Eiffel Tower,arrow
31,904,5, 1 ,F_Image_1.bmp-S_Lure_141.bmp,Albert Einstein-Time Square,tear
31,905,5, 1 ,S_Image_98.bmp-F_Lure_14.bmp,Alcatraz-Elvis Presley,triangle
31,906,5, 1 ,S_Image_139.bmp-F_Lure_20.bmp,Sydney Opera-Jennifer Lopez,wreck
31,907,5, 1 ,S_Image_137.bmp-O_Lure_71.bmp,Statue Of Liberty-Ladder,army
31,908,5, 1 ,S_Image_137.bmp-O_Lure_71.bmp,Statue Of Liberty-Ladder,army
31,909,5, 1 ,O_Image_64.bmp-S_Lure_108.bmp,Goggles-Dover Cliffs,vegetable
31,910,5, 1 ,O_Image_70.bmp-F_Lure_39.bmp,Key-Robbie Williams,tube
31,911,5, 1 ,S_Image_133.bmp-F_Lure_22.bmp,Rialto Bridge-Judi Dench,yellow
31,912,5, 1 ,S_Image_98.bmp-F_Lure_14.bmp,Alcatraz-Elvis Presley,triangle
31,913,5, 1 ,S_Image_121.bmp-F_Lure_5.bmp,Mecca-Bill Clinton,paper
31,914,5, 1 ,F_Image_19.bmp-O_Lure_87.bmp,James Dean-Stapler,quake
31,915,5, 1 ,S_Image_126.bmp-F_Lure_12.bmp,Neu schwanstein Castle-David Beckham,snow
31,916,5, 1 ,S_Image_110.bmp-F_Lure_25.bmp,Forbidden City-Leonardo DiCaprio,slope
31,917,5, 1 ,F_Image_44.bmp-S_Lure_119.bmp,Tom Hanks-Louvre,costume
31,918,5, 1 ,O_Image_55.bmp-S_Lure_114.bmp,Binoculars-Great Wall,stripe
31,919,5, 1 ,S_Image_134.bmp-O_Lure_51.bmp,Sagrada Familia-Basket,black
31,920,5, 1 ,S_Image_124.bmp-F_Lure_27.bmp,Mount Fuji-Mahadma Gandhi,poison
31,921,5, 1 ,F_Image_26.bmp-S_Lure_125.bmp,Madonna-Mount Rushmore,cone
31,922,5, 1 ,F_Image_3.bmp-S_Lure_143.bmp,Angela Merkel-Versailles,sweat
31,923,5, 1 ,O_Image_72.bmp-S_Lure_111.bmp,Lightbulb-Gizeh Pyramids,signal
31,924,5, 1 ,F_Image_9.bmp-O_Lure_85.bmp,Charlie Chaplin-Sock,sunshine
31,925,5, 1 ,F_Image_17.bmp-S_Lure_132.bmp,George Clooney-Red Square,board
31,926,5, 1 ,O_Image_84.bmp-S_Lure_109.bmp,Skirt-Eiffel Tower,arrow
31,927,5, 1 ,O_Image_93.bmp-F_Lure_28.bmp,Umbrella-Margaret Thatcher,cloud
31,928,5, 1 ,S_Image_124.bmp-F_Lure_27.bmp,Mount Fuji-Mahadma Gandhi,poison
31,929,5, 1 ,F_Image_46.bmp-O_Lure_88.bmp,Wayne Rooney-Suitcase,laundry
31,930,5, 1 ,O_Image_60.bmp-S_Lure_97.bmp,Flask-Akropolis,giant
31,931,5, 1 ,O_Image_80.bmp-S_Lure_118.bmp,Rope-Leaning Tower,antique
31,932,5, 1 ,F_Image_3.bmp-S_Lure_143.bmp,Angela Merkel-Versailles,sweat
31,933,5, 1 ,S_Image_140.bmp-O_Lure_49.bmp,Taj Mahal-Anchor,steam
31,934,5, 1 ,O_Image_60.bmp-S_Lure_97.bmp,Flask-Akropolis,giant
31,935,5, 1 ,S_Image_121.bmp-F_Lure_5.bmp,Mecca-Bill Clinton,paper
31,936,5, 1 ,O_Image_61.bmp-F_Lure_45.bmp,Football-Tony Blair,orchestra
31,937,5, 1 ,F_Image_38.bmp-O_Lure_74.bmp,Queen Elisabeth-Mirror,menu
31,938,5, 1 ,O_Image_79.bmp-F_Lure_47.bmp,Remote Control-Whoopi Goldberg,alien
31,939,5, 1 ,O_Image_80.bmp-S_Lure_118.bmp,Rope-Leaning Tower,antique
31,940,5, 1 ,F_Image_11.bmp-O_Lure_91.bmp,Daniel Radcliffe-Torch,ghost
31,941,5, 1 ,F_Image_16.bmp-O_Lure_96.bmp,George Bush-Wineglass,fire
31,942,5, 1 ,S_Image_134.bmp-O_Lure_51.bmp,Sagrada Familia-Basket,black
31,943,5, 1 ,S_Image_110.bmp-F_Lure_25.bmp,Forbidden City-Leonardo DiCaprio,slope
31,944,5, 1 ,S_Image_134.bmp-O_Lure_51.bmp,Sagrada Familia-Basket,black
31,945,5, 1 ,S_Image_137.bmp-O_Lure_71.bmp,Statue Of Liberty-Ladder,army
31,946,5, 1 ,S_Image_100.bmp-O_Lure_57.bmp,Angkor Wat-Brush,stem
31,947,5, 1 ,F_Image_17.bmp-S_Lure_132.bmp,George Clooney-Red Square,board
31,948,5, 1 ,O_Image_95.bmp-S_Lure_99.bmp,Wheelchair-Alhambra,flood
31,949,5, 1 ,S_Image_140.bmp-O_Lure_49.bmp,Taj Mahal-Anchor,steam
31,950,5, 1 ,O_Image_64.bmp-S_Lure_108.bmp,Goggles-Dover Cliffs,vegetable
31,951,5, 1 ,O_Image_55.bmp-S_Lure_114.bmp,Binoculars-Great Wall,stripe
31,952,5, 1 ,F_Image_26.bmp-S_Lure_125.bmp,Madonna-Mount Rushmore,cone
31,953,5, 1 ,F_Image_11.bmp-O_Lure_91.bmp,Daniel Radcliffe-Torch,ghost
31,954,5, 1 ,F_Image_3.bmp-S_Lure_143.bmp,Angela Merkel-Versailles,sweat
31,955,5, 1 ,S_Image_139.bmp-F_Lure_20.bmp,Sydney Opera-Jennifer Lopez,wreck
31,956,5, 1 ,O_Image_94.bmp-F_Lure_31.bmp,Watch-Michael Jackson,bubble
31,957,5, 1 ,F_Image_24.bmp-S_Lure_131.bmp,Keanu Reeves-Rapa Nui,breakfast
31,958,5, 1 ,O_Image_80.bmp-S_Lure_118.bmp,Rope-Leaning Tower,antique
31,959,5, 1 ,O_Image_80.bmp-S_Lure_118.bmp,Rope-Leaning Tower,antique
31,960,5, 1 ,O_Image_61.bmp-F_Lure_45.bmp,Football-Tony Blair,orchestra
31,961,5, 1 ,F_Image_11.bmp-O_Lure_91.bmp,Daniel Radcliffe-Torch,ghost
31,962,5, 1 ,F_Image_40.bmp-S_Lure_144.bmp,Robert De Niro-White House,hurricane
31,963,5, 1 ,S_Image_113.bmp-F_Lure_7.bmp,Grand Canyon-Britney Spears,drizzle
31,964,5, 1 ,O_Image_54.bmp-F_Lure_37.bmp,Bicycle-Pierce Brosnan,sand
31,965,5, 1 ,O_Image_68.bmp-S_Lure_116.bmp,Hat-Hollywood Sign,fuel
31,966,5, 1 ,O_Image_60.bmp-S_Lure_97.bmp,Flask-Akropolis,giant
31,967,5, 1 ,S_Image_100.bmp-O_Lure_57.bmp,Angkor Wat-Brush,stem
31,968,5, 1 ,S_Image_110.bmp-F_Lure_25.bmp,Forbidden City-Leonardo DiCaprio,slope
31,969,5, 1 ,S_Image_133.bmp-F_Lure_22.bmp,Rialto Bridge-Judi Dench,yellow
31,970,5, 1 ,F_Image_46.bmp-O_Lure_88.bmp,Wayne Rooney-Suitcase,laundry
31,971,5, 1 ,S_Image_126.bmp-F_Lure_12.bmp,Neu schwanstein Castle-David Beckham,snow
31,972,5, 1 ,F_Image_8.bmp-O_Lure_75.bmp,Cameron Diaz-Necklace,tourist
31,973,5, 1 ,F_Image_24.bmp-S_Lure_131.bmp,Keanu Reeves-Rapa Nui,breakfast
31,974,5, 1 ,F_Image_19.bmp-O_Lure_87.bmp,James Dean-Stapler,quake
31,975,5, 1 ,S_Image_120.bmp-O_Lure_63.bmp,Machu Picchu-Globe,alcohol
31,976,5, 1 ,S_Image_113.bmp-F_Lure_7.bmp,Grand Canyon-Britney Spears,drizzle
31,977,5, 1 ,S_Image_121.bmp-F_Lure_5.bmp,Mecca-Bill Clinton,paper
31,978,5, 1 ,F_Image_17.bmp-S_Lure_132.bmp,George Clooney-Red Square,board
31,979,5, 1 ,O_Image_64.bmp-S_Lure_108.bmp,Goggles-Dover Cliffs,vegetable
31,980,5, 1 ,F_Image_23.bmp-S_Lure_123.bmp,Julia Roberts-Mount Everest,kiss
31,981,5, 1 ,O_Image_68.bmp-S_Lure_116.bmp,Hat-Hollywood Sign,fuel
31,982,5, 1 ,S_Image_139.bmp-F_Lure_20.bmp,Sydney Opera-Jennifer Lopez,wreck
31,983,5, 1 ,S_Image_121.bmp-F_Lure_5.bmp,Mecca-Bill Clinton,paper
31,984,5, 1 ,S_Image_120.bmp-O_Lure_63.bmp,Machu Picchu-Globe,alcohol
31,985,5, 1 ,O_Image_60.bmp-S_Lure_97.bmp,Flask-Akropolis,giant
31,986,5, 1 ,O_Image_64.bmp-S_Lure_108.bmp,Goggles-Dover Cliffs,vegetable
31,987,5, 1 ,F_Image_44.bmp-S_Lure_119.bmp,Tom Hanks-Louvre,costume
31,988,5, 1 ,S_Image_139.bmp-F_Lure_20.bmp,Sydney Opera-Jennifer Lopez,wreck
31,989,5, 1 ,O_Image_93.bmp-F_Lure_28.bmp,Umbrella-Margaret Thatcher,cloud
31,990,5, 1 ,O_Image_72.bmp-S_Lure_111.bmp,Lightbulb-Gizeh Pyramids,signal
31,991,5, 1 ,O_Image_68.bmp-S_Lure_116.bmp,Hat-Hollywood Sign,fuel
31,992,5, 1 ,S_Image_103.bmp-F_Lure_15.bmp,Big Ben-Fidel Castro,asphalt
31,993,5, 1 ,S_Image_122.bmp-F_Lure_6.bmp,Mont Saint Michel-Brad Pitt,scar
31,994,5, 1 ,S_Image_126.bmp-F_Lure_12.bmp,Neu schwanstein Castle-David Beckham,snow
31,995,5, 1 ,O_Image_95.bmp-S_Lure_99.bmp,Wheelchair-Alhambra,flood
31,996,5, 1 ,O_Image_95.bmp-S_Lure_99.bmp,Wheelchair-Alhambra,flood
31,997,5, 1 ,O_Image_61.bmp-F_Lure_45.bmp,Football-Tony Blair,orchestra
31,998,5, 1 ,F_Image_23.bmp-S_Lure_123.bmp,Julia Roberts-Mount Everest,kiss
31,999,5, 1 ,O_Image_94.bmp-F_Lure_31.bmp,Watch-Michael Jackson,bubble
31,1000,5, 1 ,F_Image_24.bmp-S_Lure_131.bmp,Keanu Reeves-Rapa Nui,breakfast
31,1001,5, 1 ,S_Image_126.bmp-F_Lure_12.bmp,Neu schwanstein Castle-David Beckham,snow
31,1002,5, 1 ,S_Image_101.bmp-O_Lure_59.bmp,Atomium-Fan,measles
31,1003,5, 1 ,O_Image_81.bmp-F_Lure_42.bmp,Scale-Scarlett Johansson,spray
31,1004,5, 1 ,O_Image_66.bmp-S_Lure_115.bmp,Guitar-Hagia Sophia,rust
31,1005,5, 1 ,O_Image_54.bmp-F_Lure_37.bmp,Bicycle-Pierce Brosnan,sand
31,1006,5, 1 ,F_Image_40.bmp-S_Lure_144.bmp,Robert De Niro-White House,hurricane
31,1007,5, 1 ,O_Image_65.bmp-S_Lure_107.bmp,GrandPiano-Colosseum,magnet
31,1008,5, 1 ,F_Image_40.bmp-S_Lure_144.bmp,Robert De Niro-White House,hurricane
31,1009,5, 1 ,O_Image_95.bmp-S_Lure_99.bmp,Wheelchair-Alhambra,flood
31,1010,5, 1 ,S_Image_127.bmp-O_Lure_56.bmp,Niagara Falls-Broom,crumb
31,1011,5, 1 ,F_Image_19.bmp-O_Lure_87.bmp,James Dean-Stapler,quake
31,1012,5, 1 ,S_Image_102.bmp-O_Lure_62.bmp,Ayers Rock-FryingPan,marble
31,1013,5, 1 ,S_Image_127.bmp-O_Lure_56.bmp,Niagara Falls-Broom,crumb
31,1014,6,1,S_Image_136.bmp-S_Lure_136.bmp,Sistine Chapel,corpse
31,1015,6,1,O_Image_96.bmp-O_Lure_96.bmp,Wineglass,fire
31,1016,6,1,O_Image_59.bmp-O_Lure_59.bmp,Fan,measles
31,1017,6,1,F_Image_41.bmp-F_Lure_41.bmp,Rod Steward,hostage
31,1018,6,1,F_Image_12.bmp-F_Lure_12.bmp,David Beckham,snow
31,1019,6,1,O_Image_91.bmp-O_Lure_91.bmp,Torch,ghost
31,1020,6,1,O_Image_82.bmp-O_Lure_82.bmp,Scissors,spike
31,1021,6,1,F_Image_15.bmp-F_Lure_15.bmp,Fidel Castro,asphalt
31,1022,6,1,S_Image_114.bmp-S_Lure_114.bmp,Great Wall,stripe
31,1023,6,1,S_Image_123.bmp-S_Lure_123.bmp,Mount Everest,kiss
31,1024,6,1,O_Image_63.bmp-O_Lure_63.bmp,Globe,alcohol
31,1025,6,1,S_Image_138.bmp-S_Lure_138.bmp,Stonehenge,tail
31,1026,6,1,S_Image_119.bmp-S_Lure_119.bmp,Louvre,costume
31,1027,6,1,O_Image_62.bmp-O_Lure_62.bmp,FryingPan,marble
31,1028,6,1,S_Image_107.bmp-S_Lure_107.bmp,Colosseum,magnet
31,1029,6,1,O_Image_51.bmp-O_Lure_51.bmp,Basket,black
31,1030,6,1,S_Image_125.bmp-S_Lure_125.bmp,Mount Rushmore,cone
31,1031,6,1,F_Image_45.bmp-F_Lure_45.bmp,Tony Blair,orchestra
31,1032,6,1,F_Image_48.bmp-F_Lure_48.bmp,Will Smith,shell
31,1033,6,1,O_Image_77.bmp-O_Lure_77.bmp,Radio,angel
31,1034,6,1,S_Image_117.bmp-S_Lure_117.bmp,Kings College,money
31,1035,6,1,S_Image_144.bmp-S_Lure_144.bmp,White House,hurricane
31,1036,6,1,F_Image_39.bmp-F_Lure_39.bmp,Robbie Williams,tube
31,1037,6,1,S_Image_141.bmp-S_Lure_141.bmp,Time Square,tear
31,1038,6,1,O_Image_76.bmp-O_Lure_76.bmp,Pillows,water
31,1039,6,1,S_Image_115.bmp-S_Lure_115.bmp,Hagia Sophia,rust
31,1040,6,1,S_Image_105.bmp-S_Lure_105.bmp,Chichen Itza,seed
31,1041,6,1,S_Image_130.bmp-S_Lure_130.bmp,Potala Palace,arch
31,1042,6,1,O_Image_88.bmp-O_Lure_88.bmp,Suitcase,laundry
31,1043,6,1,S_Image_143.bmp-S_Lure_143.bmp,Versailles,sweat
31,1044,6,1,S_Image_108.bmp-S_Lure_108.bmp,Dover Cliffs,vegetable
31,1045,6,1,F_Image_37.bmp-F_Lure_37.bmp,Pierce Brosnan,sand
31,1046,6,1,S_Image_116.bmp-S_Lure_116.bmp,Hollywood Sign,fuel
31,1047,6,1,F_Image_27.bmp-F_Lure_27.bmp,Mahadma Gandhi,poison
31,1048,6,1,F_Image_31.bmp-F_Lure_31.bmp,Michael Jackson,bubble
31,1049,6,1,F_Image_28.bmp-F_Lure_28.bmp,Margaret Thatcher,cloud
31,1050,6,1,F_Image_42.bmp-F_Lure_42.bmp,Scarlett Johansson,spray
31,1051,6,1,O_Image_73.bmp-O_Lure_73.bmp,Microscope,lever
31,1052,6,1,O_Image_56.bmp-O_Lure_56.bmp,Broom,crumb
31,1053,6,1,S_Image_128.bmp-S_Lure_128.bmp,Notre Dame,rock
31,1054,6,1,O_Image_53.bmp-O_Lure_53.bmp,Belt,harem
31,1055,6,1,S_Image_109.bmp-S_Lure_109.bmp,Eiffel Tower,arrow
31,1056,6,1,O_Image_49.bmp-O_Lure_49.bmp,Anchor,steam
31,1057,6,1,O_Image_85.bmp-O_Lure_85.bmp,Sock,sunshine
31,1058,6,1,F_Image_43.bmp-F_Lure_43.bmp,Tom Cruise,attack
31,1059,6,1,O_Image_90.bmp-O_Lure_90.bmp,Telephone,wool
31,1060,6,1,S_Image_99.bmp-S_Lure_99.bmp,Alhambra,flood
31,1061,6,1,S_Image_118.bmp-S_Lure_118.bmp,Leaning Tower,antique
31,1062,6,1,F_Image_14.bmp-F_Lure_14.bmp,Elvis Presley,triangle
31,1063,6,1,F_Image_18.bmp-F_Lure_18.bmp,Jack Nicholson,honeymoon
31,1064,6,1,S_Image_97.bmp-S_Lure_97.bmp,Akropolis,giant
31,1065,6,1,F_Image_7.bmp-F_Lure_7.bmp,Britney Spears,drizzle
31,1066,6,1,S_Image_132.bmp-S_Lure_132.bmp,Red Square,board
31,1067,6,1,F_Image_22.bmp-F_Lure_22.bmp,Judi Dench,yellow
31,1068,6,1,F_Image_20.bmp-F_Lure_20.bmp,Jennifer Lopez,wreck
31,1069,6,1,F_Image_5.bmp-F_Lure_5.bmp,Bill Clinton,paper
31,1070,6,1,F_Image_32.bmp-F_Lure_32.bmp,Mick Jagger,shadow
31,1071,6,1,O_Image_67.bmp-O_Lure_67.bmp,Hammock,corner
31,1072,6,1,F_Image_36.bmp-F_Lure_36.bmp,Penelope Cruz,animal
31,1073,6,1,O_Image_69.bmp-O_Lure_69.bmp,Headphones,witch
31,1074,6,1,O_Image_87.bmp-O_Lure_87.bmp,Stapler,quake
31,1075,6,1,F_Image_6.bmp-F_Lure_6.bmp,Brad Pitt,scar
31,1076,6,1,F_Image_47.bmp-F_Lure_47.bmp,Whoopi Goldberg,alien
31,1077,6,1,O_Image_57.bmp-O_Lure_57.bmp,Brush,stem
31,1078,6,1,S_Image_111.bmp-S_Lure_111.bmp,Gizeh Pyramids,signal
31,1079,6,1,O_Image_89.bmp-O_Lure_89.bmp,Teddybear,wound
31,1080,6,1,O_Image_74.bmp-O_Lure_74.bmp,Mirror,menu
31,1081,6,1,F_Image_25.bmp-F_Lure_25.bmp,Leonardo DiCaprio,slope
31,1082,6,1,O_Image_75.bmp-O_Lure_75.bmp,Necklace,tourist
31,1083,6,1,O_Image_71.bmp-O_Lure_71.bmp,Ladder,army
31,1084,6,1,F_Image_21.bmp-F_Lure_21.bmp,John Lennon,galaxy
31,1085,6,1,S_Image_131.bmp-S_Lure_131.bmp,Rapa Nui,breakfast
31,1086,6,1,O_Image_64.bmp-O_Lure_64.bmp,Goggles,vegetable
31,1087,6,1,S_Image_139.bmp-S_Lure_139.bmp,Sydney Opera,wreck
31,1088,6,1,O_Image_81.bmp-O_Lure_81.bmp,Scale,spray
31,1089,6,1,O_Image_83.bmp-O_Lure_83.bmp,Shoe,attack
31,1090,6,1,F_Image_19.bmp-F_Lure_19.bmp,James Dean,quake
31,1091,6,1,S_Image_106.bmp-S_Lure_106.bmp,Christ The Redeemer,witch
31,1092,6,1,F_Image_24.bmp-F_Lure_24.bmp,Keanu Reeves,breakfast
31,1093,6,1,S_Image_133.bmp-S_Lure_133.bmp,Rialto Bridge,yellow
31,1094,6,1,O_Image_55.bmp-O_Lure_55.bmp,Binoculars,stripe
31,1095,6,1,S_Image_142.bmp-S_Lure_142.bmp,Tower Bridge,honeymoon
31,1096,6,1,S_Image_127.bmp-S_Lure_127.bmp,Niagara Falls,crumb
31,1097,6,1,F_Image_30.bmp-F_Lure_30.bmp,Meryl Streep,tail
31,1098,6,1,F_Image_33.bmp-F_Lure_33.bmp,Mother Teresa,spike
31,1099,6,1,S_Image_101.bmp-S_Lure_101.bmp,Atomium,measles
31,1100,6,1,O_Image_93.bmp-O_Lure_93.bmp,Umbrella,cloud
31,1101,6,1,S_Image_98.bmp-S_Lure_98.bmp,Alcatraz,triangle
31,1102,6,1,F_Image_46.bmp-F_Lure_46.bmp,Wayne Rooney,laundry
31,1103,6,1,F_Image_23.bmp-F_Lure_23.bmp,Julia Roberts,kiss
31,1104,6,1,O_Image_78.bmp-O_Lure_78.bmp,Razor,hostage
31,1105,6,1,S_Image_103.bmp-S_Lure_103.bmp,Big Ben,asphalt
31,1106,6,1,F_Image_40.bmp-F_Lure_40.bmp,Robert De Niro,hurricane
31,1107,6,1,F_Image_16.bmp-F_Lure_16.bmp,George Bush,fire
31,1108,6,1,O_Image_94.bmp-O_Lure_94.bmp,Watch,bubble
31,1109,6,1,F_Image_34.bmp-F_Lure_34.bmp,Nelson Mandela,wound
31,1110,6,1,O_Image_54.bmp-O_Lure_54.bmp,Bicycle,sand
31,1111,6,1,F_Image_9.bmp-F_Lure_9.bmp,Charlie Chaplin,sunshine
31,1112,6,1,F_Image_8.bmp-F_Lure_8.bmp,Cameron Diaz,tourist
31,1113,6,1,O_Image_61.bmp-O_Lure_61.bmp,Football,orchestra
31,1114,6,1,O_Image_66.bmp-O_Lure_66.bmp,Guitar,rust
31,1115,6,1,S_Image_122.bmp-S_Lure_122.bmp,Mont Saint Michel,scar
31,1116,6,1,S_Image_124.bmp-S_Lure_124.bmp,Mount Fuji,poison
31,1117,6,1,S_Image_120.bmp-S_Lure_120.bmp,Machu Picchu,alcohol
31,1118,6,1,F_Image_26.bmp-F_Lure_26.bmp,Madonna,cone
31,1119,6,1,F_Image_2.bmp-F_Lure_2.bmp,Amy Winehouse,wool
31,1120,6,1,S_Image_112.bmp-S_Lure_112.bmp,Golden Gate Bridge,galaxy
31,1121,6,1,S_Image_126.bmp-S_Lure_126.bmp,Neu schwanstein Castle,snow
31,1122,6,1,S_Image_140.bmp-S_Lure_140.bmp,Taj Mahal,steam
31,1123,6,1,F_Image_1.bmp-F_Lure_1.bmp,Albert Einstein,tear
31,1124,6,1,F_Image_3.bmp-F_Lure_3.bmp,Angela Merkel,sweat
31,1125,6,1,S_Image_137.bmp-S_Lure_137.bmp,Statue Of Liberty,army
31,1126,6,1,S_Image_129.bmp-S_Lure_129.bmp,Petra,lever
31,1127,6,1,S_Image_102.bmp-S_Lure_102.bmp,Ayers Rock,marble
31,1128,6,1,F_Image_17.bmp-F_Lure_17.bmp,George Clooney,board
31,1129,6,1,F_Image_10.bmp-F_Lure_10.bmp,Dalai Lama,angel
31,1130,6,1,F_Image_38.bmp-F_Lure_38.bmp,Queen Elisabeth,menu
31,1131,6,1,O_Image_92.bmp-O_Lure_92.bmp,Trophy,shadow
31,1132,6,1,O_Image_50.bmp-O_Lure_50.bmp,Barbecue,seed
31,1133,6,1,F_Image_44.bmp-F_Lure_44.bmp,Tom Hanks,costume
31,1134,6,1,S_Image_121.bmp-S_Lure_121.bmp,Mecca,paper
31,1135,6,1,O_Image_52.bmp-O_Lure_52.bmp,Bed,animal
31,1136,6,1,F_Image_13.bmp-F_Lure_13.bmp,Elton John,rock
31,1137,6,1,S_Image_100.bmp-S_Lure_100.bmp,Angkor Wat,stem
31,1138,6,1,O_Image_60.bmp-O_Lure_60.bmp,Flask,giant
31,1139,6,1,O_Image_58.bmp-O_Lure_58.bmp,Canoe,money
31,1140,6,1,O_Image_95.bmp-O_Lure_95.bmp,Wheelchair,flood
31,1141,6,1,O_Image_65.bmp-O_Lure_65.bmp,GrandPiano,magnet
31,1142,6,1,S_Image_135.bmp-S_Lure_135.bmp,Sahara Desert,harem
31,1143,6,1,F_Image_11.bmp-F_Lure_11.bmp,Daniel Radcliffe,ghost
31,1144,6,1,F_Image_35.bmp-F_Lure_35.bmp,Nikola Sarkozy,water
31,1145,6,1,F_Image_4.bmp-F_Lure_4.bmp,Barack Obama,corpse
31,1146,6,1,O_Image_79.bmp-O_Lure_79.bmp,Remote Control,alien
31,1147,6,1,O_Image_86.bmp-O_Lure_86.bmp,Soother,shell
31,1148,6,1,S_Image_134.bmp-S_Lure_134.bmp,Sagrada Familia,black
31,1149,6,1,S_Image_104.bmp-S_Lure_104.bmp,Brandenburg Gate,corner
31,1150,6,1,O_Image_68.bmp-O_Lure_68.bmp,Hat,fuel
31,1151,6,1,S_Image_113.bmp-S_Lure_113.bmp,Grand Canyon,drizzle
31,1152,6,1,F_Image_29.bmp-F_Lure_29.bmp,Marilyn Monroe,arch
31,1153,6,1,S_Image_110.bmp-S_Lure_110.bmp,Forbidden City,slope
31,1154,6,1,O_Image_70.bmp-O_Lure_70.bmp,Key,tube
31,1155,6,1,O_Image_84.bmp-O_Lure_84.bmp,Skirt,arrow
31,1156,6,1,O_Image_72.bmp-O_Lure_72.bmp,Lightbulb,signal
31,1157,6,1,O_Image_80.bmp-O_Lure_80.bmp,Rope,antique
