41,Trial,Cond,Block,ImageFiles,Labels,Cues
41,1,1,1,S_Image_113.bmp,Grand Canyon,NaN
41,2,1,1,O_Image_84.bmp,Skirt,NaN
41,3,1,1,F_Image_48.bmp,Will Smith,NaN
41,4,1,1,F_Image_6.bmp,Brad Pitt,NaN
41,5,1,1,S_Image_114.bmp,Great Wall,NaN
41,6,1,1,S_Image_104.bmp,Brandenburg Gate,NaN
41,7,1,1,O_Image_91.bmp,Torch,NaN
41,8,1,1,F_Lure_46.bmp,Wayne Rooney,NaN
41,9,1,1,F_Image_33.bmp,Mother Teresa,NaN
41,10,1,1,F_Image_35.bmp,Nikola Sarkozy,NaN
41,11,1,1,F_Image_46.bmp,Wayne Rooney,NaN
41,12,1,1,S_Lure_140.bmp,Taj Mahal,NaN
41,13,1,1,S_Image_99.bmp,Alhambra,NaN
41,14,1,1,F_Image_13.bmp,Elton John,NaN
41,15,1,1,S_Image_98.bmp,Alcatraz,NaN
41,16,1,1,F_Image_18.bmp,Jack Nicholson,NaN
41,17,1,1,F_Lure_44.bmp,Tom Hanks,NaN
41,18,1,1,F_Image_32.bmp,Mick Jagger,NaN
41,19,1,1,F_Lure_21.bmp,John Lennon,NaN
41,20,1,1,O_Lure_63.bmp,Globe,NaN
41,21,1,1,S_Image_136.bmp,Sistine Chapel,NaN
41,22,1,1,O_Image_92.bmp,Trophy,NaN
41,23,1,1,S_Lure_99.bmp,Alhambra,NaN
41,24,1,1,S_Lure_138.bmp,Stonehenge,NaN
41,25,1,1,O_Lure_95.bmp,Wheelchair,NaN
41,26,1,1,O_Lure_86.bmp,Soother,NaN
41,27,1,1,F_Image_19.bmp,James Dean,NaN
41,28,1,1,S_Lure_102.bmp,Ayers Rock,NaN
41,29,1,1,S_Lure_118.bmp,Leaning Tower,NaN
41,30,1,1,S_Image_122.bmp,Mont Saint Michel,NaN
41,31,1,1,S_Image_115.bmp,Hagia Sophia,NaN
41,32,1,1,F_Lure_3.bmp,Angela Merkel,NaN
41,33,1,1,O_Image_50.bmp,Barbecue,NaN
41,34,1,1,F_Lure_22.bmp,Judi Dench,NaN
41,35,1,1,F_Lure_9.bmp,Charlie Chaplin,NaN
41,36,1,1,S_Lure_135.bmp,Sahara Desert,NaN
41,37,1,1,O_Lure_52.bmp,Bed,NaN
41,38,1,1,F_Image_4.bmp,Barack Obama,NaN
41,39,1,1,O_Image_51.bmp,Basket,NaN
41,40,1,1,S_Image_132.bmp,Red Square,NaN
41,41,1,1,S_Lure_100.bmp,Angkor Wat,NaN
41,42,1,1,F_Image_38.bmp,Queen Elisabeth,NaN
41,43,1,1,S_Lure_144.bmp,White House,NaN
41,44,1,1,O_Image_71.bmp,Ladder,NaN
41,45,1,1,O_Image_57.bmp,Brush,NaN
41,46,1,1,O_Image_63.bmp,Globe,NaN
41,47,1,1,O_Image_96.bmp,Wineglass,NaN
41,48,1,1,F_Image_3.bmp,Angela Merkel,NaN
41,49,1,1,O_Image_82.bmp,Scissors,NaN
41,50,1,1,S_Image_137.bmp,Statue Of Liberty,NaN
41,51,1,1,O_Lure_94.bmp,Watch,NaN
41,52,1,1,S_Lure_128.bmp,Notre Dame,NaN
41,53,1,1,S_Image_130.bmp,Potala Palace,NaN
41,54,1,1,O_Lure_55.bmp,Binoculars,NaN
41,55,1,1,S_Image_97.bmp,Akropolis,NaN
41,56,1,1,S_Image_123.bmp,Mount Everest,NaN
41,57,1,1,S_Image_135.bmp,Sahara Desert,NaN
41,58,1,1,F_Image_21.bmp,John Lennon,NaN
41,59,1,1,F_Lure_26.bmp,Madonna,NaN
41,60,1,1,S_Image_120.bmp,Machu Picchu,NaN
41,61,1,1,S_Image_124.bmp,Mount Fuji,NaN
41,62,1,1,O_Image_54.bmp,Bicycle,NaN
41,63,1,1,O_Lure_54.bmp,Bicycle,NaN
41,64,1,1,S_Lure_112.bmp,Golden Gate Bridge,NaN
41,65,1,1,O_Lure_65.bmp,GrandPiano,NaN
41,66,1,1,F_Lure_33.bmp,Mother Teresa,NaN
41,67,1,1,O_Lure_76.bmp,Pillows,NaN
41,68,1,1,F_Lure_24.bmp,Keanu Reeves,NaN
41,69,1,1,F_Image_25.bmp,Leonardo DiCaprio,NaN
41,70,1,1,F_Image_36.bmp,Penelope Cruz,NaN
41,71,1,1,S_Image_144.bmp,White House,NaN
41,72,1,1,O_Lure_59.bmp,Fan,NaN
41,73,1,1,O_Image_88.bmp,Suitcase,NaN
41,74,1,1,O_Image_60.bmp,Flask,NaN
41,75,1,1,F_Lure_32.bmp,Mick Jagger,NaN
41,76,1,1,S_Lure_143.bmp,Versailles,NaN
41,77,1,1,O_Image_56.bmp,Broom,NaN
41,78,1,1,F_Image_12.bmp,David Beckham,NaN
41,79,1,1,F_Lure_29.bmp,Marilyn Monroe,NaN
41,80,1,1,O_Lure_56.bmp,Broom,NaN
41,81,1,1,O_Lure_71.bmp,Ladder,NaN
41,82,1,1,F_Lure_27.bmp,Mahadma Gandhi,NaN
41,83,1,1,S_Lure_131.bmp,Rapa Nui,NaN
41,84,1,1,F_Image_28.bmp,Margaret Thatcher,NaN
41,85,1,1,S_Image_100.bmp,Angkor Wat,NaN
41,86,1,1,S_Lure_109.bmp,Eiffel Tower,NaN
41,87,1,1,S_Lure_104.bmp,Brandenburg Gate,NaN
41,88,1,1,O_Image_73.bmp,Microscope,NaN
41,89,1,1,S_Lure_119.bmp,Louvre,NaN
41,90,1,1,F_Image_5.bmp,Bill Clinton,NaN
41,91,1,1,O_Lure_53.bmp,Belt,NaN
41,92,1,1,F_Image_41.bmp,Rod Steward,NaN
41,93,1,1,S_Image_103.bmp,Big Ben,NaN
41,94,1,1,O_Lure_89.bmp,Teddybear,NaN
41,95,1,1,S_Image_106.bmp,Christ The Redeemer,NaN
41,96,1,1,S_Lure_116.bmp,Hollywood Sign,NaN
41,97,1,1,O_Image_74.bmp,Mirror,NaN
41,98,1,1,F_Lure_38.bmp,Queen Elisabeth,NaN
41,99,1,1,O_Lure_72.bmp,Lightbulb,NaN
41,100,1,1,F_Lure_13.bmp,Elton John,NaN
41,101,1,1,O_Image_79.bmp,Remote Control,NaN
41,102,1,1,O_Lure_70.bmp,Key,NaN
41,103,1,1,O_Image_89.bmp,Teddybear,NaN
41,104,1,1,F_Image_40.bmp,Robert De Niro,NaN
41,105,1,1,F_Image_20.bmp,Jennifer Lopez,NaN
41,106,1,1,S_Image_125.bmp,Mount Rushmore,NaN
41,107,1,1,F_Lure_18.bmp,Jack Nicholson,NaN
41,108,1,1,S_Image_134.bmp,Sagrada Familia,NaN
41,109,1,1,O_Lure_57.bmp,Brush,NaN
41,110,1,1,S_Image_143.bmp,Versailles,NaN
41,111,1,1,S_Lure_129.bmp,Petra,NaN
41,112,1,1,S_Lure_137.bmp,Statue Of Liberty,NaN
41,113,1,1,O_Lure_61.bmp,Football,NaN
41,114,1,1,F_Image_1.bmp,Albert Einstein,NaN
41,115,1,1,F_Lure_5.bmp,Bill Clinton,NaN
41,116,1,1,O_Image_64.bmp,Goggles,NaN
41,117,1,1,S_Lure_126.bmp,Neu schwanstein Castle,NaN
41,118,1,1,F_Lure_36.bmp,Penelope Cruz,NaN
41,119,1,1,O_Image_49.bmp,Anchor,NaN
41,120,1,1,O_Image_52.bmp,Bed,NaN
41,121,1,1,F_Lure_45.bmp,Tony Blair,NaN
41,122,1,1,S_Lure_139.bmp,Sydney Opera,NaN
41,123,1,1,S_Image_109.bmp,Eiffel Tower,NaN
41,124,1,1,O_Lure_91.bmp,Torch,NaN
41,125,1,1,S_Image_126.bmp,Neu schwanstein Castle,NaN
41,126,1,1,S_Lure_113.bmp,Grand Canyon,NaN
41,127,1,1,O_Image_69.bmp,Headphones,NaN
41,128,1,1,F_Lure_20.bmp,Jennifer Lopez,NaN
41,129,1,1,O_Lure_51.bmp,Basket,NaN
41,130,1,1,S_Lure_101.bmp,Atomium,NaN
41,131,1,1,O_Lure_62.bmp,FryingPan,NaN
41,132,1,1,O_Image_86.bmp,Soother,NaN
41,133,1,1,S_Image_121.bmp,Mecca,NaN
41,134,1,1,S_Lure_123.bmp,Mount Everest,NaN
41,135,1,1,S_Lure_98.bmp,Alcatraz,NaN
41,136,1,1,O_Lure_77.bmp,Radio,NaN
41,137,1,1,F_Lure_12.bmp,David Beckham,NaN
41,138,1,1,S_Image_142.bmp,Tower Bridge,NaN
41,139,1,1,F_Lure_7.bmp,Britney Spears,NaN
41,140,1,1,S_Lure_125.bmp,Mount Rushmore,NaN
41,141,1,1,F_Lure_31.bmp,Michael Jackson,NaN
41,142,1,1,O_Image_72.bmp,Lightbulb,NaN
41,143,1,1,O_Image_67.bmp,Hammock,NaN
41,144,1,1,O_Lure_96.bmp,Wineglass,NaN
41,145,1,1,O_Lure_69.bmp,Headphones,NaN
41,146,1,1,O_Image_61.bmp,Football,NaN
41,147,1,1,F_Lure_10.bmp,Dalai Lama,NaN
41,148,1,1,O_Image_53.bmp,Belt,NaN
41,149,1,1,S_Image_141.bmp,Time Square,NaN
41,150,1,1,F_Lure_1.bmp,Albert Einstein,NaN
41,151,1,1,F_Image_27.bmp,Mahadma Gandhi,NaN
41,152,1,1,F_Image_23.bmp,Julia Roberts,NaN
41,153,1,1,O_Lure_79.bmp,Remote Control,NaN
41,154,1,1,O_Lure_74.bmp,Mirror,NaN
41,155,1,1,S_Image_119.bmp,Louvre,NaN
41,156,1,1,S_Lure_142.bmp,Tower Bridge,NaN
41,157,1,1,F_Image_17.bmp,George Clooney,NaN
41,158,1,1,O_Lure_49.bmp,Anchor,NaN
41,159,1,1,S_Lure_132.bmp,Red Square,NaN
41,160,1,1,S_Lure_103.bmp,Big Ben,NaN
41,161,1,1,F_Lure_39.bmp,Robbie Williams,NaN
41,162,1,1,F_Image_2.bmp,Amy Winehouse,NaN
41,163,1,1,O_Image_87.bmp,Stapler,NaN
41,164,1,1,O_Lure_80.bmp,Rope,NaN
41,165,1,1,S_Lure_105.bmp,Chichen Itza,NaN
41,166,1,1,O_Image_70.bmp,Key,NaN
41,167,1,1,F_Lure_28.bmp,Margaret Thatcher,NaN
41,168,1,1,F_Image_34.bmp,Nelson Mandela,NaN
41,169,1,1,F_Lure_41.bmp,Rod Steward,NaN
41,170,1,1,F_Image_15.bmp,Fidel Castro,NaN
41,171,1,1,S_Lure_120.bmp,Machu Picchu,NaN
41,172,1,1,O_Lure_90.bmp,Telephone,NaN
41,173,1,1,O_Lure_85.bmp,Sock,NaN
41,174,1,1,S_Image_140.bmp,Taj Mahal,NaN
41,175,1,1,O_Lure_68.bmp,Hat,NaN
41,176,1,1,S_Lure_133.bmp,Rialto Bridge,NaN
41,177,1,1,S_Image_111.bmp,Gizeh Pyramids,NaN
41,178,1,1,S_Image_112.bmp,Golden Gate Bridge,NaN
41,179,1,1,S_Lure_127.bmp,Niagara Falls,NaN
41,180,1,1,S_Image_105.bmp,Chichen Itza,NaN
41,181,1,1,S_Image_128.bmp,Notre Dame,NaN
41,182,1,1,F_Lure_47.bmp,Whoopi Goldberg,NaN
41,183,1,1,S_Image_107.bmp,Colosseum,NaN
41,184,1,1,O_Image_78.bmp,Razor,NaN
41,185,1,1,O_Lure_67.bmp,Hammock,NaN
41,186,1,1,F_Lure_4.bmp,Barack Obama,NaN
41,187,1,1,S_Lure_115.bmp,Hagia Sophia,NaN
41,188,1,1,F_Lure_11.bmp,Daniel Radcliffe,NaN
41,189,1,1,F_Lure_34.bmp,Nelson Mandela,NaN
41,190,1,1,O_Image_80.bmp,Rope,NaN
41,191,1,1,F_Lure_30.bmp,Meryl Streep,NaN
41,192,1,1,F_Lure_48.bmp,Will Smith,NaN
41,193,1,1,O_Lure_88.bmp,Suitcase,NaN
41,194,1,1,S_Image_118.bmp,Leaning Tower,NaN
41,195,1,1,S_Lure_122.bmp,Mont Saint Michel,NaN
41,196,1,1,S_Image_110.bmp,Forbidden City,NaN
41,197,1,1,S_Image_129.bmp,Petra,NaN
41,198,1,1,S_Lure_107.bmp,Colosseum,NaN
41,199,1,1,S_Lure_110.bmp,Forbidden City,NaN
41,200,1,1,O_Lure_82.bmp,Scissors,NaN
41,201,1,1,F_Image_47.bmp,Whoopi Goldberg,NaN
41,202,1,1,F_Lure_2.bmp,Amy Winehouse,NaN
41,203,1,1,F_Image_26.bmp,Madonna,NaN
41,204,1,1,S_Lure_117.bmp,Kings College,NaN
41,205,1,1,O_Image_58.bmp,Canoe,NaN
41,206,1,1,O_Image_65.bmp,GrandPiano,NaN
41,207,1,1,F_Image_9.bmp,Charlie Chaplin,NaN
41,208,1,1,S_Image_133.bmp,Rialto Bridge,NaN
41,209,1,1,O_Image_77.bmp,Radio,NaN
41,210,1,1,O_Image_95.bmp,Wheelchair,NaN
41,211,1,1,S_Lure_108.bmp,Dover Cliffs,NaN
41,212,1,1,F_Image_29.bmp,Marilyn Monroe,NaN
41,213,1,1,O_Image_85.bmp,Sock,NaN
41,214,1,1,S_Lure_141.bmp,Time Square,NaN
41,215,1,1,F_Lure_25.bmp,Leonardo DiCaprio,NaN
41,216,1,1,F_Lure_42.bmp,Scarlett Johansson,NaN
41,217,1,1,F_Image_22.bmp,Judi Dench,NaN
41,218,1,1,S_Image_131.bmp,Rapa Nui,NaN
41,219,1,1,S_Lure_134.bmp,Sagrada Familia,NaN
41,220,1,1,S_Lure_106.bmp,Christ The Redeemer,NaN
41,221,1,1,O_Lure_66.bmp,Guitar,NaN
41,222,1,1,O_Image_94.bmp,Watch,NaN
41,223,1,1,F_Image_37.bmp,Pierce Brosnan,NaN
41,224,1,1,O_Lure_78.bmp,Razor,NaN
41,225,1,1,F_Image_43.bmp,Tom Cruise,NaN
41,226,1,1,F_Image_30.bmp,Meryl Streep,NaN
41,227,1,1,O_Lure_60.bmp,Flask,NaN
41,228,1,1,O_Lure_84.bmp,Skirt,NaN
41,229,1,1,O_Image_66.bmp,Guitar,NaN
41,230,1,1,O_Image_81.bmp,Scale,NaN
41,231,1,1,O_Image_93.bmp,Umbrella,NaN
41,232,1,1,F_Image_24.bmp,Keanu Reeves,NaN
41,233,1,1,O_Lure_92.bmp,Trophy,NaN
41,234,1,1,S_Lure_136.bmp,Sistine Chapel,NaN
41,235,1,1,S_Image_138.bmp,Stonehenge,NaN
41,236,1,1,F_Image_14.bmp,Elvis Presley,NaN
41,237,1,1,O_Image_68.bmp,Hat,NaN
41,238,1,1,F_Lure_35.bmp,Nikola Sarkozy,NaN
41,239,1,1,S_Image_116.bmp,Hollywood Sign,NaN
41,240,1,1,O_Lure_75.bmp,Necklace,NaN
41,241,1,1,F_Image_31.bmp,Michael Jackson,NaN
41,242,1,1,F_Image_44.bmp,Tom Hanks,NaN
41,243,1,1,F_Lure_15.bmp,Fidel Castro,NaN
41,244,1,1,F_Image_10.bmp,Dalai Lama,NaN
41,245,1,1,F_Lure_17.bmp,George Clooney,NaN
41,246,1,1,S_Lure_97.bmp,Akropolis,NaN
41,247,1,1,O_Lure_50.bmp,Barbecue,NaN
41,248,1,1,S_Image_108.bmp,Dover Cliffs,NaN
41,249,1,1,S_Image_117.bmp,Kings College,NaN
41,250,1,1,F_Image_45.bmp,Tony Blair,NaN
41,251,1,1,O_Lure_87.bmp,Stapler,NaN
41,252,1,1,O_Lure_93.bmp,Umbrella,NaN
41,253,1,1,O_Image_75.bmp,Necklace,NaN
41,254,1,1,F_Lure_19.bmp,James Dean,NaN
41,255,1,1,F_Image_8.bmp,Cameron Diaz,NaN
41,256,1,1,F_Image_7.bmp,Britney Spears,NaN
41,257,1,1,F_Lure_16.bmp,George Bush,NaN
41,258,1,1,F_Image_11.bmp,Daniel Radcliffe,NaN
41,259,1,1,F_Lure_37.bmp,Pierce Brosnan,NaN
41,260,1,1,O_Lure_81.bmp,Scale,NaN
41,261,1,1,O_Lure_83.bmp,Shoe,NaN
41,262,1,1,S_Lure_114.bmp,Great Wall,NaN
41,263,1,1,O_Image_55.bmp,Binoculars,NaN
41,264,1,1,F_Lure_23.bmp,Julia Roberts,NaN
41,265,1,1,F_Lure_43.bmp,Tom Cruise,NaN
41,266,1,1,O_Image_76.bmp,Pillows,NaN
41,267,1,1,S_Lure_121.bmp,Mecca,NaN
41,268,1,1,O_Lure_64.bmp,Goggles,NaN
41,269,1,1,F_Lure_40.bmp,Robert De Niro,NaN
41,270,1,1,O_Lure_73.bmp,Microscope,NaN
41,271,1,1,F_Lure_8.bmp,Cameron Diaz,NaN
41,272,1,1,F_Lure_6.bmp,Brad Pitt,NaN
41,273,1,1,F_Image_39.bmp,Robbie Williams,NaN
41,274,1,1,O_Lure_58.bmp,Canoe,NaN
41,275,1,1,F_Image_16.bmp,George Bush,NaN
41,276,1,1,S_Lure_130.bmp,Potala Palace,NaN
41,277,1,1,S_Image_139.bmp,Sydney Opera,NaN
41,278,1,1,O_Image_90.bmp,Telephone,NaN
41,279,1,1,S_Lure_124.bmp,Mount Fuji,NaN
41,280,1,1,O_Image_83.bmp,Shoe,NaN
41,281,1,1,S_Image_102.bmp,Ayers Rock,NaN
41,282,1,1,O_Image_62.bmp,FryingPan,NaN
41,283,1,1,F_Lure_14.bmp,Elvis Presley,NaN
41,284,1,1,S_Image_101.bmp,Atomium,NaN
41,285,1,1,S_Lure_111.bmp,Gizeh Pyramids,NaN
41,286,1,1,O_Image_59.bmp,Fan,NaN
41,287,1,1,S_Image_127.bmp,Niagara Falls,NaN
41,288,1,1,F_Image_42.bmp,Scarlett Johansson,NaN
41,289,1,1,S_Image_104.bmp,Brandenburg Gate,NaN
41,290,1,1,F_Image_35.bmp,Nikola Sarkozy,NaN
41,291,1,1,S_Image_99.bmp,Alhambra,NaN
41,292,1,1,S_Lure_99.bmp,Alhambra,NaN
41,293,1,1,S_Image_122.bmp,Mont Saint Michel,NaN
41,294,1,1,S_Image_130.bmp,Potala Palace,NaN
41,295,1,1,S_Image_120.bmp,Machu Picchu,NaN
41,296,1,1,F_Image_12.bmp,David Beckham,NaN
41,297,1,1,F_Image_28.bmp,Margaret Thatcher,NaN
41,298,1,1,S_Image_134.bmp,Sagrada Familia,NaN
41,299,1,1,S_Lure_129.bmp,Petra,NaN
41,300,1,1,S_Lure_126.bmp,Neu schwanstein Castle,NaN
41,301,1,1,S_Image_126.bmp,Neu schwanstein Castle,NaN
41,302,1,1,S_Lure_101.bmp,Atomium,NaN
41,303,1,1,F_Lure_39.bmp,Robbie Williams,NaN
41,304,1,1,S_Lure_105.bmp,Chichen Itza,NaN
41,305,1,1,S_Lure_133.bmp,Rialto Bridge,NaN
41,306,1,1,S_Image_105.bmp,Chichen Itza,NaN
41,307,1,1,S_Lure_122.bmp,Mont Saint Michel,NaN
41,308,1,1,S_Image_129.bmp,Petra,NaN
41,309,1,1,S_Lure_117.bmp,Kings College,NaN
41,310,1,1,S_Image_133.bmp,Rialto Bridge,NaN
41,311,1,1,S_Lure_134.bmp,Sagrada Familia,NaN
41,312,1,1,F_Lure_35.bmp,Nikola Sarkozy,NaN
41,313,1,1,S_Image_117.bmp,Kings College,NaN
41,314,1,1,S_Lure_121.bmp,Mecca,NaN
41,315,1,1,F_Image_39.bmp,Robbie Williams,NaN
41,316,1,1,S_Lure_130.bmp,Potala Palace,NaN
41,317,1,1,S_Image_101.bmp,Atomium,NaN
41,318,1.5,1,F_Image_31.bmp,Michael Jackson,stripe
41,319,1.5,1,F_Image_16.bmp,George Bush,spike
41,320,1.5,1,F_Image_35.bmp,Nikola Sarkozy,corner
41,321,1.5,1,F_Image_6.bmp,Brad Pitt,ghost
41,322,1.5,1,S_Image_102.bmp,Ayers Rock,triangle
41,323,1.5,1,S_Image_139.bmp,Sydney Opera,fire
41,324,1.5,1,S_Image_128.bmp,Notre Dame,vegetable
41,325,1.5,1,O_Image_95.bmp,Wheelchair,angel
41,326,1.5,1,O_Image_96.bmp,Wineglass,measles
41,327,1.5,1,S_Image_141.bmp,Time Square,paper
41,328,1.5,1,O_Image_89.bmp,Teddybear,board
41,329,1.5,1,F_Image_37.bmp,Pierce Brosnan,stem
41,330,1.5,1,S_Image_126.bmp,Neu schwanstein Castle,marble
41,331,1.5,1,S_Image_112.bmp,Golden Gate Bridge,fuel
41,332,1.5,1,F_Image_42.bmp,Scarlett Johansson,drizzle
41,333,1.5,1,S_Image_105.bmp,Chichen Itza,hostage
41,334,1.5,1,O_Image_83.bmp,Shoe,rust
41,335,1.5,1,S_Image_98.bmp,Alcatraz,shell
41,336,1.5,1,F_Image_15.bmp,Fidel Castro,witch
41,337,1.5,1,F_Image_44.bmp,Tom Hanks,wound
41,338,1.5,1,F_Image_28.bmp,Margaret Thatcher,laundry
41,339,1.5,1,O_Image_49.bmp,Anchor,signal
41,340,1.5,1,S_Image_122.bmp,Mont Saint Michel,steam
41,341,1.5,1,O_Image_70.bmp,Key,attack
41,342,2,1,F_Image_28.bmp-F_Lure_28.bmp,Margaret Thatcher,laundry
41,343,2,1,S_Image_128.bmp-S_Lure_128.bmp,Notre Dame,vegetable
41,344,2,1,F_Image_35.bmp-F_Lure_35.bmp,Nikola Sarkozy,corner
41,345,2,1,O_Image_49.bmp-O_Lure_49.bmp,Anchor,signal
41,346,2,1,S_Image_102.bmp-S_Lure_102.bmp,Ayers Rock,triangle
41,347,2,1,O_Image_70.bmp-O_Lure_70.bmp,Key,attack
41,348,2,1,S_Image_139.bmp-S_Lure_139.bmp,Sydney Opera,fire
41,349,2,1,S_Image_112.bmp-S_Lure_112.bmp,Golden Gate Bridge,fuel
41,350,2,1,O_Image_83.bmp-O_Lure_83.bmp,Shoe,rust
41,351,2,1,S_Image_126.bmp-S_Lure_126.bmp,Neu schwanstein Castle,marble
41,352,2,1,F_Image_37.bmp-F_Lure_37.bmp,Pierce Brosnan,stem
41,353,2,1,F_Image_15.bmp-F_Lure_15.bmp,Fidel Castro,witch
41,354,2,1,S_Image_122.bmp-S_Lure_122.bmp,Mont Saint Michel,steam
41,355,2,1,F_Image_6.bmp-F_Lure_6.bmp,Brad Pitt,ghost
41,356,2,1,O_Image_96.bmp-O_Lure_96.bmp,Wineglass,measles
41,357,2,1,S_Image_141.bmp-S_Lure_141.bmp,Time Square,paper
41,358,2,1,O_Image_95.bmp-O_Lure_95.bmp,Wheelchair,angel
41,359,2,1,S_Image_98.bmp-S_Lure_98.bmp,Alcatraz,shell
41,360,2,1,S_Image_105.bmp-S_Lure_105.bmp,Chichen Itza,hostage
41,361,2,1,O_Image_89.bmp-O_Lure_89.bmp,Teddybear,board
41,362,2,1,F_Image_42.bmp-F_Lure_42.bmp,Scarlett Johansson,drizzle
41,363,2,1,F_Image_44.bmp-F_Lure_44.bmp,Tom Hanks,wound
41,364,2,1,F_Image_31.bmp-F_Lure_31.bmp,Michael Jackson,stripe
41,365,2,1,F_Image_16.bmp-F_Lure_16.bmp,George Bush,spike
41,366,3,1,S_Image_139.bmp-S_Lure_139.bmp,Sydney Opera,fire
41,367,3,1,S_Image_98.bmp-S_Lure_98.bmp,Alcatraz,shell
41,368,3,1,F_Image_37.bmp-F_Lure_37.bmp,Pierce Brosnan,stem
41,369,3,1,S_Image_112.bmp-S_Lure_112.bmp,Golden Gate Bridge,fuel
41,370,3,1,O_Image_70.bmp-O_Lure_70.bmp,Key,attack
41,371,3,1,O_Image_83.bmp-O_Lure_83.bmp,Shoe,rust
41,372,3,1,S_Image_128.bmp-S_Lure_128.bmp,Notre Dame,vegetable
41,373,3,1,S_Image_141.bmp-S_Lure_141.bmp,Time Square,paper
41,374,3,1,O_Image_89.bmp-O_Lure_89.bmp,Teddybear,board
41,375,3,1,O_Image_95.bmp-O_Lure_95.bmp,Wheelchair,angel
41,376,3,1,F_Image_6.bmp-F_Lure_6.bmp,Brad Pitt,ghost
41,377,3,1,F_Image_16.bmp-F_Lure_16.bmp,George Bush,spike
41,378,3,1,F_Image_15.bmp-F_Lure_15.bmp,Fidel Castro,witch
41,379,3,1,F_Image_42.bmp-F_Lure_42.bmp,Scarlett Johansson,drizzle
41,380,3,1,S_Image_105.bmp-S_Lure_105.bmp,Chichen Itza,hostage
41,381,3,1,S_Image_126.bmp-S_Lure_126.bmp,Neu schwanstein Castle,marble
41,382,3,1,F_Image_28.bmp-F_Lure_28.bmp,Margaret Thatcher,laundry
41,383,3,1,F_Image_44.bmp-F_Lure_44.bmp,Tom Hanks,wound
41,384,3,1,S_Image_102.bmp-S_Lure_102.bmp,Ayers Rock,triangle
41,385,3,1,F_Image_35.bmp-F_Lure_35.bmp,Nikola Sarkozy,corner
41,386,3,1,O_Image_49.bmp-O_Lure_49.bmp,Anchor,signal
41,387,3,1,F_Image_31.bmp-F_Lure_31.bmp,Michael Jackson,stripe
41,388,3,1,O_Image_96.bmp-O_Lure_96.bmp,Wineglass,measles
41,389,3,1,S_Image_122.bmp-S_Lure_122.bmp,Mont Saint Michel,steam
41,390,1.5,2,F_Image_14.bmp,Elvis Presley,yellow
41,391,1.5,2,F_Image_48.bmp,Will Smith,shadow
41,392,1.5,2,O_Image_52.bmp,Bed,giant
41,393,1.5,2,F_Image_17.bmp,George Clooney,harem
41,394,1.5,2,O_Image_84.bmp,Skirt,rock
41,395,1.5,2,F_Image_29.bmp,Marilyn Monroe,galaxy
41,396,1.5,2,F_Image_38.bmp,Queen Elisabeth,slope
41,397,1.5,2,F_Image_13.bmp,Elton John,magnet
41,398,1.5,2,S_Image_138.bmp,Stonehenge,poison
41,399,1.5,2,F_Image_4.bmp,Barack Obama,seed
41,400,1.5,2,O_Image_53.bmp,Belt,black
41,401,1.5,2,S_Image_120.bmp,Machu Picchu,asphalt
41,402,1.5,2,O_Image_92.bmp,Trophy,animal
41,403,1.5,2,S_Image_143.bmp,Versailles,antique
41,404,1.5,2,S_Image_142.bmp,Tower Bridge,army
41,405,1.5,2,O_Image_54.bmp,Bicycle,alien
41,406,1.5,2,S_Image_132.bmp,Red Square,tube
41,407,1.5,2,O_Image_64.bmp,Goggles,sunshine
41,408,1.5,2,O_Image_73.bmp,Microscope,orchestra
41,409,1.5,2,S_Image_111.bmp,Gizeh Pyramids,arrow
41,410,1.5,2,S_Image_107.bmp,Colosseum,menu
41,411,1.5,2,F_Image_8.bmp,Cameron Diaz,costume
41,412,1.5,2,S_Image_114.bmp,Great Wall,tourist
41,413,1.5,2,O_Image_58.bmp,Canoe,sand
41,414,2,2,S_Image_132.bmp-S_Lure_132.bmp,Red Square,tube
41,415,2,2,F_Image_4.bmp-F_Lure_4.bmp,Barack Obama,seed
41,416,2,2,O_Image_64.bmp-O_Lure_64.bmp,Goggles,sunshine
41,417,2,2,S_Image_138.bmp-S_Lure_138.bmp,Stonehenge,poison
41,418,2,2,S_Image_142.bmp-S_Lure_142.bmp,Tower Bridge,army
41,419,2,2,O_Image_58.bmp-O_Lure_58.bmp,Canoe,sand
41,420,2,2,S_Image_120.bmp-S_Lure_120.bmp,Machu Picchu,asphalt
41,421,2,2,S_Image_111.bmp-S_Lure_111.bmp,Gizeh Pyramids,arrow
41,422,2,2,F_Image_8.bmp-F_Lure_8.bmp,Cameron Diaz,costume
41,423,2,2,F_Image_38.bmp-F_Lure_38.bmp,Queen Elisabeth,slope
41,424,2,2,S_Image_143.bmp-S_Lure_143.bmp,Versailles,antique
41,425,2,2,O_Image_73.bmp-O_Lure_73.bmp,Microscope,orchestra
41,426,2,2,O_Image_54.bmp-O_Lure_54.bmp,Bicycle,alien
41,427,2,2,F_Image_48.bmp-F_Lure_48.bmp,Will Smith,shadow
41,428,2,2,F_Image_13.bmp-F_Lure_13.bmp,Elton John,magnet
41,429,2,2,O_Image_92.bmp-O_Lure_92.bmp,Trophy,animal
41,430,2,2,F_Image_17.bmp-F_Lure_17.bmp,George Clooney,harem
41,431,2,2,O_Image_84.bmp-O_Lure_84.bmp,Skirt,rock
41,432,2,2,O_Image_53.bmp-O_Lure_53.bmp,Belt,black
41,433,2,2,F_Image_29.bmp-F_Lure_29.bmp,Marilyn Monroe,galaxy
41,434,2,2,O_Image_52.bmp-O_Lure_52.bmp,Bed,giant
41,435,2,2,S_Image_107.bmp-S_Lure_107.bmp,Colosseum,menu
41,436,2,2,F_Image_14.bmp-F_Lure_14.bmp,Elvis Presley,yellow
41,437,2,2,S_Image_114.bmp-S_Lure_114.bmp,Great Wall,tourist
41,438,3,2,O_Image_84.bmp-O_Lure_84.bmp,Skirt,rock
41,439,3,2,F_Image_48.bmp-F_Lure_48.bmp,Will Smith,shadow
41,440,3,2,O_Image_64.bmp-O_Lure_64.bmp,Goggles,sunshine
41,441,3,2,F_Image_14.bmp-F_Lure_14.bmp,Elvis Presley,yellow
41,442,3,2,S_Image_143.bmp-S_Lure_143.bmp,Versailles,antique
41,443,3,2,S_Image_120.bmp-S_Lure_120.bmp,Machu Picchu,asphalt
41,444,3,2,O_Image_53.bmp-O_Lure_53.bmp,Belt,black
41,445,3,2,F_Image_29.bmp-F_Lure_29.bmp,Marilyn Monroe,galaxy
41,446,3,2,O_Image_92.bmp-O_Lure_92.bmp,Trophy,animal
41,447,3,2,S_Image_114.bmp-S_Lure_114.bmp,Great Wall,tourist
41,448,3,2,S_Image_111.bmp-S_Lure_111.bmp,Gizeh Pyramids,arrow
41,449,3,2,F_Image_4.bmp-F_Lure_4.bmp,Barack Obama,seed
41,450,3,2,F_Image_38.bmp-F_Lure_38.bmp,Queen Elisabeth,slope
41,451,3,2,O_Image_58.bmp-O_Lure_58.bmp,Canoe,sand
41,452,3,2,S_Image_132.bmp-S_Lure_132.bmp,Red Square,tube
41,453,3,2,F_Image_8.bmp-F_Lure_8.bmp,Cameron Diaz,costume
41,454,3,2,F_Image_17.bmp-F_Lure_17.bmp,George Clooney,harem
41,455,3,2,S_Image_142.bmp-S_Lure_142.bmp,Tower Bridge,army
41,456,3,2,O_Image_54.bmp-O_Lure_54.bmp,Bicycle,alien
41,457,3,2,O_Image_73.bmp-O_Lure_73.bmp,Microscope,orchestra
41,458,3,2,F_Image_13.bmp-F_Lure_13.bmp,Elton John,magnet
41,459,3,2,S_Image_138.bmp-S_Lure_138.bmp,Stonehenge,poison
41,460,3,2,S_Image_107.bmp-S_Lure_107.bmp,Colosseum,menu
41,461,3,2,O_Image_52.bmp-O_Lure_52.bmp,Bed,giant
41,462,1.5,3,S_Image_97.bmp,Akropolis,cone
41,463,1.5,3,S_Image_125.bmp,Mount Rushmore,arch
41,464,1.5,3,S_Image_109.bmp,Eiffel Tower,scar
41,465,1.5,3,F_Image_3.bmp,Angela Merkel,lever
41,466,1.5,3,S_Image_129.bmp,Petra,corpse
41,467,1.5,3,F_Image_10.bmp,Dalai Lama,wreck
41,468,1.5,3,O_Image_94.bmp,Watch,water
41,469,1.5,3,O_Image_66.bmp,Guitar,spray
41,470,1.5,3,O_Image_71.bmp,Ladder,kiss
41,471,1.5,3,F_Image_46.bmp,Wayne Rooney,alcohol
41,472,1.5,3,O_Image_78.bmp,Razor,snow
41,473,1.5,3,F_Image_23.bmp,Julia Roberts,crumb
41,474,1.5,3,F_Image_39.bmp,Robbie Williams,breakfast
41,475,1.5,3,O_Image_75.bmp,Necklace,flood
41,476,1.5,3,S_Image_115.bmp,Hagia Sophia,hurricane
41,477,1.5,3,S_Image_134.bmp,Sagrada Familia,money
41,478,1.5,3,O_Image_81.bmp,Scale,sweat
41,479,1.5,3,O_Image_60.bmp,Flask,honeymoon
41,480,1.5,3,F_Image_41.bmp,Rod Steward,tail
41,481,1.5,3,O_Image_57.bmp,Brush,bubble
41,482,1.5,3,O_Image_77.bmp,Radio,wool
41,483,1.5,3,O_Image_87.bmp,Stapler,cloud
41,484,1.5,3,F_Image_19.bmp,James Dean,quake
41,485,1.5,3,S_Image_144.bmp,White House,tear
41,486,2,3,O_Image_77.bmp-O_Lure_77.bmp,Radio,wool
41,487,2,3,S_Image_129.bmp-S_Lure_129.bmp,Petra,corpse
41,488,2,3,O_Image_78.bmp-O_Lure_78.bmp,Razor,snow
41,489,2,3,S_Image_97.bmp-S_Lure_97.bmp,Akropolis,cone
41,490,2,3,O_Image_94.bmp-O_Lure_94.bmp,Watch,water
41,491,2,3,S_Image_109.bmp-S_Lure_109.bmp,Eiffel Tower,scar
41,492,2,3,F_Image_10.bmp-F_Lure_10.bmp,Dalai Lama,wreck
41,493,2,3,S_Image_134.bmp-S_Lure_134.bmp,Sagrada Familia,money
41,494,2,3,O_Image_60.bmp-O_Lure_60.bmp,Flask,honeymoon
41,495,2,3,F_Image_39.bmp-F_Lure_39.bmp,Robbie Williams,breakfast
41,496,2,3,F_Image_46.bmp-F_Lure_46.bmp,Wayne Rooney,alcohol
41,497,2,3,S_Image_125.bmp-S_Lure_125.bmp,Mount Rushmore,arch
41,498,2,3,O_Image_81.bmp-O_Lure_81.bmp,Scale,sweat
41,499,2,3,O_Image_75.bmp-O_Lure_75.bmp,Necklace,flood
41,500,2,3,O_Image_57.bmp-O_Lure_57.bmp,Brush,bubble
41,501,2,3,F_Image_19.bmp-F_Lure_19.bmp,James Dean,quake
41,502,2,3,O_Image_87.bmp-O_Lure_87.bmp,Stapler,cloud
41,503,2,3,S_Image_115.bmp-S_Lure_115.bmp,Hagia Sophia,hurricane
41,504,2,3,O_Image_66.bmp-O_Lure_66.bmp,Guitar,spray
41,505,2,3,O_Image_71.bmp-O_Lure_71.bmp,Ladder,kiss
41,506,2,3,F_Image_23.bmp-F_Lure_23.bmp,Julia Roberts,crumb
41,507,2,3,F_Image_3.bmp-F_Lure_3.bmp,Angela Merkel,lever
41,508,2,3,S_Image_144.bmp-S_Lure_144.bmp,White House,tear
41,509,2,3,F_Image_41.bmp-F_Lure_41.bmp,Rod Steward,tail
41,510,3,3,O_Image_75.bmp-O_Lure_75.bmp,Necklace,flood
41,511,3,3,S_Image_129.bmp-S_Lure_129.bmp,Petra,corpse
41,512,3,3,S_Image_97.bmp-S_Lure_97.bmp,Akropolis,cone
41,513,3,3,O_Image_81.bmp-O_Lure_81.bmp,Scale,sweat
41,514,3,3,F_Image_23.bmp-F_Lure_23.bmp,Julia Roberts,crumb
41,515,3,3,O_Image_71.bmp-O_Lure_71.bmp,Ladder,kiss
41,516,3,3,O_Image_77.bmp-O_Lure_77.bmp,Radio,wool
41,517,3,3,O_Image_60.bmp-O_Lure_60.bmp,Flask,honeymoon
41,518,3,3,S_Image_125.bmp-S_Lure_125.bmp,Mount Rushmore,arch
41,519,3,3,O_Image_94.bmp-O_Lure_94.bmp,Watch,water
41,520,3,3,S_Image_109.bmp-S_Lure_109.bmp,Eiffel Tower,scar
41,521,3,3,F_Image_19.bmp-F_Lure_19.bmp,James Dean,quake
41,522,3,3,S_Image_134.bmp-S_Lure_134.bmp,Sagrada Familia,money
41,523,3,3,S_Image_144.bmp-S_Lure_144.bmp,White House,tear
41,524,3,3,O_Image_57.bmp-O_Lure_57.bmp,Brush,bubble
41,525,3,3,F_Image_3.bmp-F_Lure_3.bmp,Angela Merkel,lever
41,526,3,3,O_Image_87.bmp-O_Lure_87.bmp,Stapler,cloud
41,527,3,3,O_Image_66.bmp-O_Lure_66.bmp,Guitar,spray
41,528,3,3,F_Image_39.bmp-F_Lure_39.bmp,Robbie Williams,breakfast
41,529,3,3,O_Image_78.bmp-O_Lure_78.bmp,Razor,snow
41,530,3,3,F_Image_41.bmp-F_Lure_41.bmp,Rod Steward,tail
41,531,3,3,S_Image_115.bmp-S_Lure_115.bmp,Hagia Sophia,hurricane
41,532,3,3,F_Image_46.bmp-F_Lure_46.bmp,Wayne Rooney,alcohol
41,533,3,3,F_Image_10.bmp-F_Lure_10.bmp,Dalai Lama,wreck
41,534,3.5,1,O_Image_91.bmp,Torch,tail
41,535,3.5,1,S_Image_121.bmp,Mecca,spike
41,536,3.5,1,F_Image_27.bmp,Mahadma Gandhi,hostage
41,537,3.5,1,O_Image_85.bmp,Sock,breakfast
41,538,3.5,1,O_Image_56.bmp,Broom,hurricane
41,539,3.5,1,O_Image_65.bmp,GrandPiano,triangle
41,540,3.5,1,F_Image_47.bmp,Whoopi Goldberg,asphalt
41,541,3.5,1,O_Image_72.bmp,Lightbulb,quake
41,542,3.5,1,S_Image_140.bmp,Taj Mahal,drizzle
41,543,3.5,1,S_Image_131.bmp,Rapa Nui,galaxy
41,544,3.5,1,F_Image_12.bmp,David Beckham,cloud
41,545,3.5,1,F_Image_33.bmp,Mother Teresa,fire
41,546,3.5,1,S_Image_110.bmp,Forbidden City,snow
41,547,3.5,1,S_Image_101.bmp,Atomium,honeymoon
41,548,3.5,1,O_Image_50.bmp,Barbecue,marble
41,549,3.5,1,F_Image_36.bmp,Penelope Cruz,tear
41,550,3.5,1,O_Image_63.bmp,Globe,vegetable
41,551,3.5,1,F_Image_5.bmp,Bill Clinton,board
41,552,3.5,1,F_Image_2.bmp,Amy Winehouse,rock
41,553,3.5,1,O_Image_90.bmp,Telephone,harem
41,554,3.5,1,O_Image_79.bmp,Remote Control,slope
41,555,3.5,1,O_Image_74.bmp,Mirror,ghost
41,556,3.5,1,S_Image_124.bmp,Mount Fuji,laundry
41,557,3.5,1,S_Image_104.bmp,Brandenburg Gate,spray
41,558,4,1,O_Image_90.bmp-O_Lure_90.bmp,Telephone,harem
41,559,4,1,O_Image_72.bmp-O_Lure_72.bmp,Lightbulb,quake
41,560,4,1,F_Image_5.bmp-F_Lure_5.bmp,Bill Clinton,board
41,561,4,1,O_Image_91.bmp-O_Lure_91.bmp,Torch,tail
41,562,4,1,O_Image_63.bmp-O_Lure_63.bmp,Globe,vegetable
41,563,4,1,O_Image_79.bmp-O_Lure_79.bmp,Remote Control,slope
41,564,4,1,S_Image_140.bmp-S_Lure_140.bmp,Taj Mahal,drizzle
41,565,4,1,F_Image_47.bmp-F_Lure_47.bmp,Whoopi Goldberg,asphalt
41,566,4,1,S_Image_121.bmp-S_Lure_121.bmp,Mecca,spike
41,567,4,1,O_Image_56.bmp-O_Lure_56.bmp,Broom,hurricane
41,568,4,1,O_Image_50.bmp-O_Lure_50.bmp,Barbecue,marble
41,569,4,1,F_Image_2.bmp-F_Lure_2.bmp,Amy Winehouse,rock
41,570,4,1,S_Image_124.bmp-S_Lure_124.bmp,Mount Fuji,laundry
41,571,4,1,S_Image_131.bmp-S_Lure_131.bmp,Rapa Nui,galaxy
41,572,4,1,F_Image_33.bmp-F_Lure_33.bmp,Mother Teresa,fire
41,573,4,1,O_Image_65.bmp-O_Lure_65.bmp,GrandPiano,triangle
41,574,4,1,F_Image_27.bmp-F_Lure_27.bmp,Mahadma Gandhi,hostage
41,575,4,1,S_Image_104.bmp-S_Lure_104.bmp,Brandenburg Gate,spray
41,576,4,1,F_Image_12.bmp-F_Lure_12.bmp,David Beckham,cloud
41,577,4,1,S_Image_101.bmp-S_Lure_101.bmp,Atomium,honeymoon
41,578,4,1,O_Image_85.bmp-O_Lure_85.bmp,Sock,breakfast
41,579,4,1,F_Image_36.bmp-F_Lure_36.bmp,Penelope Cruz,tear
41,580,4,1,O_Image_74.bmp-O_Lure_74.bmp,Mirror,ghost
41,581,4,1,S_Image_110.bmp-S_Lure_110.bmp,Forbidden City,snow
41,582,3.5,2,F_Image_7.bmp,Britney Spears,giant
41,583,3.5,2,O_Image_55.bmp,Binoculars,army
41,584,3.5,2,S_Image_119.bmp,Louvre,magnet
41,585,3.5,2,O_Image_93.bmp,Umbrella,shadow
41,586,3.5,2,O_Image_69.bmp,Headphones,tourist
41,587,3.5,2,S_Image_123.bmp,Mount Everest,stripe
41,588,3.5,2,F_Image_45.bmp,Tony Blair,fuel
41,589,3.5,2,S_Image_133.bmp,Rialto Bridge,seed
41,590,3.5,2,S_Image_108.bmp,Dover Cliffs,sunshine
41,591,3.5,2,F_Image_1.bmp,Albert Einstein,sand
41,592,3.5,2,F_Image_11.bmp,Daniel Radcliffe,measles
41,593,3.5,2,O_Image_67.bmp,Hammock,paper
41,594,3.5,2,O_Image_61.bmp,Football,arch
41,595,3.5,2,O_Image_82.bmp,Scissors,costume
41,596,3.5,2,S_Image_106.bmp,Christ The Redeemer,wool
41,597,3.5,2,O_Image_80.bmp,Rope,wound
41,598,3.5,2,F_Image_9.bmp,Charlie Chaplin,orchestra
41,599,3.5,2,F_Image_34.bmp,Nelson Mandela,menu
41,600,3.5,2,F_Image_32.bmp,Mick Jagger,tube
41,601,3.5,2,F_Image_30.bmp,Meryl Streep,money
41,602,3.5,2,F_Image_25.bmp,Leonardo DiCaprio,corpse
41,603,3.5,2,S_Image_136.bmp,Sistine Chapel,corner
41,604,3.5,2,S_Image_127.bmp,Niagara Falls,wreck
41,605,3.5,2,S_Image_135.bmp,Sahara Desert,lever
41,606,4,2,F_Image_30.bmp-F_Lure_30.bmp,Meryl Streep,money
41,607,4,2,O_Image_55.bmp-O_Lure_55.bmp,Binoculars,army
41,608,4,2,F_Image_34.bmp-F_Lure_34.bmp,Nelson Mandela,menu
41,609,4,2,S_Image_123.bmp-S_Lure_123.bmp,Mount Everest,stripe
41,610,4,2,O_Image_69.bmp-O_Lure_69.bmp,Headphones,tourist
41,611,4,2,S_Image_108.bmp-S_Lure_108.bmp,Dover Cliffs,sunshine
41,612,4,2,F_Image_45.bmp-F_Lure_45.bmp,Tony Blair,fuel
41,613,4,2,O_Image_82.bmp-O_Lure_82.bmp,Scissors,costume
41,614,4,2,F_Image_32.bmp-F_Lure_32.bmp,Mick Jagger,tube
41,615,4,2,O_Image_61.bmp-O_Lure_61.bmp,Football,arch
41,616,4,2,S_Image_136.bmp-S_Lure_136.bmp,Sistine Chapel,corner
41,617,4,2,O_Image_93.bmp-O_Lure_93.bmp,Umbrella,shadow
41,618,4,2,O_Image_80.bmp-O_Lure_80.bmp,Rope,wound
41,619,4,2,F_Image_7.bmp-F_Lure_7.bmp,Britney Spears,giant
41,620,4,2,S_Image_127.bmp-S_Lure_127.bmp,Niagara Falls,wreck
41,621,4,2,F_Image_25.bmp-F_Lure_25.bmp,Leonardo DiCaprio,corpse
41,622,4,2,O_Image_67.bmp-O_Lure_67.bmp,Hammock,paper
41,623,4,2,F_Image_1.bmp-F_Lure_1.bmp,Albert Einstein,sand
41,624,4,2,F_Image_11.bmp-F_Lure_11.bmp,Daniel Radcliffe,measles
41,625,4,2,F_Image_9.bmp-F_Lure_9.bmp,Charlie Chaplin,orchestra
41,626,4,2,S_Image_119.bmp-S_Lure_119.bmp,Louvre,magnet
41,627,4,2,S_Image_106.bmp-S_Lure_106.bmp,Christ The Redeemer,wool
41,628,4,2,S_Image_135.bmp-S_Lure_135.bmp,Sahara Desert,lever
41,629,4,2,S_Image_133.bmp-S_Lure_133.bmp,Rialto Bridge,seed
41,630,3.5,3,F_Image_21.bmp,John Lennon,water
41,631,3.5,3,F_Image_26.bmp,Madonna,cone
41,632,3.5,3,O_Image_62.bmp,FryingPan,antique
41,633,3.5,3,S_Image_103.bmp,Big Ben,bubble
41,634,3.5,3,F_Image_24.bmp,Keanu Reeves,angel
41,635,3.5,3,S_Image_100.bmp,Angkor Wat,attack
41,636,3.5,3,O_Image_88.bmp,Suitcase,yellow
41,637,3.5,3,O_Image_86.bmp,Soother,crumb
41,638,3.5,3,F_Image_43.bmp,Tom Cruise,steam
41,639,3.5,3,S_Image_117.bmp,Kings College,sweat
41,640,3.5,3,F_Image_40.bmp,Robert De Niro,poison
41,641,3.5,3,S_Image_137.bmp,Statue Of Liberty,stem
41,642,3.5,3,O_Image_51.bmp,Basket,arrow
41,643,3.5,3,O_Image_68.bmp,Hat,scar
41,644,3.5,3,S_Image_130.bmp,Potala Palace,alcohol
41,645,3.5,3,S_Image_113.bmp,Grand Canyon,signal
41,646,3.5,3,S_Image_99.bmp,Alhambra,black
41,647,3.5,3,S_Image_118.bmp,Leaning Tower,animal
41,648,3.5,3,F_Image_18.bmp,Jack Nicholson,rust
41,649,3.5,3,F_Image_20.bmp,Jennifer Lopez,alien
41,650,3.5,3,F_Image_22.bmp,Judi Dench,flood
41,651,3.5,3,S_Image_116.bmp,Hollywood Sign,kiss
41,652,3.5,3,O_Image_76.bmp,Pillows,witch
41,653,3.5,3,O_Image_59.bmp,Fan,shell
41,654,4,3,F_Image_24.bmp-F_Lure_24.bmp,Keanu Reeves,angel
41,655,4,3,O_Image_68.bmp-O_Lure_68.bmp,Hat,scar
41,656,4,3,S_Image_99.bmp-S_Lure_99.bmp,Alhambra,black
41,657,4,3,O_Image_51.bmp-O_Lure_51.bmp,Basket,arrow
41,658,4,3,O_Image_62.bmp-O_Lure_62.bmp,FryingPan,antique
41,659,4,3,O_Image_59.bmp-O_Lure_59.bmp,Fan,shell
41,660,4,3,S_Image_103.bmp-S_Lure_103.bmp,Big Ben,bubble
41,661,4,3,O_Image_76.bmp-O_Lure_76.bmp,Pillows,witch
41,662,4,3,S_Image_100.bmp-S_Lure_100.bmp,Angkor Wat,attack
41,663,4,3,O_Image_88.bmp-O_Lure_88.bmp,Suitcase,yellow
41,664,4,3,F_Image_26.bmp-F_Lure_26.bmp,Madonna,cone
41,665,4,3,S_Image_117.bmp-S_Lure_117.bmp,Kings College,sweat
41,666,4,3,F_Image_43.bmp-F_Lure_43.bmp,Tom Cruise,steam
41,667,4,3,S_Image_118.bmp-S_Lure_118.bmp,Leaning Tower,animal
41,668,4,3,O_Image_86.bmp-O_Lure_86.bmp,Soother,crumb
41,669,4,3,F_Image_20.bmp-F_Lure_20.bmp,Jennifer Lopez,alien
41,670,4,3,F_Image_40.bmp-F_Lure_40.bmp,Robert De Niro,poison
41,671,4,3,F_Image_18.bmp-F_Lure_18.bmp,Jack Nicholson,rust
41,672,4,3,S_Image_113.bmp-S_Lure_113.bmp,Grand Canyon,signal
41,673,4,3,S_Image_130.bmp-S_Lure_130.bmp,Potala Palace,alcohol
41,674,4,3,F_Image_22.bmp-F_Lure_22.bmp,Judi Dench,flood
41,675,4,3,S_Image_137.bmp-S_Lure_137.bmp,Statue Of Liberty,stem
41,676,4,3,F_Image_21.bmp-F_Lure_21.bmp,John Lennon,water
41,677,4,3,S_Image_116.bmp-S_Lure_116.bmp,Hollywood Sign,kiss
41,678,5, 1 ,F_Image_41.bmp-O_Lure_91.bmp,Rod Steward-Torch,tail
41,679,5, 1 ,S_Image_111.bmp-O_Lure_51.bmp,Gizeh Pyramids-Basket,arrow
41,680,5, 1 ,S_Image_109.bmp-O_Lure_68.bmp,Eiffel Tower-Hat,scar
41,681,5, 1 ,F_Image_8.bmp-O_Lure_82.bmp,Cameron Diaz-Scissors,costume
41,682,5, 1 ,O_Image_60.bmp-S_Lure_101.bmp,Flask-Atomium,honeymoon
41,683,5, 1 ,F_Image_17.bmp-O_Lure_90.bmp,George Clooney-Telephone,harem
41,684,5, 1 ,F_Image_23.bmp-O_Lure_86.bmp,Julia Roberts-Soother,crumb
41,685,5, 1 ,F_Image_28.bmp-S_Lure_124.bmp,Margaret Thatcher-Mount Fuji,laundry
41,686,5, 1 ,O_Image_66.bmp-S_Lure_104.bmp,Guitar-Brandenburg Gate,spray
41,687,5, 1 ,S_Image_111.bmp-O_Lure_51.bmp,Gizeh Pyramids-Basket,arrow
41,688,5, 1 ,F_Image_17.bmp-O_Lure_90.bmp,George Clooney-Telephone,harem
41,689,5, 1 ,O_Image_95.bmp-F_Lure_24.bmp,Wheelchair-Keanu Reeves,angel
41,690,5, 1 ,S_Image_142.bmp-O_Lure_55.bmp,Tower Bridge-Binoculars,army
41,691,5, 1 ,F_Image_37.bmp-S_Lure_137.bmp,Pierce Brosnan-Statue Of Liberty,stem
41,692,5, 1 ,O_Image_78.bmp-S_Lure_110.bmp,Razor-Forbidden City,snow
41,693,5, 1 ,O_Image_53.bmp-S_Lure_99.bmp,Belt-Alhambra,black
41,694,5, 1 ,S_Image_142.bmp-O_Lure_55.bmp,Tower Bridge-Binoculars,army
41,695,5, 1 ,S_Image_107.bmp-F_Lure_34.bmp,Colosseum-Nelson Mandela,menu
41,696,5, 1 ,S_Image_126.bmp-O_Lure_50.bmp,Neu schwanstein Castle-Barbecue,marble
41,697,5, 1 ,S_Image_122.bmp-F_Lure_43.bmp,Mont Saint Michel-Tom Cruise,steam
41,698,5, 1 ,O_Image_78.bmp-S_Lure_110.bmp,Razor-Forbidden City,snow
41,699,5, 1 ,S_Image_120.bmp-F_Lure_47.bmp,Machu Picchu-Whoopi Goldberg,asphalt
41,700,5, 1 ,S_Image_125.bmp-O_Lure_61.bmp,Mount Rushmore-Football,arch
41,701,5, 1 ,S_Image_109.bmp-O_Lure_68.bmp,Eiffel Tower-Hat,scar
41,702,5, 1 ,S_Image_102.bmp-O_Lure_65.bmp,Ayers Rock-GrandPiano,triangle
41,703,5, 1 ,O_Image_84.bmp-F_Lure_2.bmp,Skirt-Amy Winehouse,rock
41,704,5, 1 ,S_Image_122.bmp-F_Lure_43.bmp,Mont Saint Michel-Tom Cruise,steam
41,705,5, 1 ,S_Image_141.bmp-O_Lure_67.bmp,Time Square-Hammock,paper
41,706,5, 1 ,O_Image_75.bmp-F_Lure_22.bmp,Necklace-Judi Dench,flood
41,707,5, 1 ,F_Image_46.bmp-S_Lure_130.bmp,Wayne Rooney-Potala Palace,alcohol
41,708,5, 1 ,O_Image_64.bmp-S_Lure_108.bmp,Goggles-Dover Cliffs,sunshine
41,709,5, 1 ,O_Image_54.bmp-F_Lure_20.bmp,Bicycle-Jennifer Lopez,alien
41,710,5, 1 ,S_Image_125.bmp-O_Lure_61.bmp,Mount Rushmore-Football,arch
41,711,5, 1 ,F_Image_35.bmp-S_Lure_136.bmp,Nikola Sarkozy-Sistine Chapel,corner
41,712,5, 1 ,F_Image_4.bmp-S_Lure_133.bmp,Barack Obama-Rialto Bridge,seed
41,713,5, 1 ,F_Image_4.bmp-S_Lure_133.bmp,Barack Obama-Rialto Bridge,seed
41,714,5, 1 ,O_Image_95.bmp-F_Lure_24.bmp,Wheelchair-Keanu Reeves,angel
41,715,5, 1 ,F_Image_48.bmp-O_Lure_93.bmp,Will Smith-Umbrella,shadow
41,716,5, 1 ,O_Image_89.bmp-F_Lure_5.bmp,Teddybear-Bill Clinton,board
41,717,5, 1 ,F_Image_4.bmp-S_Lure_133.bmp,Barack Obama-Rialto Bridge,seed
41,718,5, 1 ,S_Image_141.bmp-O_Lure_67.bmp,Time Square-Hammock,paper
41,719,5, 1 ,F_Image_44.bmp-O_Lure_80.bmp,Tom Hanks-Rope,wound
41,720,5, 1 ,O_Image_87.bmp-F_Lure_12.bmp,Stapler-David Beckham,cloud
41,721,5, 1 ,F_Image_31.bmp-S_Lure_123.bmp,Michael Jackson-Mount Everest,stripe
41,722,5, 1 ,O_Image_58.bmp-F_Lure_1.bmp,Canoe-Albert Einstein,sand
41,723,5, 1 ,O_Image_83.bmp-F_Lure_18.bmp,Shoe-Jack Nicholson,rust
41,724,5, 1 ,O_Image_96.bmp-F_Lure_11.bmp,Wineglass-Daniel Radcliffe,measles
41,725,5, 1 ,O_Image_58.bmp-F_Lure_1.bmp,Canoe-Albert Einstein,sand
41,726,5, 1 ,F_Image_6.bmp-O_Lure_74.bmp,Brad Pitt-Mirror,ghost
41,727,5, 1 ,F_Image_15.bmp-O_Lure_76.bmp,Fidel Castro-Pillows,witch
41,728,5, 1 ,F_Image_44.bmp-O_Lure_80.bmp,Tom Hanks-Rope,wound
41,729,5, 1 ,S_Image_115.bmp-O_Lure_56.bmp,Hagia Sophia-Broom,hurricane
41,730,5, 1 ,F_Image_35.bmp-S_Lure_136.bmp,Nikola Sarkozy-Sistine Chapel,corner
41,731,5, 1 ,O_Image_60.bmp-S_Lure_101.bmp,Flask-Atomium,honeymoon
41,732,5, 1 ,S_Image_142.bmp-O_Lure_55.bmp,Tower Bridge-Binoculars,army
41,733,5, 1 ,O_Image_87.bmp-F_Lure_12.bmp,Stapler-David Beckham,cloud
41,734,5, 1 ,S_Image_115.bmp-O_Lure_56.bmp,Hagia Sophia-Broom,hurricane
41,735,5, 1 ,S_Image_111.bmp-O_Lure_51.bmp,Gizeh Pyramids-Basket,arrow
41,736,5, 1 ,O_Image_89.bmp-F_Lure_5.bmp,Teddybear-Bill Clinton,board
41,737,5, 1 ,O_Image_53.bmp-S_Lure_99.bmp,Belt-Alhambra,black
41,738,5, 1 ,F_Image_10.bmp-S_Lure_127.bmp,Dalai Lama-Niagara Falls,wreck
41,739,5, 1 ,F_Image_46.bmp-S_Lure_130.bmp,Wayne Rooney-Potala Palace,alcohol
41,740,5, 1 ,F_Image_41.bmp-O_Lure_91.bmp,Rod Steward-Torch,tail
41,741,5, 1 ,F_Image_13.bmp-S_Lure_119.bmp,Elton John-Louvre,magnet
41,742,5, 1 ,O_Image_75.bmp-F_Lure_22.bmp,Necklace-Judi Dench,flood
41,743,5, 1 ,F_Image_38.bmp-O_Lure_79.bmp,Queen Elisabeth-Remote Control,slope
41,744,5, 1 ,O_Image_66.bmp-S_Lure_104.bmp,Guitar-Brandenburg Gate,spray
41,745,5, 1 ,O_Image_87.bmp-F_Lure_12.bmp,Stapler-David Beckham,cloud
41,746,5, 1 ,S_Image_139.bmp-F_Lure_33.bmp,Sydney Opera-Mother Teresa,fire
41,747,5, 1 ,S_Image_126.bmp-O_Lure_50.bmp,Neu schwanstein Castle-Barbecue,marble
41,748,5, 1 ,S_Image_114.bmp-O_Lure_69.bmp,Great Wall-Headphones,tourist
41,749,5, 1 ,O_Image_52.bmp-F_Lure_7.bmp,Bed-Britney Spears,giant
41,750,5, 1 ,S_Image_114.bmp-O_Lure_69.bmp,Great Wall-Headphones,tourist
41,751,5, 1 ,O_Image_87.bmp-F_Lure_12.bmp,Stapler-David Beckham,cloud
41,752,5, 1 ,S_Image_122.bmp-F_Lure_43.bmp,Mont Saint Michel-Tom Cruise,steam
41,753,5, 1 ,F_Image_44.bmp-O_Lure_80.bmp,Tom Hanks-Rope,wound
41,754,5, 1 ,O_Image_89.bmp-F_Lure_5.bmp,Teddybear-Bill Clinton,board
41,755,5, 1 ,S_Image_105.bmp-F_Lure_27.bmp,Chichen Itza-Mahadma Gandhi,hostage
41,756,5, 1 ,F_Image_23.bmp-O_Lure_86.bmp,Julia Roberts-Soother,crumb
41,757,5, 1 ,O_Image_96.bmp-F_Lure_11.bmp,Wineglass-Daniel Radcliffe,measles
41,758,5, 1 ,F_Image_48.bmp-O_Lure_93.bmp,Will Smith-Umbrella,shadow
41,759,5, 1 ,F_Image_48.bmp-O_Lure_93.bmp,Will Smith-Umbrella,shadow
41,760,5, 1 ,F_Image_10.bmp-S_Lure_127.bmp,Dalai Lama-Niagara Falls,wreck
41,761,5, 1 ,S_Image_132.bmp-F_Lure_32.bmp,Red Square-Mick Jagger,tube
41,762,5, 1 ,O_Image_66.bmp-S_Lure_104.bmp,Guitar-Brandenburg Gate,spray
41,763,5, 1 ,F_Image_38.bmp-O_Lure_79.bmp,Queen Elisabeth-Remote Control,slope
41,764,5, 1 ,O_Image_96.bmp-F_Lure_11.bmp,Wineglass-Daniel Radcliffe,measles
41,765,5, 1 ,F_Image_15.bmp-O_Lure_76.bmp,Fidel Castro-Pillows,witch
41,766,5, 1 ,S_Image_122.bmp-F_Lure_43.bmp,Mont Saint Michel-Tom Cruise,steam
41,767,5, 1 ,O_Image_84.bmp-F_Lure_2.bmp,Skirt-Amy Winehouse,rock
41,768,5, 1 ,S_Image_139.bmp-F_Lure_33.bmp,Sydney Opera-Mother Teresa,fire
41,769,5, 1 ,F_Image_13.bmp-S_Lure_119.bmp,Elton John-Louvre,magnet
41,770,5, 1 ,F_Image_15.bmp-O_Lure_76.bmp,Fidel Castro-Pillows,witch
41,771,5, 1 ,F_Image_6.bmp-O_Lure_74.bmp,Brad Pitt-Mirror,ghost
41,772,5, 1 ,O_Image_54.bmp-F_Lure_20.bmp,Bicycle-Jennifer Lopez,alien
41,773,5, 1 ,O_Image_84.bmp-F_Lure_2.bmp,Skirt-Amy Winehouse,rock
41,774,5, 1 ,F_Image_23.bmp-O_Lure_86.bmp,Julia Roberts-Soother,crumb
41,775,5, 1 ,O_Image_64.bmp-S_Lure_108.bmp,Goggles-Dover Cliffs,sunshine
41,776,5, 1 ,S_Image_98.bmp-O_Lure_59.bmp,Alcatraz-Fan,shell
41,777,5, 1 ,F_Image_37.bmp-S_Lure_137.bmp,Pierce Brosnan-Statue Of Liberty,stem
41,778,5, 1 ,O_Image_96.bmp-F_Lure_11.bmp,Wineglass-Daniel Radcliffe,measles
41,779,5, 1 ,S_Image_107.bmp-F_Lure_34.bmp,Colosseum-Nelson Mandela,menu
41,780,5, 1 ,S_Image_141.bmp-O_Lure_67.bmp,Time Square-Hammock,paper
41,781,5, 1 ,F_Image_35.bmp-S_Lure_136.bmp,Nikola Sarkozy-Sistine Chapel,corner
41,782,5, 1 ,S_Image_112.bmp-F_Lure_45.bmp,Golden Gate Bridge-Tony Blair,fuel
41,783,5, 1 ,O_Image_64.bmp-S_Lure_108.bmp,Goggles-Dover Cliffs,sunshine
41,784,5, 1 ,F_Image_35.bmp-S_Lure_136.bmp,Nikola Sarkozy-Sistine Chapel,corner
41,785,5, 1 ,S_Image_132.bmp-F_Lure_32.bmp,Red Square-Mick Jagger,tube
41,786,5, 1 ,F_Image_8.bmp-O_Lure_82.bmp,Cameron Diaz-Scissors,costume
41,787,5, 1 ,F_Image_17.bmp-O_Lure_90.bmp,George Clooney-Telephone,harem
41,788,5, 1 ,F_Image_10.bmp-S_Lure_127.bmp,Dalai Lama-Niagara Falls,wreck
41,789,5, 1 ,O_Image_52.bmp-F_Lure_7.bmp,Bed-Britney Spears,giant
41,790,5, 1 ,F_Image_4.bmp-S_Lure_133.bmp,Barack Obama-Rialto Bridge,seed
41,791,5, 1 ,F_Image_3.bmp-S_Lure_135.bmp,Angela Merkel-Sahara Desert,lever
41,792,5, 1 ,S_Image_141.bmp-O_Lure_67.bmp,Time Square-Hammock,paper
41,793,5, 1 ,F_Image_6.bmp-O_Lure_74.bmp,Brad Pitt-Mirror,ghost
41,794,5, 1 ,O_Image_58.bmp-F_Lure_1.bmp,Canoe-Albert Einstein,sand
41,795,5, 1 ,F_Image_41.bmp-O_Lure_91.bmp,Rod Steward-Torch,tail
41,796,5, 1 ,O_Image_75.bmp-F_Lure_22.bmp,Necklace-Judi Dench,flood
41,797,5, 1 ,S_Image_112.bmp-F_Lure_45.bmp,Golden Gate Bridge-Tony Blair,fuel
41,798,5, 1 ,F_Image_41.bmp-O_Lure_91.bmp,Rod Steward-Torch,tail
41,799,5, 1 ,O_Image_89.bmp-F_Lure_5.bmp,Teddybear-Bill Clinton,board
41,800,5, 1 ,F_Image_31.bmp-S_Lure_123.bmp,Michael Jackson-Mount Everest,stripe
41,801,5, 1 ,F_Image_19.bmp-O_Lure_72.bmp,James Dean-Lightbulb,quake
41,802,5, 1 ,S_Image_102.bmp-O_Lure_65.bmp,Ayers Rock-GrandPiano,triangle
41,803,5, 1 ,F_Image_3.bmp-S_Lure_135.bmp,Angela Merkel-Sahara Desert,lever
41,804,5, 1 ,F_Image_19.bmp-O_Lure_72.bmp,James Dean-Lightbulb,quake
41,805,5, 1 ,F_Image_23.bmp-O_Lure_86.bmp,Julia Roberts-Soother,crumb
41,806,5, 1 ,O_Image_73.bmp-F_Lure_9.bmp,Microscope-Charlie Chaplin,orchestra
41,807,5, 1 ,S_Image_126.bmp-O_Lure_50.bmp,Neu schwanstein Castle-Barbecue,marble
41,808,5, 1 ,O_Image_95.bmp-F_Lure_24.bmp,Wheelchair-Keanu Reeves,angel
41,809,5, 1 ,O_Image_75.bmp-F_Lure_22.bmp,Necklace-Judi Dench,flood
41,810,5, 1 ,S_Image_120.bmp-F_Lure_47.bmp,Machu Picchu-Whoopi Goldberg,asphalt
41,811,5, 1 ,F_Image_46.bmp-S_Lure_130.bmp,Wayne Rooney-Potala Palace,alcohol
41,812,5, 1 ,F_Image_46.bmp-S_Lure_130.bmp,Wayne Rooney-Potala Palace,alcohol
41,813,5, 1 ,F_Image_8.bmp-O_Lure_82.bmp,Cameron Diaz-Scissors,costume
41,814,5, 1 ,O_Image_78.bmp-S_Lure_110.bmp,Razor-Forbidden City,snow
41,815,5, 1 ,S_Image_125.bmp-O_Lure_61.bmp,Mount Rushmore-Football,arch
41,816,5, 1 ,O_Image_83.bmp-F_Lure_18.bmp,Shoe-Jack Nicholson,rust
41,817,5, 1 ,F_Image_31.bmp-S_Lure_123.bmp,Michael Jackson-Mount Everest,stripe
41,818,5, 1 ,S_Image_115.bmp-O_Lure_56.bmp,Hagia Sophia-Broom,hurricane
41,819,5, 1 ,O_Image_54.bmp-F_Lure_20.bmp,Bicycle-Jennifer Lopez,alien
41,820,5, 1 ,S_Image_105.bmp-F_Lure_27.bmp,Chichen Itza-Mahadma Gandhi,hostage
41,821,5, 1 ,F_Image_13.bmp-S_Lure_119.bmp,Elton John-Louvre,magnet
41,822,5, 1 ,F_Image_31.bmp-S_Lure_123.bmp,Michael Jackson-Mount Everest,stripe
41,823,5, 1 ,S_Image_105.bmp-F_Lure_27.bmp,Chichen Itza-Mahadma Gandhi,hostage
41,824,5, 1 ,O_Image_78.bmp-S_Lure_110.bmp,Razor-Forbidden City,snow
41,825,5, 1 ,S_Image_109.bmp-O_Lure_68.bmp,Eiffel Tower-Hat,scar
41,826,5, 1 ,S_Image_112.bmp-F_Lure_45.bmp,Golden Gate Bridge-Tony Blair,fuel
41,827,5, 1 ,F_Image_19.bmp-O_Lure_72.bmp,James Dean-Lightbulb,quake
41,828,5, 1 ,S_Image_102.bmp-O_Lure_65.bmp,Ayers Rock-GrandPiano,triangle
41,829,5, 1 ,S_Image_142.bmp-O_Lure_55.bmp,Tower Bridge-Binoculars,army
41,830,5, 1 ,S_Image_132.bmp-F_Lure_32.bmp,Red Square-Mick Jagger,tube
41,831,5, 1 ,F_Image_3.bmp-S_Lure_135.bmp,Angela Merkel-Sahara Desert,lever
41,832,5, 1 ,S_Image_139.bmp-F_Lure_33.bmp,Sydney Opera-Mother Teresa,fire
41,833,5, 1 ,F_Image_16.bmp-S_Lure_121.bmp,George Bush-Mecca,spike
41,834,5, 1 ,F_Image_28.bmp-S_Lure_124.bmp,Margaret Thatcher-Mount Fuji,laundry
41,835,5, 1 ,S_Image_112.bmp-F_Lure_45.bmp,Golden Gate Bridge-Tony Blair,fuel
41,836,5, 1 ,F_Image_37.bmp-S_Lure_137.bmp,Pierce Brosnan-Statue Of Liberty,stem
41,837,5, 1 ,S_Image_120.bmp-F_Lure_47.bmp,Machu Picchu-Whoopi Goldberg,asphalt
41,838,5, 1 ,F_Image_38.bmp-O_Lure_79.bmp,Queen Elisabeth-Remote Control,slope
41,839,5, 1 ,S_Image_132.bmp-F_Lure_32.bmp,Red Square-Mick Jagger,tube
41,840,5, 1 ,O_Image_73.bmp-F_Lure_9.bmp,Microscope-Charlie Chaplin,orchestra
41,841,5, 1 ,S_Image_125.bmp-O_Lure_61.bmp,Mount Rushmore-Football,arch
41,842,5, 1 ,O_Image_53.bmp-S_Lure_99.bmp,Belt-Alhambra,black
41,843,5, 1 ,O_Image_83.bmp-F_Lure_18.bmp,Shoe-Jack Nicholson,rust
41,844,5, 1 ,F_Image_38.bmp-O_Lure_79.bmp,Queen Elisabeth-Remote Control,slope
41,845,5, 1 ,F_Image_28.bmp-S_Lure_124.bmp,Margaret Thatcher-Mount Fuji,laundry
41,846,5, 1 ,S_Image_115.bmp-O_Lure_56.bmp,Hagia Sophia-Broom,hurricane
41,847,5, 1 ,F_Image_29.bmp-S_Lure_131.bmp,Marilyn Monroe-Rapa Nui,galaxy
41,848,5, 1 ,F_Image_19.bmp-O_Lure_72.bmp,James Dean-Lightbulb,quake
41,849,5, 1 ,S_Image_102.bmp-O_Lure_65.bmp,Ayers Rock-GrandPiano,triangle
41,850,5, 1 ,S_Image_107.bmp-F_Lure_34.bmp,Colosseum-Nelson Mandela,menu
41,851,5, 1 ,F_Image_16.bmp-S_Lure_121.bmp,George Bush-Mecca,spike
41,852,5, 1 ,F_Image_48.bmp-O_Lure_93.bmp,Will Smith-Umbrella,shadow
41,853,5, 1 ,S_Image_98.bmp-O_Lure_59.bmp,Alcatraz-Fan,shell
41,854,5, 1 ,O_Image_60.bmp-S_Lure_101.bmp,Flask-Atomium,honeymoon
41,855,5, 1 ,S_Image_109.bmp-O_Lure_68.bmp,Eiffel Tower-Hat,scar
41,856,5, 1 ,S_Image_114.bmp-O_Lure_69.bmp,Great Wall-Headphones,tourist
41,857,5, 1 ,O_Image_95.bmp-F_Lure_24.bmp,Wheelchair-Keanu Reeves,angel
41,858,5, 1 ,F_Image_6.bmp-O_Lure_74.bmp,Brad Pitt-Mirror,ghost
41,859,5, 1 ,O_Image_73.bmp-F_Lure_9.bmp,Microscope-Charlie Chaplin,orchestra
41,860,5, 1 ,O_Image_52.bmp-F_Lure_7.bmp,Bed-Britney Spears,giant
41,861,5, 1 ,S_Image_105.bmp-F_Lure_27.bmp,Chichen Itza-Mahadma Gandhi,hostage
41,862,5, 1 ,F_Image_16.bmp-S_Lure_121.bmp,George Bush-Mecca,spike
41,863,5, 1 ,O_Image_54.bmp-F_Lure_20.bmp,Bicycle-Jennifer Lopez,alien
41,864,5, 1 ,F_Image_44.bmp-O_Lure_80.bmp,Tom Hanks-Rope,wound
41,865,5, 1 ,O_Image_66.bmp-S_Lure_104.bmp,Guitar-Brandenburg Gate,spray
41,866,5, 1 ,O_Image_73.bmp-F_Lure_9.bmp,Microscope-Charlie Chaplin,orchestra
41,867,5, 1 ,O_Image_64.bmp-S_Lure_108.bmp,Goggles-Dover Cliffs,sunshine
41,868,5, 1 ,F_Image_37.bmp-S_Lure_137.bmp,Pierce Brosnan-Statue Of Liberty,stem
41,869,5, 1 ,F_Image_29.bmp-S_Lure_131.bmp,Marilyn Monroe-Rapa Nui,galaxy
41,870,5, 1 ,S_Image_120.bmp-F_Lure_47.bmp,Machu Picchu-Whoopi Goldberg,asphalt
41,871,5, 1 ,S_Image_98.bmp-O_Lure_59.bmp,Alcatraz-Fan,shell
41,872,5, 1 ,F_Image_15.bmp-O_Lure_76.bmp,Fidel Castro-Pillows,witch
41,873,5, 1 ,S_Image_107.bmp-F_Lure_34.bmp,Colosseum-Nelson Mandela,menu
41,874,5, 1 ,O_Image_53.bmp-S_Lure_99.bmp,Belt-Alhambra,black
41,875,5, 1 ,O_Image_84.bmp-F_Lure_2.bmp,Skirt-Amy Winehouse,rock
41,876,5, 1 ,F_Image_16.bmp-S_Lure_121.bmp,George Bush-Mecca,spike
41,877,5, 1 ,O_Image_83.bmp-F_Lure_18.bmp,Shoe-Jack Nicholson,rust
41,878,5, 1 ,S_Image_126.bmp-O_Lure_50.bmp,Neu schwanstein Castle-Barbecue,marble
41,879,5, 1 ,O_Image_52.bmp-F_Lure_7.bmp,Bed-Britney Spears,giant
41,880,5, 1 ,F_Image_29.bmp-S_Lure_131.bmp,Marilyn Monroe-Rapa Nui,galaxy
41,881,5, 1 ,F_Image_3.bmp-S_Lure_135.bmp,Angela Merkel-Sahara Desert,lever
41,882,5, 1 ,O_Image_60.bmp-S_Lure_101.bmp,Flask-Atomium,honeymoon
41,883,5, 1 ,S_Image_98.bmp-O_Lure_59.bmp,Alcatraz-Fan,shell
41,884,5, 1 ,S_Image_111.bmp-O_Lure_51.bmp,Gizeh Pyramids-Basket,arrow
41,885,5, 1 ,F_Image_8.bmp-O_Lure_82.bmp,Cameron Diaz-Scissors,costume
41,886,5, 1 ,S_Image_139.bmp-F_Lure_33.bmp,Sydney Opera-Mother Teresa,fire
41,887,5, 1 ,F_Image_28.bmp-S_Lure_124.bmp,Margaret Thatcher-Mount Fuji,laundry
41,888,5, 1 ,O_Image_58.bmp-F_Lure_1.bmp,Canoe-Albert Einstein,sand
41,889,5, 1 ,F_Image_10.bmp-S_Lure_127.bmp,Dalai Lama-Niagara Falls,wreck
41,890,5, 1 ,F_Image_13.bmp-S_Lure_119.bmp,Elton John-Louvre,magnet
41,891,5, 1 ,F_Image_17.bmp-O_Lure_90.bmp,George Clooney-Telephone,harem
41,892,5, 1 ,S_Image_114.bmp-O_Lure_69.bmp,Great Wall-Headphones,tourist
41,893,5, 1 ,F_Image_29.bmp-S_Lure_131.bmp,Marilyn Monroe-Rapa Nui,galaxy
41,894,6,1,F_Image_27.bmp-F_Lure_27.bmp,Mahadma Gandhi,hostage
41,895,6,1,O_Image_90.bmp-O_Lure_90.bmp,Telephone,harem
41,896,6,1,F_Image_18.bmp-F_Lure_18.bmp,Jack Nicholson,rust
41,897,6,1,O_Image_59.bmp-O_Lure_59.bmp,Fan,shell
41,898,6,1,S_Image_121.bmp-S_Lure_121.bmp,Mecca,spike
41,899,6,1,F_Image_21.bmp-F_Lure_21.bmp,John Lennon,water
41,900,6,1,S_Image_116.bmp-S_Lure_116.bmp,Hollywood Sign,kiss
41,901,6,1,S_Image_130.bmp-S_Lure_130.bmp,Potala Palace,alcohol
41,902,6,1,O_Image_79.bmp-O_Lure_79.bmp,Remote Control,slope
41,903,6,1,S_Image_108.bmp-S_Lure_108.bmp,Dover Cliffs,sunshine
41,904,6,1,F_Image_32.bmp-F_Lure_32.bmp,Mick Jagger,tube
41,905,6,1,O_Image_88.bmp-O_Lure_88.bmp,Suitcase,yellow
41,906,6,1,O_Image_76.bmp-O_Lure_76.bmp,Pillows,witch
41,907,6,1,O_Image_86.bmp-O_Lure_86.bmp,Soother,crumb
41,908,6,1,S_Image_103.bmp-S_Lure_103.bmp,Big Ben,bubble
41,909,6,1,O_Image_50.bmp-O_Lure_50.bmp,Barbecue,marble
41,910,6,1,O_Image_68.bmp-O_Lure_68.bmp,Hat,scar
41,911,6,1,S_Image_119.bmp-S_Lure_119.bmp,Louvre,magnet
41,912,6,1,S_Image_113.bmp-S_Lure_113.bmp,Grand Canyon,signal
41,913,6,1,S_Image_137.bmp-S_Lure_137.bmp,Statue Of Liberty,stem
41,914,6,1,O_Image_80.bmp-O_Lure_80.bmp,Rope,wound
41,915,6,1,F_Image_43.bmp-F_Lure_43.bmp,Tom Cruise,steam
41,916,6,1,O_Image_91.bmp-O_Lure_91.bmp,Torch,tail
41,917,6,1,F_Image_7.bmp-F_Lure_7.bmp,Britney Spears,giant
41,918,6,1,S_Image_123.bmp-S_Lure_123.bmp,Mount Everest,stripe
41,919,6,1,O_Image_56.bmp-O_Lure_56.bmp,Broom,hurricane
41,920,6,1,S_Image_99.bmp-S_Lure_99.bmp,Alhambra,black
41,921,6,1,F_Image_11.bmp-F_Lure_11.bmp,Daniel Radcliffe,measles
41,922,6,1,F_Image_22.bmp-F_Lure_22.bmp,Judi Dench,flood
41,923,6,1,F_Image_34.bmp-F_Lure_34.bmp,Nelson Mandela,menu
41,924,6,1,F_Image_25.bmp-F_Lure_25.bmp,Leonardo DiCaprio,corpse
41,925,6,1,S_Image_136.bmp-S_Lure_136.bmp,Sistine Chapel,corner
41,926,6,1,F_Image_24.bmp-F_Lure_24.bmp,Keanu Reeves,angel
41,927,6,1,F_Image_9.bmp-F_Lure_9.bmp,Charlie Chaplin,orchestra
41,928,6,1,F_Image_30.bmp-F_Lure_30.bmp,Meryl Streep,money
41,929,6,1,O_Image_61.bmp-O_Lure_61.bmp,Football,arch
41,930,6,1,F_Image_26.bmp-F_Lure_26.bmp,Madonna,cone
41,931,6,1,O_Image_69.bmp-O_Lure_69.bmp,Headphones,tourist
41,932,6,1,O_Image_67.bmp-O_Lure_67.bmp,Hammock,paper
41,933,6,1,S_Image_140.bmp-S_Lure_140.bmp,Taj Mahal,drizzle
41,934,6,1,F_Image_20.bmp-F_Lure_20.bmp,Jennifer Lopez,alien
41,935,6,1,F_Image_12.bmp-F_Lure_12.bmp,David Beckham,cloud
41,936,6,1,S_Image_131.bmp-S_Lure_131.bmp,Rapa Nui,galaxy
41,937,6,1,O_Image_74.bmp-O_Lure_74.bmp,Mirror,ghost
41,938,6,1,S_Image_127.bmp-S_Lure_127.bmp,Niagara Falls,wreck
41,939,6,1,S_Image_101.bmp-S_Lure_101.bmp,Atomium,honeymoon
41,940,6,1,S_Image_135.bmp-S_Lure_135.bmp,Sahara Desert,lever
41,941,6,1,S_Image_118.bmp-S_Lure_118.bmp,Leaning Tower,animal
41,942,6,1,O_Image_55.bmp-O_Lure_55.bmp,Binoculars,army
41,943,6,1,O_Image_63.bmp-O_Lure_63.bmp,Globe,vegetable
41,944,6,1,O_Image_51.bmp-O_Lure_51.bmp,Basket,arrow
41,945,6,1,F_Image_47.bmp-F_Lure_47.bmp,Whoopi Goldberg,asphalt
41,946,6,1,S_Image_117.bmp-S_Lure_117.bmp,Kings College,sweat
41,947,6,1,F_Image_36.bmp-F_Lure_36.bmp,Penelope Cruz,tear
41,948,6,1,S_Image_100.bmp-S_Lure_100.bmp,Angkor Wat,attack
41,949,6,1,S_Image_104.bmp-S_Lure_104.bmp,Brandenburg Gate,spray
41,950,6,1,F_Image_40.bmp-F_Lure_40.bmp,Robert De Niro,poison
41,951,6,1,O_Image_72.bmp-O_Lure_72.bmp,Lightbulb,quake
41,952,6,1,F_Image_2.bmp-F_Lure_2.bmp,Amy Winehouse,rock
41,953,6,1,F_Image_33.bmp-F_Lure_33.bmp,Mother Teresa,fire
41,954,6,1,O_Image_62.bmp-O_Lure_62.bmp,FryingPan,antique
41,955,6,1,F_Image_1.bmp-F_Lure_1.bmp,Albert Einstein,sand
41,956,6,1,F_Image_5.bmp-F_Lure_5.bmp,Bill Clinton,board
41,957,6,1,S_Image_124.bmp-S_Lure_124.bmp,Mount Fuji,laundry
41,958,6,1,F_Image_45.bmp-F_Lure_45.bmp,Tony Blair,fuel
41,959,6,1,S_Image_110.bmp-S_Lure_110.bmp,Forbidden City,snow
41,960,6,1,S_Image_133.bmp-S_Lure_133.bmp,Rialto Bridge,seed
41,961,6,1,S_Image_106.bmp-S_Lure_106.bmp,Christ The Redeemer,wool
41,962,6,1,O_Image_65.bmp-O_Lure_65.bmp,GrandPiano,triangle
41,963,6,1,O_Image_93.bmp-O_Lure_93.bmp,Umbrella,shadow
41,964,6,1,O_Image_85.bmp-O_Lure_85.bmp,Sock,breakfast
41,965,6,1,O_Image_82.bmp-O_Lure_82.bmp,Scissors,costume
41,966,6,1,O_Image_77.bmp-O_Lure_77.bmp,Radio,wool
41,967,6,1,F_Image_8.bmp-F_Lure_8.bmp,Cameron Diaz,costume
41,968,6,1,O_Image_83.bmp-O_Lure_83.bmp,Shoe,rust
41,969,6,1,S_Image_138.bmp-S_Lure_138.bmp,Stonehenge,poison
41,970,6,1,F_Image_4.bmp-F_Lure_4.bmp,Barack Obama,seed
41,971,6,1,O_Image_89.bmp-O_Lure_89.bmp,Teddybear,board
41,972,6,1,O_Image_78.bmp-O_Lure_78.bmp,Razor,snow
41,973,6,1,S_Image_132.bmp-S_Lure_132.bmp,Red Square,tube
41,974,6,1,F_Image_38.bmp-F_Lure_38.bmp,Queen Elisabeth,slope
41,975,6,1,S_Image_129.bmp-S_Lure_129.bmp,Petra,corpse
41,976,6,1,S_Image_144.bmp-S_Lure_144.bmp,White House,tear
41,977,6,1,O_Image_92.bmp-O_Lure_92.bmp,Trophy,animal
41,978,6,1,O_Image_64.bmp-O_Lure_64.bmp,Goggles,sunshine
41,979,6,1,S_Image_126.bmp-S_Lure_126.bmp,Neu schwanstein Castle,marble
41,980,6,1,F_Image_6.bmp-F_Lure_6.bmp,Brad Pitt,ghost
41,981,6,1,S_Image_102.bmp-S_Lure_102.bmp,Ayers Rock,triangle
41,982,6,1,F_Image_44.bmp-F_Lure_44.bmp,Tom Hanks,wound
41,983,6,1,O_Image_94.bmp-O_Lure_94.bmp,Watch,water
41,984,6,1,F_Image_23.bmp-F_Lure_23.bmp,Julia Roberts,crumb
41,985,6,1,S_Image_134.bmp-S_Lure_134.bmp,Sagrada Familia,money
41,986,6,1,F_Image_28.bmp-F_Lure_28.bmp,Margaret Thatcher,laundry
41,987,6,1,O_Image_66.bmp-O_Lure_66.bmp,Guitar,spray
41,988,6,1,S_Image_98.bmp-S_Lure_98.bmp,Alcatraz,shell
41,989,6,1,F_Image_31.bmp-F_Lure_31.bmp,Michael Jackson,stripe
41,990,6,1,F_Image_41.bmp-F_Lure_41.bmp,Rod Steward,tail
41,991,6,1,O_Image_84.bmp-O_Lure_84.bmp,Skirt,rock
41,992,6,1,O_Image_87.bmp-O_Lure_87.bmp,Stapler,cloud
41,993,6,1,O_Image_95.bmp-O_Lure_95.bmp,Wheelchair,angel
41,994,6,1,S_Image_120.bmp-S_Lure_120.bmp,Machu Picchu,asphalt
41,995,6,1,F_Image_42.bmp-F_Lure_42.bmp,Scarlett Johansson,drizzle
41,996,6,1,S_Image_114.bmp-S_Lure_114.bmp,Great Wall,tourist
41,997,6,1,S_Image_125.bmp-S_Lure_125.bmp,Mount Rushmore,arch
41,998,6,1,O_Image_70.bmp-O_Lure_70.bmp,Key,attack
41,999,6,1,S_Image_122.bmp-S_Lure_122.bmp,Mont Saint Michel,steam
41,1000,6,1,O_Image_96.bmp-O_Lure_96.bmp,Wineglass,measles
41,1001,6,1,S_Image_105.bmp-S_Lure_105.bmp,Chichen Itza,hostage
41,1002,6,1,O_Image_53.bmp-O_Lure_53.bmp,Belt,black
41,1003,6,1,S_Image_109.bmp-S_Lure_109.bmp,Eiffel Tower,scar
41,1004,6,1,F_Image_14.bmp-F_Lure_14.bmp,Elvis Presley,yellow
41,1005,6,1,O_Image_49.bmp-O_Lure_49.bmp,Anchor,signal
41,1006,6,1,O_Image_73.bmp-O_Lure_73.bmp,Microscope,orchestra
41,1007,6,1,S_Image_142.bmp-S_Lure_142.bmp,Tower Bridge,army
41,1008,6,1,S_Image_143.bmp-S_Lure_143.bmp,Versailles,antique
41,1009,6,1,F_Image_10.bmp-F_Lure_10.bmp,Dalai Lama,wreck
41,1010,6,1,S_Image_139.bmp-S_Lure_139.bmp,Sydney Opera,fire
41,1011,6,1,S_Image_107.bmp-S_Lure_107.bmp,Colosseum,menu
41,1012,6,1,F_Image_37.bmp-F_Lure_37.bmp,Pierce Brosnan,stem
41,1013,6,1,O_Image_60.bmp-O_Lure_60.bmp,Flask,honeymoon
41,1014,6,1,F_Image_39.bmp-F_Lure_39.bmp,Robbie Williams,breakfast
41,1015,6,1,F_Image_17.bmp-F_Lure_17.bmp,George Clooney,harem
41,1016,6,1,F_Image_3.bmp-F_Lure_3.bmp,Angela Merkel,lever
41,1017,6,1,S_Image_111.bmp-S_Lure_111.bmp,Gizeh Pyramids,arrow
41,1018,6,1,F_Image_29.bmp-F_Lure_29.bmp,Marilyn Monroe,galaxy
41,1019,6,1,O_Image_54.bmp-O_Lure_54.bmp,Bicycle,alien
41,1020,6,1,F_Image_19.bmp-F_Lure_19.bmp,James Dean,quake
41,1021,6,1,S_Image_112.bmp-S_Lure_112.bmp,Golden Gate Bridge,fuel
41,1022,6,1,O_Image_57.bmp-O_Lure_57.bmp,Brush,bubble
41,1023,6,1,F_Image_48.bmp-F_Lure_48.bmp,Will Smith,shadow
41,1024,6,1,F_Image_15.bmp-F_Lure_15.bmp,Fidel Castro,witch
41,1025,6,1,F_Image_35.bmp-F_Lure_35.bmp,Nikola Sarkozy,corner
41,1026,6,1,S_Image_97.bmp-S_Lure_97.bmp,Akropolis,cone
41,1027,6,1,S_Image_141.bmp-S_Lure_141.bmp,Time Square,paper
41,1028,6,1,S_Image_115.bmp-S_Lure_115.bmp,Hagia Sophia,hurricane
41,1029,6,1,F_Image_46.bmp-F_Lure_46.bmp,Wayne Rooney,alcohol
41,1030,6,1,O_Image_52.bmp-O_Lure_52.bmp,Bed,giant
41,1031,6,1,O_Image_75.bmp-O_Lure_75.bmp,Necklace,flood
41,1032,6,1,O_Image_71.bmp-O_Lure_71.bmp,Ladder,kiss
41,1033,6,1,O_Image_81.bmp-O_Lure_81.bmp,Scale,sweat
41,1034,6,1,O_Image_58.bmp-O_Lure_58.bmp,Canoe,sand
41,1035,6,1,F_Image_16.bmp-F_Lure_16.bmp,George Bush,spike
41,1036,6,1,F_Image_13.bmp-F_Lure_13.bmp,Elton John,magnet
41,1037,6,1,S_Image_128.bmp-S_Lure_128.bmp,Notre Dame,vegetable
