20,Trial,Cond,Block,ImageFiles,Labels,Cues
20,1,1,1,O_Image_69.bmp,Headphones,NaN
20,2,1,1,F_Image_2.bmp,Amy Winehouse,NaN
20,3,1,1,F_Image_37.bmp,Pierce Brosnan,NaN
20,4,1,1,O_Lure_93.bmp,Umbrella,NaN
20,5,1,1,S_Image_138.bmp,Stonehenge,NaN
20,6,1,1,F_Lure_19.bmp,James Dean,NaN
20,7,1,1,F_Image_21.bmp,John Lennon,NaN
20,8,1,1,F_Image_19.bmp,James Dean,NaN
20,9,1,1,O_Lure_57.bmp,Brush,NaN
20,10,1,1,S_Lure_117.bmp,Kings College,NaN
20,11,1,1,O_Image_50.bmp,Barbecue,NaN
20,12,1,1,F_Image_4.bmp,Barack Obama,NaN
20,13,1,1,F_Lure_40.bmp,Robert De Niro,NaN
20,14,1,1,S_Image_104.bmp,Brandenburg Gate,NaN
20,15,1,1,F_Lure_36.bmp,Penelope Cruz,NaN
20,16,1,1,F_Lure_42.bmp,Scarlett Johansson,NaN
20,17,1,1,S_Lure_114.bmp,Great Wall,NaN
20,18,1,1,S_Lure_119.bmp,Louvre,NaN
20,19,1,1,O_Lure_55.bmp,Binoculars,NaN
20,20,1,1,O_Image_76.bmp,Pillows,NaN
20,21,1,1,F_Image_20.bmp,Jennifer Lopez,NaN
20,22,1,1,O_Lure_80.bmp,Rope,NaN
20,23,1,1,S_Lure_109.bmp,Eiffel Tower,NaN
20,24,1,1,O_Lure_87.bmp,Stapler,NaN
20,25,1,1,F_Lure_31.bmp,Michael Jackson,NaN
20,26,1,1,O_Lure_89.bmp,Teddybear,NaN
20,27,1,1,F_Image_23.bmp,Julia Roberts,NaN
20,28,1,1,F_Image_11.bmp,Daniel Radcliffe,NaN
20,29,1,1,O_Image_66.bmp,Guitar,NaN
20,30,1,1,F_Lure_9.bmp,Charlie Chaplin,NaN
20,31,1,1,O_Image_85.bmp,Sock,NaN
20,32,1,1,F_Image_22.bmp,Judi Dench,NaN
20,33,1,1,S_Image_116.bmp,Hollywood Sign,NaN
20,34,1,1,O_Image_67.bmp,Hammock,NaN
20,35,1,1,S_Image_135.bmp,Sahara Desert,NaN
20,36,1,1,S_Lure_101.bmp,Atomium,NaN
20,37,1,1,O_Lure_50.bmp,Barbecue,NaN
20,38,1,1,S_Image_97.bmp,Akropolis,NaN
20,39,1,1,O_Lure_96.bmp,Wineglass,NaN
20,40,1,1,O_Lure_75.bmp,Necklace,NaN
20,41,1,1,O_Image_59.bmp,Fan,NaN
20,42,1,1,O_Image_53.bmp,Belt,NaN
20,43,1,1,O_Image_68.bmp,Hat,NaN
20,44,1,1,S_Lure_133.bmp,Rialto Bridge,NaN
20,45,1,1,F_Lure_27.bmp,Mahadma Gandhi,NaN
20,46,1,1,O_Image_71.bmp,Ladder,NaN
20,47,1,1,O_Image_51.bmp,Basket,NaN
20,48,1,1,F_Lure_15.bmp,Fidel Castro,NaN
20,49,1,1,O_Image_92.bmp,Trophy,NaN
20,50,1,1,O_Lure_58.bmp,Canoe,NaN
20,51,1,1,O_Lure_65.bmp,GrandPiano,NaN
20,52,1,1,S_Lure_111.bmp,Gizeh Pyramids,NaN
20,53,1,1,F_Lure_41.bmp,Rod Steward,NaN
20,54,1,1,F_Lure_3.bmp,Angela Merkel,NaN
20,55,1,1,O_Lure_54.bmp,Bicycle,NaN
20,56,1,1,F_Image_31.bmp,Michael Jackson,NaN
20,57,1,1,S_Image_120.bmp,Machu Picchu,NaN
20,58,1,1,F_Image_38.bmp,Queen Elisabeth,NaN
20,59,1,1,S_Image_128.bmp,Notre Dame,NaN
20,60,1,1,F_Lure_10.bmp,Dalai Lama,NaN
20,61,1,1,F_Lure_33.bmp,Mother Teresa,NaN
20,62,1,1,F_Lure_1.bmp,Albert Einstein,NaN
20,63,1,1,S_Lure_103.bmp,Big Ben,NaN
20,64,1,1,O_Lure_74.bmp,Mirror,NaN
20,65,1,1,O_Image_74.bmp,Mirror,NaN
20,66,1,1,S_Lure_120.bmp,Machu Picchu,NaN
20,67,1,1,S_Lure_127.bmp,Niagara Falls,NaN
20,68,1,1,S_Lure_115.bmp,Hagia Sophia,NaN
20,69,1,1,F_Image_47.bmp,Whoopi Goldberg,NaN
20,70,1,1,S_Lure_116.bmp,Hollywood Sign,NaN
20,71,1,1,S_Lure_125.bmp,Mount Rushmore,NaN
20,72,1,1,S_Lure_139.bmp,Sydney Opera,NaN
20,73,1,1,F_Image_3.bmp,Angela Merkel,NaN
20,74,1,1,O_Lure_76.bmp,Pillows,NaN
20,75,1,1,S_Image_106.bmp,Christ The Redeemer,NaN
20,76,1,1,O_Lure_78.bmp,Razor,NaN
20,77,1,1,S_Image_126.bmp,Neu schwanstein Castle,NaN
20,78,1,1,O_Image_65.bmp,GrandPiano,NaN
20,79,1,1,F_Lure_6.bmp,Brad Pitt,NaN
20,80,1,1,O_Image_55.bmp,Binoculars,NaN
20,81,1,1,F_Lure_4.bmp,Barack Obama,NaN
20,82,1,1,F_Image_43.bmp,Tom Cruise,NaN
20,83,1,1,F_Image_10.bmp,Dalai Lama,NaN
20,84,1,1,F_Image_40.bmp,Robert De Niro,NaN
20,85,1,1,S_Image_98.bmp,Alcatraz,NaN
20,86,1,1,F_Image_5.bmp,Bill Clinton,NaN
20,87,1,1,S_Image_124.bmp,Mount Fuji,NaN
20,88,1,1,S_Lure_130.bmp,Potala Palace,NaN
20,89,1,1,S_Lure_124.bmp,Mount Fuji,NaN
20,90,1,1,O_Lure_85.bmp,Sock,NaN
20,91,1,1,O_Image_56.bmp,Broom,NaN
20,92,1,1,S_Image_143.bmp,Versailles,NaN
20,93,1,1,S_Image_127.bmp,Niagara Falls,NaN
20,94,1,1,S_Image_114.bmp,Great Wall,NaN
20,95,1,1,O_Lure_63.bmp,Globe,NaN
20,96,1,1,F_Lure_35.bmp,Nikola Sarkozy,NaN
20,97,1,1,F_Image_13.bmp,Elton John,NaN
20,98,1,1,O_Image_75.bmp,Necklace,NaN
20,99,1,1,O_Lure_82.bmp,Scissors,NaN
20,100,1,1,S_Lure_138.bmp,Stonehenge,NaN
20,101,1,1,F_Lure_28.bmp,Margaret Thatcher,NaN
20,102,1,1,S_Image_100.bmp,Angkor Wat,NaN
20,103,1,1,F_Image_41.bmp,Rod Steward,NaN
20,104,1,1,S_Image_134.bmp,Sagrada Familia,NaN
20,105,1,1,S_Image_133.bmp,Rialto Bridge,NaN
20,106,1,1,F_Lure_38.bmp,Queen Elisabeth,NaN
20,107,1,1,F_Image_9.bmp,Charlie Chaplin,NaN
20,108,1,1,S_Lure_126.bmp,Neu schwanstein Castle,NaN
20,109,1,1,O_Lure_83.bmp,Shoe,NaN
20,110,1,1,S_Lure_112.bmp,Golden Gate Bridge,NaN
20,111,1,1,S_Image_141.bmp,Time Square,NaN
20,112,1,1,O_Image_64.bmp,Goggles,NaN
20,113,1,1,O_Lure_91.bmp,Torch,NaN
20,114,1,1,S_Image_108.bmp,Dover Cliffs,NaN
20,115,1,1,F_Lure_20.bmp,Jennifer Lopez,NaN
20,116,1,1,S_Image_129.bmp,Petra,NaN
20,117,1,1,O_Image_94.bmp,Watch,NaN
20,118,1,1,F_Image_48.bmp,Will Smith,NaN
20,119,1,1,S_Lure_110.bmp,Forbidden City,NaN
20,120,1,1,F_Lure_30.bmp,Meryl Streep,NaN
20,121,1,1,O_Lure_86.bmp,Soother,NaN
20,122,1,1,S_Image_131.bmp,Rapa Nui,NaN
20,123,1,1,O_Lure_56.bmp,Broom,NaN
20,124,1,1,O_Image_88.bmp,Suitcase,NaN
20,125,1,1,S_Lure_104.bmp,Brandenburg Gate,NaN
20,126,1,1,F_Image_6.bmp,Brad Pitt,NaN
20,127,1,1,O_Lure_94.bmp,Watch,NaN
20,128,1,1,O_Image_49.bmp,Anchor,NaN
20,129,1,1,O_Lure_62.bmp,FryingPan,NaN
20,130,1,1,F_Lure_37.bmp,Pierce Brosnan,NaN
20,131,1,1,F_Lure_14.bmp,Elvis Presley,NaN
20,132,1,1,O_Image_57.bmp,Brush,NaN
20,133,1,1,F_Image_32.bmp,Mick Jagger,NaN
20,134,1,1,S_Lure_121.bmp,Mecca,NaN
20,135,1,1,O_Image_61.bmp,Football,NaN
20,136,1,1,S_Image_112.bmp,Golden Gate Bridge,NaN
20,137,1,1,F_Image_24.bmp,Keanu Reeves,NaN
20,138,1,1,S_Image_137.bmp,Statue Of Liberty,NaN
20,139,1,1,O_Lure_72.bmp,Lightbulb,NaN
20,140,1,1,S_Lure_135.bmp,Sahara Desert,NaN
20,141,1,1,O_Lure_51.bmp,Basket,NaN
20,142,1,1,O_Lure_61.bmp,Football,NaN
20,143,1,1,S_Lure_122.bmp,Mont Saint Michel,NaN
20,144,1,1,S_Image_103.bmp,Big Ben,NaN
20,145,1,1,O_Image_77.bmp,Radio,NaN
20,146,1,1,O_Image_90.bmp,Telephone,NaN
20,147,1,1,F_Image_15.bmp,Fidel Castro,NaN
20,148,1,1,S_Lure_98.bmp,Alcatraz,NaN
20,149,1,1,F_Lure_32.bmp,Mick Jagger,NaN
20,150,1,1,F_Lure_39.bmp,Robbie Williams,NaN
20,151,1,1,F_Lure_21.bmp,John Lennon,NaN
20,152,1,1,F_Image_18.bmp,Jack Nicholson,NaN
20,153,1,1,O_Image_52.bmp,Bed,NaN
20,154,1,1,S_Image_132.bmp,Red Square,NaN
20,155,1,1,S_Lure_107.bmp,Colosseum,NaN
20,156,1,1,F_Image_25.bmp,Leonardo DiCaprio,NaN
20,157,1,1,F_Lure_7.bmp,Britney Spears,NaN
20,158,1,1,S_Lure_143.bmp,Versailles,NaN
20,159,1,1,S_Lure_142.bmp,Tower Bridge,NaN
20,160,1,1,F_Lure_22.bmp,Judi Dench,NaN
20,161,1,1,S_Image_113.bmp,Grand Canyon,NaN
20,162,1,1,O_Lure_53.bmp,Belt,NaN
20,163,1,1,S_Image_105.bmp,Chichen Itza,NaN
20,164,1,1,F_Image_33.bmp,Mother Teresa,NaN
20,165,1,1,F_Image_16.bmp,George Bush,NaN
20,166,1,1,F_Lure_44.bmp,Tom Hanks,NaN
20,167,1,1,S_Lure_136.bmp,Sistine Chapel,NaN
20,168,1,1,F_Lure_12.bmp,David Beckham,NaN
20,169,1,1,F_Lure_45.bmp,Tony Blair,NaN
20,170,1,1,S_Lure_137.bmp,Statue Of Liberty,NaN
20,171,1,1,S_Image_107.bmp,Colosseum,NaN
20,172,1,1,F_Lure_48.bmp,Will Smith,NaN
20,173,1,1,S_Lure_118.bmp,Leaning Tower,NaN
20,174,1,1,O_Image_72.bmp,Lightbulb,NaN
20,175,1,1,F_Lure_11.bmp,Daniel Radcliffe,NaN
20,176,1,1,S_Image_122.bmp,Mont Saint Michel,NaN
20,177,1,1,S_Lure_144.bmp,White House,NaN
20,178,1,1,S_Image_115.bmp,Hagia Sophia,NaN
20,179,1,1,S_Lure_102.bmp,Ayers Rock,NaN
20,180,1,1,F_Image_14.bmp,Elvis Presley,NaN
20,181,1,1,O_Image_58.bmp,Canoe,NaN
20,182,1,1,F_Lure_26.bmp,Madonna,NaN
20,183,1,1,S_Image_136.bmp,Sistine Chapel,NaN
20,184,1,1,S_Image_102.bmp,Ayers Rock,NaN
20,185,1,1,O_Image_79.bmp,Remote Control,NaN
20,186,1,1,F_Lure_23.bmp,Julia Roberts,NaN
20,187,1,1,O_Lure_73.bmp,Microscope,NaN
20,188,1,1,S_Lure_134.bmp,Sagrada Familia,NaN
20,189,1,1,F_Image_7.bmp,Britney Spears,NaN
20,190,1,1,S_Image_110.bmp,Forbidden City,NaN
20,191,1,1,O_Image_80.bmp,Rope,NaN
20,192,1,1,O_Image_62.bmp,FryingPan,NaN
20,193,1,1,F_Image_1.bmp,Albert Einstein,NaN
20,194,1,1,S_Lure_132.bmp,Red Square,NaN
20,195,1,1,F_Lure_8.bmp,Cameron Diaz,NaN
20,196,1,1,F_Image_28.bmp,Margaret Thatcher,NaN
20,197,1,1,F_Lure_34.bmp,Nelson Mandela,NaN
20,198,1,1,O_Image_78.bmp,Razor,NaN
20,199,1,1,O_Lure_79.bmp,Remote Control,NaN
20,200,1,1,S_Image_144.bmp,White House,NaN
20,201,1,1,S_Lure_140.bmp,Taj Mahal,NaN
20,202,1,1,S_Image_111.bmp,Gizeh Pyramids,NaN
20,203,1,1,O_Image_86.bmp,Soother,NaN
20,204,1,1,F_Image_46.bmp,Wayne Rooney,NaN
20,205,1,1,O_Lure_71.bmp,Ladder,NaN
20,206,1,1,F_Lure_47.bmp,Whoopi Goldberg,NaN
20,207,1,1,O_Image_83.bmp,Shoe,NaN
20,208,1,1,F_Image_42.bmp,Scarlett Johansson,NaN
20,209,1,1,S_Image_99.bmp,Alhambra,NaN
20,210,1,1,S_Lure_105.bmp,Chichen Itza,NaN
20,211,1,1,F_Image_44.bmp,Tom Hanks,NaN
20,212,1,1,F_Lure_46.bmp,Wayne Rooney,NaN
20,213,1,1,F_Lure_2.bmp,Amy Winehouse,NaN
20,214,1,1,S_Image_109.bmp,Eiffel Tower,NaN
20,215,1,1,F_Image_39.bmp,Robbie Williams,NaN
20,216,1,1,O_Image_84.bmp,Skirt,NaN
20,217,1,1,O_Image_82.bmp,Scissors,NaN
20,218,1,1,O_Lure_81.bmp,Scale,NaN
20,219,1,1,F_Image_35.bmp,Nikola Sarkozy,NaN
20,220,1,1,O_Image_89.bmp,Teddybear,NaN
20,221,1,1,O_Lure_92.bmp,Trophy,NaN
20,222,1,1,O_Lure_60.bmp,Flask,NaN
20,223,1,1,F_Lure_29.bmp,Marilyn Monroe,NaN
20,224,1,1,F_Image_30.bmp,Meryl Streep,NaN
20,225,1,1,S_Image_101.bmp,Atomium,NaN
20,226,1,1,S_Lure_131.bmp,Rapa Nui,NaN
20,227,1,1,F_Image_45.bmp,Tony Blair,NaN
20,228,1,1,F_Lure_17.bmp,George Clooney,NaN
20,229,1,1,F_Lure_24.bmp,Keanu Reeves,NaN
20,230,1,1,O_Lure_67.bmp,Hammock,NaN
20,231,1,1,F_Image_12.bmp,David Beckham,NaN
20,232,1,1,O_Image_60.bmp,Flask,NaN
20,233,1,1,F_Lure_13.bmp,Elton John,NaN
20,234,1,1,F_Image_29.bmp,Marilyn Monroe,NaN
20,235,1,1,O_Lure_88.bmp,Suitcase,NaN
20,236,1,1,S_Image_118.bmp,Leaning Tower,NaN
20,237,1,1,S_Lure_99.bmp,Alhambra,NaN
20,238,1,1,O_Image_81.bmp,Scale,NaN
20,239,1,1,O_Lure_64.bmp,Goggles,NaN
20,240,1,1,O_Lure_69.bmp,Headphones,NaN
20,241,1,1,S_Lure_129.bmp,Petra,NaN
20,242,1,1,F_Lure_16.bmp,George Bush,NaN
20,243,1,1,O_Image_91.bmp,Torch,NaN
20,244,1,1,S_Lure_108.bmp,Dover Cliffs,NaN
20,245,1,1,S_Image_121.bmp,Mecca,NaN
20,246,1,1,S_Lure_113.bmp,Grand Canyon,NaN
20,247,1,1,O_Lure_95.bmp,Wheelchair,NaN
20,248,1,1,O_Lure_59.bmp,Fan,NaN
20,249,1,1,S_Image_125.bmp,Mount Rushmore,NaN
20,250,1,1,S_Lure_106.bmp,Christ The Redeemer,NaN
20,251,1,1,S_Image_142.bmp,Tower Bridge,NaN
20,252,1,1,F_Image_26.bmp,Madonna,NaN
20,253,1,1,F_Image_34.bmp,Nelson Mandela,NaN
20,254,1,1,O_Image_96.bmp,Wineglass,NaN
20,255,1,1,O_Lure_77.bmp,Radio,NaN
20,256,1,1,F_Lure_5.bmp,Bill Clinton,NaN
20,257,1,1,F_Lure_18.bmp,Jack Nicholson,NaN
20,258,1,1,O_Image_54.bmp,Bicycle,NaN
20,259,1,1,O_Lure_49.bmp,Anchor,NaN
20,260,1,1,O_Lure_66.bmp,Guitar,NaN
20,261,1,1,S_Lure_100.bmp,Angkor Wat,NaN
20,262,1,1,F_Image_17.bmp,George Clooney,NaN
20,263,1,1,O_Image_93.bmp,Umbrella,NaN
20,264,1,1,O_Image_95.bmp,Wheelchair,NaN
20,265,1,1,S_Image_140.bmp,Taj Mahal,NaN
20,266,1,1,O_Image_70.bmp,Key,NaN
20,267,1,1,O_Lure_70.bmp,Key,NaN
20,268,1,1,F_Lure_25.bmp,Leonardo DiCaprio,NaN
20,269,1,1,O_Lure_68.bmp,Hat,NaN
20,270,1,1,F_Lure_43.bmp,Tom Cruise,NaN
20,271,1,1,O_Lure_52.bmp,Bed,NaN
20,272,1,1,S_Lure_123.bmp,Mount Everest,NaN
20,273,1,1,F_Image_36.bmp,Penelope Cruz,NaN
20,274,1,1,F_Image_27.bmp,Mahadma Gandhi,NaN
20,275,1,1,S_Image_117.bmp,Kings College,NaN
20,276,1,1,O_Lure_84.bmp,Skirt,NaN
20,277,1,1,S_Image_130.bmp,Potala Palace,NaN
20,278,1,1,O_Image_87.bmp,Stapler,NaN
20,279,1,1,F_Image_8.bmp,Cameron Diaz,NaN
20,280,1,1,S_Image_119.bmp,Louvre,NaN
20,281,1,1,S_Image_123.bmp,Mount Everest,NaN
20,282,1,1,S_Lure_128.bmp,Notre Dame,NaN
20,283,1,1,S_Lure_97.bmp,Akropolis,NaN
20,284,1,1,O_Lure_90.bmp,Telephone,NaN
20,285,1,1,O_Image_63.bmp,Globe,NaN
20,286,1,1,S_Lure_141.bmp,Time Square,NaN
20,287,1,1,S_Image_139.bmp,Sydney Opera,NaN
20,288,1,1,O_Image_73.bmp,Microscope,NaN
20,289,1,1,F_Lure_19.bmp,James Dean,NaN
20,290,1,1,S_Lure_117.bmp,Kings College,NaN
20,291,1,1,F_Lure_40.bmp,Robert De Niro,NaN
20,292,1,1,F_Lure_36.bmp,Penelope Cruz,NaN
20,293,1,1,F_Lure_42.bmp,Scarlett Johansson,NaN
20,294,1,1,F_Image_23.bmp,Julia Roberts,NaN
20,295,1,1,F_Image_11.bmp,Daniel Radcliffe,NaN
20,296,1,1,F_Image_22.bmp,Judi Dench,NaN
20,297,1,1,S_Image_97.bmp,Akropolis,NaN
20,298,1,1,S_Lure_133.bmp,Rialto Bridge,NaN
20,299,1,1,F_Lure_15.bmp,Fidel Castro,NaN
20,300,1,1,F_Lure_41.bmp,Rod Steward,NaN
20,301,1,1,F_Lure_3.bmp,Angela Merkel,NaN
20,302,1,1,S_Lure_103.bmp,Big Ben,NaN
20,303,1,1,S_Lure_115.bmp,Hagia Sophia,NaN
20,304,1,1,F_Image_47.bmp,Whoopi Goldberg,NaN
20,305,1,1,F_Image_3.bmp,Angela Merkel,NaN
20,306,1,1,S_Image_126.bmp,Neu schwanstein Castle,NaN
20,307,1,1,F_Image_40.bmp,Robert De Niro,NaN
20,308,1,1,S_Image_98.bmp,Alcatraz,NaN
20,309,1,1,S_Lure_130.bmp,Potala Palace,NaN
20,310,1,1,F_Lure_35.bmp,Nikola Sarkozy,NaN
20,311,1,1,F_Image_13.bmp,Elton John,NaN
20,312,1,1,F_Lure_28.bmp,Margaret Thatcher,NaN
20,313,1,1,S_Image_100.bmp,Angkor Wat,NaN
20,314,1,1,F_Image_41.bmp,Rod Steward,NaN
20,315,1,1,S_Image_134.bmp,Sagrada Familia,NaN
20,316,1,1,S_Image_133.bmp,Rialto Bridge,NaN
20,317,1,1,S_Lure_126.bmp,Neu schwanstein Castle,NaN
20,318,1,1,S_Image_108.bmp,Dover Cliffs,NaN
20,319,1,1,S_Image_129.bmp,Petra,NaN
20,320,1,1,F_Lure_30.bmp,Meryl Streep,NaN
20,321,1,1,F_Lure_37.bmp,Pierce Brosnan,NaN
20,322,1,1,F_Image_32.bmp,Mick Jagger,NaN
20,323,1,1,F_Image_24.bmp,Keanu Reeves,NaN
20,324,1,1,S_Lure_122.bmp,Mont Saint Michel,NaN
20,325,1,1,S_Image_103.bmp,Big Ben,NaN
20,326,1,1,F_Image_15.bmp,Fidel Castro,NaN
20,327,1,1,S_Lure_98.bmp,Alcatraz,NaN
20,328,1,1,F_Lure_32.bmp,Mick Jagger,NaN
20,329,1,1,F_Lure_39.bmp,Robbie Williams,NaN
20,330,1,1,F_Image_18.bmp,Jack Nicholson,NaN
20,331,1,1,S_Lure_142.bmp,Tower Bridge,NaN
20,332,1,1,F_Lure_22.bmp,Judi Dench,NaN
20,333,1,1,S_Image_105.bmp,Chichen Itza,NaN
20,334,1,1,S_Lure_136.bmp,Sistine Chapel,NaN
20,335,1,1,F_Lure_45.bmp,Tony Blair,NaN
20,336,1,1,F_Lure_11.bmp,Daniel Radcliffe,NaN
20,337,1,1,S_Image_122.bmp,Mont Saint Michel,NaN
20,338,1,1,S_Image_115.bmp,Hagia Sophia,NaN
20,339,1,1,S_Lure_102.bmp,Ayers Rock,NaN
20,340,1,1,S_Image_136.bmp,Sistine Chapel,NaN
20,341,1,1,S_Image_102.bmp,Ayers Rock,NaN
20,342,1,1,S_Lure_134.bmp,Sagrada Familia,NaN
20,343,1,1,F_Image_28.bmp,Margaret Thatcher,NaN
20,344,1,1,F_Lure_47.bmp,Whoopi Goldberg,NaN
20,345,1,1,F_Image_42.bmp,Scarlett Johansson,NaN
20,346,1,1,S_Image_99.bmp,Alhambra,NaN
20,347,1,1,S_Lure_105.bmp,Chichen Itza,NaN
20,348,1,1,F_Lure_2.bmp,Amy Winehouse,NaN
20,349,1,1,F_Image_39.bmp,Robbie Williams,NaN
20,350,1,1,F_Image_35.bmp,Nikola Sarkozy,NaN
20,351,1,1,F_Image_30.bmp,Meryl Streep,NaN
20,352,1,1,F_Image_45.bmp,Tony Blair,NaN
20,353,1,1,F_Lure_17.bmp,George Clooney,NaN
20,354,1,1,F_Lure_24.bmp,Keanu Reeves,NaN
20,355,1,1,F_Lure_13.bmp,Elton John,NaN
20,356,1,1,S_Lure_99.bmp,Alhambra,NaN
20,357,1,1,S_Lure_129.bmp,Petra,NaN
20,358,1,1,S_Lure_108.bmp,Dover Cliffs,NaN
20,359,1,1,S_Image_142.bmp,Tower Bridge,NaN
20,360,1,1,F_Lure_18.bmp,Jack Nicholson,NaN
20,361,1,1,S_Lure_100.bmp,Angkor Wat,NaN
20,362,1,1,F_Image_17.bmp,George Clooney,NaN
20,363,1,1,F_Image_36.bmp,Penelope Cruz,NaN
20,364,1,1,S_Image_117.bmp,Kings College,NaN
20,365,1,1,S_Image_130.bmp,Potala Palace,NaN
20,366,1,1,S_Lure_97.bmp,Akropolis,NaN
20,367,1.5,1,S_Image_134.bmp,Sagrada Familia,scar
20,368,1.5,1,F_Image_14.bmp,Elvis Presley,stem
20,369,1.5,1,S_Image_123.bmp,Mount Everest,costume
20,370,1.5,1,F_Image_1.bmp,Albert Einstein,tail
20,371,1.5,1,S_Image_141.bmp,Time Square,magnet
20,372,1.5,1,O_Image_63.bmp,Globe,poison
20,373,1.5,1,O_Image_59.bmp,Fan,water
20,374,1.5,1,S_Image_105.bmp,Chichen Itza,black
20,375,1.5,1,F_Image_45.bmp,Tony Blair,seed
20,376,1.5,1,F_Image_40.bmp,Robert De Niro,corpse
20,377,1.5,1,F_Image_12.bmp,David Beckham,arrow
20,378,1.5,1,O_Image_77.bmp,Radio,cone
20,379,1.5,1,F_Image_9.bmp,Charlie Chaplin,sand
20,380,1.5,1,S_Image_104.bmp,Brandenburg Gate,menu
20,381,1.5,1,O_Image_72.bmp,Lightbulb,money
20,382,1.5,1,O_Image_58.bmp,Canoe,vegetable
20,383,1.5,1,O_Image_78.bmp,Razor,signal
20,384,1.5,1,S_Image_126.bmp,Neu schwanstein Castle,marble
20,385,1.5,1,O_Image_87.bmp,Stapler,tear
20,386,1.5,1,F_Image_36.bmp,Penelope Cruz,shadow
20,387,1.5,1,F_Image_30.bmp,Meryl Streep,rust
20,388,1.5,1,O_Image_88.bmp,Suitcase,rock
20,389,1.5,1,O_Image_82.bmp,Scissors,tourist
20,390,1.5,1,O_Image_50.bmp,Barbecue,snow
20,391,2,1,S_Image_105.bmp-S_Lure_105.bmp,Chichen Itza,black
20,392,2,1,O_Image_77.bmp-O_Lure_77.bmp,Radio,cone
20,393,2,1,F_Image_12.bmp-F_Lure_12.bmp,David Beckham,arrow
20,394,2,1,O_Image_50.bmp-O_Lure_50.bmp,Barbecue,snow
20,395,2,1,S_Image_141.bmp-S_Lure_141.bmp,Time Square,magnet
20,396,2,1,F_Image_14.bmp-F_Lure_14.bmp,Elvis Presley,stem
20,397,2,1,S_Image_123.bmp-S_Lure_123.bmp,Mount Everest,costume
20,398,2,1,S_Image_134.bmp-S_Lure_134.bmp,Sagrada Familia,scar
20,399,2,1,F_Image_45.bmp-F_Lure_45.bmp,Tony Blair,seed
20,400,2,1,O_Image_88.bmp-O_Lure_88.bmp,Suitcase,rock
20,401,2,1,S_Image_104.bmp-S_Lure_104.bmp,Brandenburg Gate,menu
20,402,2,1,S_Image_126.bmp-S_Lure_126.bmp,Neu schwanstein Castle,marble
20,403,2,1,O_Image_58.bmp-O_Lure_58.bmp,Canoe,vegetable
20,404,2,1,O_Image_72.bmp-O_Lure_72.bmp,Lightbulb,money
20,405,2,1,F_Image_1.bmp-F_Lure_1.bmp,Albert Einstein,tail
20,406,2,1,O_Image_59.bmp-O_Lure_59.bmp,Fan,water
20,407,2,1,F_Image_9.bmp-F_Lure_9.bmp,Charlie Chaplin,sand
20,408,2,1,O_Image_78.bmp-O_Lure_78.bmp,Razor,signal
20,409,2,1,O_Image_82.bmp-O_Lure_82.bmp,Scissors,tourist
20,410,2,1,F_Image_36.bmp-F_Lure_36.bmp,Penelope Cruz,shadow
20,411,2,1,F_Image_40.bmp-F_Lure_40.bmp,Robert De Niro,corpse
20,412,2,1,O_Image_63.bmp-O_Lure_63.bmp,Globe,poison
20,413,2,1,O_Image_87.bmp-O_Lure_87.bmp,Stapler,tear
20,414,2,1,F_Image_30.bmp-F_Lure_30.bmp,Meryl Streep,rust
20,415,3,1,O_Image_78.bmp-O_Lure_78.bmp,Razor,signal
20,416,3,1,S_Image_126.bmp-S_Lure_126.bmp,Neu schwanstein Castle,marble
20,417,3,1,F_Image_30.bmp-F_Lure_30.bmp,Meryl Streep,rust
20,418,3,1,S_Image_141.bmp-S_Lure_141.bmp,Time Square,magnet
20,419,3,1,O_Image_72.bmp-O_Lure_72.bmp,Lightbulb,money
20,420,3,1,F_Image_45.bmp-F_Lure_45.bmp,Tony Blair,seed
20,421,3,1,F_Image_40.bmp-F_Lure_40.bmp,Robert De Niro,corpse
20,422,3,1,O_Image_58.bmp-O_Lure_58.bmp,Canoe,vegetable
20,423,3,1,S_Image_104.bmp-S_Lure_104.bmp,Brandenburg Gate,menu
20,424,3,1,F_Image_9.bmp-F_Lure_9.bmp,Charlie Chaplin,sand
20,425,3,1,O_Image_77.bmp-O_Lure_77.bmp,Radio,cone
20,426,3,1,S_Image_105.bmp-S_Lure_105.bmp,Chichen Itza,black
20,427,3,1,O_Image_87.bmp-O_Lure_87.bmp,Stapler,tear
20,428,3,1,S_Image_123.bmp-S_Lure_123.bmp,Mount Everest,costume
20,429,3,1,F_Image_12.bmp-F_Lure_12.bmp,David Beckham,arrow
20,430,3,1,O_Image_59.bmp-O_Lure_59.bmp,Fan,water
20,431,3,1,F_Image_14.bmp-F_Lure_14.bmp,Elvis Presley,stem
20,432,3,1,F_Image_36.bmp-F_Lure_36.bmp,Penelope Cruz,shadow
20,433,3,1,O_Image_63.bmp-O_Lure_63.bmp,Globe,poison
20,434,3,1,O_Image_50.bmp-O_Lure_50.bmp,Barbecue,snow
20,435,3,1,F_Image_1.bmp-F_Lure_1.bmp,Albert Einstein,tail
20,436,3,1,O_Image_82.bmp-O_Lure_82.bmp,Scissors,tourist
20,437,3,1,O_Image_88.bmp-O_Lure_88.bmp,Suitcase,rock
20,438,3,1,S_Image_134.bmp-S_Lure_134.bmp,Sagrada Familia,scar
20,439,1.5,2,F_Image_33.bmp,Mother Teresa,asphalt
20,440,1.5,2,S_Image_127.bmp,Niagara Falls,stripe
20,441,1.5,2,F_Image_47.bmp,Whoopi Goldberg,lever
20,442,1.5,2,O_Image_95.bmp,Wheelchair,flood
20,443,1.5,2,F_Image_20.bmp,Jennifer Lopez,hostage
20,444,1.5,2,S_Image_115.bmp,Hagia Sophia,ghost
20,445,1.5,2,O_Image_90.bmp,Telephone,giant
20,446,1.5,2,F_Image_34.bmp,Nelson Mandela,honeymoon
20,447,1.5,2,F_Image_15.bmp,Fidel Castro,orchestra
20,448,1.5,2,S_Image_135.bmp,Sahara Desert,fire
20,449,1.5,2,F_Image_6.bmp,Brad Pitt,hurricane
20,450,1.5,2,O_Image_73.bmp,Microscope,measles
20,451,1.5,2,S_Image_124.bmp,Mount Fuji,tube
20,452,1.5,2,O_Image_83.bmp,Shoe,yellow
20,453,1.5,2,O_Image_68.bmp,Hat,corner
20,454,1.5,2,S_Image_107.bmp,Colosseum,wound
20,455,1.5,2,F_Image_35.bmp,Nikola Sarkozy,spray
20,456,1.5,2,F_Image_31.bmp,Michael Jackson,drizzle
20,457,1.5,2,S_Image_114.bmp,Great Wall,army
20,458,1.5,2,F_Image_38.bmp,Queen Elisabeth,sunshine
20,459,1.5,2,S_Image_133.bmp,Rialto Bridge,antique
20,460,1.5,2,F_Image_3.bmp,Angela Merkel,harem
20,461,1.5,2,S_Image_100.bmp,Angkor Wat,wool
20,462,1.5,2,F_Image_18.bmp,Jack Nicholson,fuel
20,463,2,2,S_Image_133.bmp-S_Lure_133.bmp,Rialto Bridge,antique
20,464,2,2,S_Image_107.bmp-S_Lure_107.bmp,Colosseum,wound
20,465,2,2,O_Image_68.bmp-O_Lure_68.bmp,Hat,corner
20,466,2,2,F_Image_15.bmp-F_Lure_15.bmp,Fidel Castro,orchestra
20,467,2,2,O_Image_83.bmp-O_Lure_83.bmp,Shoe,yellow
20,468,2,2,F_Image_20.bmp-F_Lure_20.bmp,Jennifer Lopez,hostage
20,469,2,2,F_Image_18.bmp-F_Lure_18.bmp,Jack Nicholson,fuel
20,470,2,2,F_Image_34.bmp-F_Lure_34.bmp,Nelson Mandela,honeymoon
20,471,2,2,S_Image_115.bmp-S_Lure_115.bmp,Hagia Sophia,ghost
20,472,2,2,O_Image_73.bmp-O_Lure_73.bmp,Microscope,measles
20,473,2,2,S_Image_100.bmp-S_Lure_100.bmp,Angkor Wat,wool
20,474,2,2,F_Image_31.bmp-F_Lure_31.bmp,Michael Jackson,drizzle
20,475,2,2,S_Image_135.bmp-S_Lure_135.bmp,Sahara Desert,fire
20,476,2,2,F_Image_6.bmp-F_Lure_6.bmp,Brad Pitt,hurricane
20,477,2,2,F_Image_38.bmp-F_Lure_38.bmp,Queen Elisabeth,sunshine
20,478,2,2,F_Image_35.bmp-F_Lure_35.bmp,Nikola Sarkozy,spray
20,479,2,2,S_Image_124.bmp-S_Lure_124.bmp,Mount Fuji,tube
20,480,2,2,S_Image_127.bmp-S_Lure_127.bmp,Niagara Falls,stripe
20,481,2,2,F_Image_47.bmp-F_Lure_47.bmp,Whoopi Goldberg,lever
20,482,2,2,F_Image_33.bmp-F_Lure_33.bmp,Mother Teresa,asphalt
20,483,2,2,O_Image_95.bmp-O_Lure_95.bmp,Wheelchair,flood
20,484,2,2,S_Image_114.bmp-S_Lure_114.bmp,Great Wall,army
20,485,2,2,O_Image_90.bmp-O_Lure_90.bmp,Telephone,giant
20,486,2,2,F_Image_3.bmp-F_Lure_3.bmp,Angela Merkel,harem
20,487,3,2,F_Image_15.bmp-F_Lure_15.bmp,Fidel Castro,orchestra
20,488,3,2,F_Image_18.bmp-F_Lure_18.bmp,Jack Nicholson,fuel
20,489,3,2,S_Image_135.bmp-S_Lure_135.bmp,Sahara Desert,fire
20,490,3,2,S_Image_107.bmp-S_Lure_107.bmp,Colosseum,wound
20,491,3,2,O_Image_83.bmp-O_Lure_83.bmp,Shoe,yellow
20,492,3,2,F_Image_6.bmp-F_Lure_6.bmp,Brad Pitt,hurricane
20,493,3,2,F_Image_47.bmp-F_Lure_47.bmp,Whoopi Goldberg,lever
20,494,3,2,S_Image_115.bmp-S_Lure_115.bmp,Hagia Sophia,ghost
20,495,3,2,S_Image_127.bmp-S_Lure_127.bmp,Niagara Falls,stripe
20,496,3,2,O_Image_73.bmp-O_Lure_73.bmp,Microscope,measles
20,497,3,2,F_Image_38.bmp-F_Lure_38.bmp,Queen Elisabeth,sunshine
20,498,3,2,F_Image_31.bmp-F_Lure_31.bmp,Michael Jackson,drizzle
20,499,3,2,O_Image_95.bmp-O_Lure_95.bmp,Wheelchair,flood
20,500,3,2,F_Image_20.bmp-F_Lure_20.bmp,Jennifer Lopez,hostage
20,501,3,2,S_Image_114.bmp-S_Lure_114.bmp,Great Wall,army
20,502,3,2,S_Image_124.bmp-S_Lure_124.bmp,Mount Fuji,tube
20,503,3,2,O_Image_68.bmp-O_Lure_68.bmp,Hat,corner
20,504,3,2,S_Image_133.bmp-S_Lure_133.bmp,Rialto Bridge,antique
20,505,3,2,F_Image_33.bmp-F_Lure_33.bmp,Mother Teresa,asphalt
20,506,3,2,S_Image_100.bmp-S_Lure_100.bmp,Angkor Wat,wool
20,507,3,2,O_Image_90.bmp-O_Lure_90.bmp,Telephone,giant
20,508,3,2,F_Image_3.bmp-F_Lure_3.bmp,Angela Merkel,harem
20,509,3,2,F_Image_35.bmp-F_Lure_35.bmp,Nikola Sarkozy,spray
20,510,3,2,F_Image_34.bmp-F_Lure_34.bmp,Nelson Mandela,honeymoon
20,511,1.5,3,O_Image_96.bmp,Wineglass,witch
20,512,1.5,3,S_Image_139.bmp,Sydney Opera,angel
20,513,1.5,3,S_Image_120.bmp,Machu Picchu,wreck
20,514,1.5,3,S_Image_143.bmp,Versailles,galaxy
20,515,1.5,3,S_Image_136.bmp,Sistine Chapel,spike
20,516,1.5,3,O_Image_85.bmp,Sock,slope
20,517,1.5,3,S_Image_97.bmp,Akropolis,attack
20,518,1.5,3,S_Image_109.bmp,Eiffel Tower,sweat
20,519,1.5,3,O_Image_57.bmp,Brush,paper
20,520,1.5,3,F_Image_4.bmp,Barack Obama,triangle
20,521,1.5,3,O_Image_49.bmp,Anchor,crumb
20,522,1.5,3,O_Image_86.bmp,Soother,laundry
20,523,1.5,3,S_Image_110.bmp,Forbidden City,kiss
20,524,1.5,3,O_Image_92.bmp,Trophy,alien
20,525,1.5,3,F_Image_39.bmp,Robbie Williams,bubble
20,526,1.5,3,S_Image_129.bmp,Petra,steam
20,527,1.5,3,F_Image_13.bmp,Elton John,quake
20,528,1.5,3,F_Image_32.bmp,Mick Jagger,cloud
20,529,1.5,3,O_Image_75.bmp,Necklace,breakfast
20,530,1.5,3,S_Image_112.bmp,Golden Gate Bridge,shell
20,531,1.5,3,F_Image_29.bmp,Marilyn Monroe,arch
20,532,1.5,3,O_Image_52.bmp,Bed,animal
20,533,1.5,3,O_Image_64.bmp,Goggles,alcohol
20,534,1.5,3,S_Image_132.bmp,Red Square,board
20,535,2,3,O_Image_96.bmp-O_Lure_96.bmp,Wineglass,witch
20,536,2,3,S_Image_112.bmp-S_Lure_112.bmp,Golden Gate Bridge,shell
20,537,2,3,O_Image_92.bmp-O_Lure_92.bmp,Trophy,alien
20,538,2,3,S_Image_143.bmp-S_Lure_143.bmp,Versailles,galaxy
20,539,2,3,S_Image_129.bmp-S_Lure_129.bmp,Petra,steam
20,540,2,3,F_Image_32.bmp-F_Lure_32.bmp,Mick Jagger,cloud
20,541,2,3,S_Image_120.bmp-S_Lure_120.bmp,Machu Picchu,wreck
20,542,2,3,O_Image_75.bmp-O_Lure_75.bmp,Necklace,breakfast
20,543,2,3,O_Image_57.bmp-O_Lure_57.bmp,Brush,paper
20,544,2,3,S_Image_136.bmp-S_Lure_136.bmp,Sistine Chapel,spike
20,545,2,3,O_Image_85.bmp-O_Lure_85.bmp,Sock,slope
20,546,2,3,S_Image_132.bmp-S_Lure_132.bmp,Red Square,board
20,547,2,3,S_Image_139.bmp-S_Lure_139.bmp,Sydney Opera,angel
20,548,2,3,O_Image_52.bmp-O_Lure_52.bmp,Bed,animal
20,549,2,3,S_Image_97.bmp-S_Lure_97.bmp,Akropolis,attack
20,550,2,3,F_Image_13.bmp-F_Lure_13.bmp,Elton John,quake
20,551,2,3,O_Image_49.bmp-O_Lure_49.bmp,Anchor,crumb
20,552,2,3,F_Image_29.bmp-F_Lure_29.bmp,Marilyn Monroe,arch
20,553,2,3,O_Image_86.bmp-O_Lure_86.bmp,Soother,laundry
20,554,2,3,S_Image_109.bmp-S_Lure_109.bmp,Eiffel Tower,sweat
20,555,2,3,O_Image_64.bmp-O_Lure_64.bmp,Goggles,alcohol
20,556,2,3,F_Image_4.bmp-F_Lure_4.bmp,Barack Obama,triangle
20,557,2,3,F_Image_39.bmp-F_Lure_39.bmp,Robbie Williams,bubble
20,558,2,3,S_Image_110.bmp-S_Lure_110.bmp,Forbidden City,kiss
20,559,3,3,S_Image_143.bmp-S_Lure_143.bmp,Versailles,galaxy
20,560,3,3,F_Image_32.bmp-F_Lure_32.bmp,Mick Jagger,cloud
20,561,3,3,S_Image_112.bmp-S_Lure_112.bmp,Golden Gate Bridge,shell
20,562,3,3,S_Image_136.bmp-S_Lure_136.bmp,Sistine Chapel,spike
20,563,3,3,F_Image_13.bmp-F_Lure_13.bmp,Elton John,quake
20,564,3,3,O_Image_75.bmp-O_Lure_75.bmp,Necklace,breakfast
20,565,3,3,S_Image_97.bmp-S_Lure_97.bmp,Akropolis,attack
20,566,3,3,S_Image_110.bmp-S_Lure_110.bmp,Forbidden City,kiss
20,567,3,3,O_Image_86.bmp-O_Lure_86.bmp,Soother,laundry
20,568,3,3,S_Image_109.bmp-S_Lure_109.bmp,Eiffel Tower,sweat
20,569,3,3,F_Image_39.bmp-F_Lure_39.bmp,Robbie Williams,bubble
20,570,3,3,F_Image_4.bmp-F_Lure_4.bmp,Barack Obama,triangle
20,571,3,3,S_Image_139.bmp-S_Lure_139.bmp,Sydney Opera,angel
20,572,3,3,S_Image_120.bmp-S_Lure_120.bmp,Machu Picchu,wreck
20,573,3,3,S_Image_129.bmp-S_Lure_129.bmp,Petra,steam
20,574,3,3,O_Image_64.bmp-O_Lure_64.bmp,Goggles,alcohol
20,575,3,3,F_Image_29.bmp-F_Lure_29.bmp,Marilyn Monroe,arch
20,576,3,3,O_Image_52.bmp-O_Lure_52.bmp,Bed,animal
20,577,3,3,O_Image_92.bmp-O_Lure_92.bmp,Trophy,alien
20,578,3,3,S_Image_132.bmp-S_Lure_132.bmp,Red Square,board
20,579,3,3,O_Image_85.bmp-O_Lure_85.bmp,Sock,slope
20,580,3,3,O_Image_57.bmp-O_Lure_57.bmp,Brush,paper
20,581,3,3,O_Image_49.bmp-O_Lure_49.bmp,Anchor,crumb
20,582,3,3,O_Image_96.bmp-O_Lure_96.bmp,Wineglass,witch
20,583,3.5,1,F_Image_26.bmp,Madonna,steam
20,584,3.5,1,O_Image_51.bmp,Basket,ghost
20,585,3.5,1,F_Image_42.bmp,Scarlett Johansson,black
20,586,3.5,1,O_Image_76.bmp,Pillows,arrow
20,587,3.5,1,F_Image_22.bmp,Judi Dench,money
20,588,3.5,1,F_Image_10.bmp,Dalai Lama,crumb
20,589,3.5,1,F_Image_37.bmp,Pierce Brosnan,fire
20,590,3.5,1,O_Image_66.bmp,Guitar,stripe
20,591,3.5,1,O_Image_61.bmp,Football,wool
20,592,3.5,1,S_Image_138.bmp,Stonehenge,sunshine
20,593,3.5,1,O_Image_55.bmp,Binoculars,costume
20,594,3.5,1,F_Image_11.bmp,Daniel Radcliffe,vegetable
20,595,3.5,1,O_Image_65.bmp,GrandPiano,board
20,596,3.5,1,F_Image_27.bmp,Mahadma Gandhi,attack
20,597,3.5,1,S_Image_99.bmp,Alhambra,rock
20,598,3.5,1,O_Image_89.bmp,Teddybear,hurricane
20,599,3.5,1,O_Image_79.bmp,Remote Control,quake
20,600,3.5,1,F_Image_28.bmp,Margaret Thatcher,angel
20,601,3.5,1,O_Image_71.bmp,Ladder,orchestra
20,602,3.5,1,S_Image_128.bmp,Notre Dame,asphalt
20,603,3.5,1,F_Image_48.bmp,Will Smith,menu
20,604,3.5,1,S_Image_137.bmp,Statue Of Liberty,rust
20,605,3.5,1,O_Image_62.bmp,FryingPan,magnet
20,606,3.5,1,F_Image_46.bmp,Wayne Rooney,marble
20,607,4,1,F_Image_26.bmp-F_Lure_26.bmp,Madonna,steam
20,608,4,1,O_Image_79.bmp-O_Lure_79.bmp,Remote Control,quake
20,609,4,1,O_Image_51.bmp-O_Lure_51.bmp,Basket,ghost
20,610,4,1,S_Image_138.bmp-S_Lure_138.bmp,Stonehenge,sunshine
20,611,4,1,F_Image_37.bmp-F_Lure_37.bmp,Pierce Brosnan,fire
20,612,4,1,O_Image_66.bmp-O_Lure_66.bmp,Guitar,stripe
20,613,4,1,O_Image_89.bmp-O_Lure_89.bmp,Teddybear,hurricane
20,614,4,1,F_Image_48.bmp-F_Lure_48.bmp,Will Smith,menu
20,615,4,1,F_Image_46.bmp-F_Lure_46.bmp,Wayne Rooney,marble
20,616,4,1,O_Image_62.bmp-O_Lure_62.bmp,FryingPan,magnet
20,617,4,1,F_Image_10.bmp-F_Lure_10.bmp,Dalai Lama,crumb
20,618,4,1,F_Image_27.bmp-F_Lure_27.bmp,Mahadma Gandhi,attack
20,619,4,1,O_Image_61.bmp-O_Lure_61.bmp,Football,wool
20,620,4,1,O_Image_55.bmp-O_Lure_55.bmp,Binoculars,costume
20,621,4,1,O_Image_71.bmp-O_Lure_71.bmp,Ladder,orchestra
20,622,4,1,O_Image_65.bmp-O_Lure_65.bmp,GrandPiano,board
20,623,4,1,S_Image_137.bmp-S_Lure_137.bmp,Statue Of Liberty,rust
20,624,4,1,F_Image_28.bmp-F_Lure_28.bmp,Margaret Thatcher,angel
20,625,4,1,S_Image_128.bmp-S_Lure_128.bmp,Notre Dame,asphalt
20,626,4,1,F_Image_22.bmp-F_Lure_22.bmp,Judi Dench,money
20,627,4,1,S_Image_99.bmp-S_Lure_99.bmp,Alhambra,rock
20,628,4,1,F_Image_42.bmp-F_Lure_42.bmp,Scarlett Johansson,black
20,629,4,1,F_Image_11.bmp-F_Lure_11.bmp,Daniel Radcliffe,vegetable
20,630,4,1,O_Image_76.bmp-O_Lure_76.bmp,Pillows,arrow
20,631,3.5,2,S_Image_113.bmp,Grand Canyon,corner
20,632,3.5,2,F_Image_43.bmp,Tom Cruise,wreck
20,633,3.5,2,O_Image_91.bmp,Torch,shadow
20,634,3.5,2,F_Image_41.bmp,Rod Steward,tube
20,635,3.5,2,O_Image_60.bmp,Flask,wound
20,636,3.5,2,O_Image_53.bmp,Belt,antique
20,637,3.5,2,S_Image_103.bmp,Big Ben,signal
20,638,3.5,2,F_Image_5.bmp,Bill Clinton,giant
20,639,3.5,2,F_Image_7.bmp,Britney Spears,poison
20,640,3.5,2,S_Image_125.bmp,Mount Rushmore,bubble
20,641,3.5,2,O_Image_84.bmp,Skirt,fuel
20,642,3.5,2,F_Image_21.bmp,John Lennon,slope
20,643,3.5,2,O_Image_54.bmp,Bicycle,scar
20,644,3.5,2,F_Image_44.bmp,Tom Hanks,army
20,645,3.5,2,S_Image_144.bmp,White House,sand
20,646,3.5,2,S_Image_98.bmp,Alcatraz,tourist
20,647,3.5,2,O_Image_80.bmp,Rope,hostage
20,648,3.5,2,F_Image_8.bmp,Cameron Diaz,cone
20,649,3.5,2,O_Image_74.bmp,Mirror,triangle
20,650,3.5,2,S_Image_130.bmp,Potala Palace,honeymoon
20,651,3.5,2,S_Image_131.bmp,Rapa Nui,cloud
20,652,3.5,2,O_Image_70.bmp,Key,harem
20,653,3.5,2,S_Image_101.bmp,Atomium,alcohol
20,654,3.5,2,S_Image_119.bmp,Louvre,drizzle
20,655,4,2,S_Image_144.bmp-S_Lure_144.bmp,White House,sand
20,656,4,2,F_Image_8.bmp-F_Lure_8.bmp,Cameron Diaz,cone
20,657,4,2,O_Image_80.bmp-O_Lure_80.bmp,Rope,hostage
20,658,4,2,S_Image_103.bmp-S_Lure_103.bmp,Big Ben,signal
20,659,4,2,O_Image_54.bmp-O_Lure_54.bmp,Bicycle,scar
20,660,4,2,O_Image_91.bmp-O_Lure_91.bmp,Torch,shadow
20,661,4,2,O_Image_70.bmp-O_Lure_70.bmp,Key,harem
20,662,4,2,F_Image_43.bmp-F_Lure_43.bmp,Tom Cruise,wreck
20,663,4,2,O_Image_53.bmp-O_Lure_53.bmp,Belt,antique
20,664,4,2,F_Image_7.bmp-F_Lure_7.bmp,Britney Spears,poison
20,665,4,2,F_Image_5.bmp-F_Lure_5.bmp,Bill Clinton,giant
20,666,4,2,O_Image_60.bmp-O_Lure_60.bmp,Flask,wound
20,667,4,2,F_Image_21.bmp-F_Lure_21.bmp,John Lennon,slope
20,668,4,2,F_Image_44.bmp-F_Lure_44.bmp,Tom Hanks,army
20,669,4,2,S_Image_119.bmp-S_Lure_119.bmp,Louvre,drizzle
20,670,4,2,S_Image_130.bmp-S_Lure_130.bmp,Potala Palace,honeymoon
20,671,4,2,S_Image_113.bmp-S_Lure_113.bmp,Grand Canyon,corner
20,672,4,2,O_Image_84.bmp-O_Lure_84.bmp,Skirt,fuel
20,673,4,2,O_Image_74.bmp-O_Lure_74.bmp,Mirror,triangle
20,674,4,2,S_Image_98.bmp-S_Lure_98.bmp,Alcatraz,tourist
20,675,4,2,S_Image_125.bmp-S_Lure_125.bmp,Mount Rushmore,bubble
20,676,4,2,F_Image_41.bmp-F_Lure_41.bmp,Rod Steward,tube
20,677,4,2,S_Image_131.bmp-S_Lure_131.bmp,Rapa Nui,cloud
20,678,4,2,S_Image_101.bmp-S_Lure_101.bmp,Atomium,alcohol
20,679,3.5,3,S_Image_106.bmp,Christ The Redeemer,breakfast
20,680,3.5,3,S_Image_116.bmp,Hollywood Sign,animal
20,681,3.5,3,S_Image_117.bmp,Kings College,snow
20,682,3.5,3,S_Image_122.bmp,Mont Saint Michel,stem
20,683,3.5,3,S_Image_140.bmp,Taj Mahal,lever
20,684,3.5,3,S_Image_108.bmp,Dover Cliffs,flood
20,685,3.5,3,O_Image_67.bmp,Hammock,kiss
20,686,3.5,3,O_Image_81.bmp,Scale,seed
20,687,3.5,3,F_Image_2.bmp,Amy Winehouse,water
20,688,3.5,3,S_Image_121.bmp,Mecca,arch
20,689,3.5,3,F_Image_24.bmp,Keanu Reeves,sweat
20,690,3.5,3,F_Image_19.bmp,James Dean,measles
20,691,3.5,3,O_Image_69.bmp,Headphones,shell
20,692,3.5,3,S_Image_102.bmp,Ayers Rock,tear
20,693,3.5,3,F_Image_17.bmp,George Clooney,yellow
20,694,3.5,3,O_Image_56.bmp,Broom,galaxy
20,695,3.5,3,F_Image_16.bmp,George Bush,witch
20,696,3.5,3,F_Image_23.bmp,Julia Roberts,alien
20,697,3.5,3,S_Image_142.bmp,Tower Bridge,corpse
20,698,3.5,3,O_Image_94.bmp,Watch,tail
20,699,3.5,3,O_Image_93.bmp,Umbrella,spray
20,700,3.5,3,F_Image_25.bmp,Leonardo DiCaprio,spike
20,701,3.5,3,S_Image_118.bmp,Leaning Tower,paper
20,702,3.5,3,S_Image_111.bmp,Gizeh Pyramids,laundry
20,703,4,3,S_Image_108.bmp-S_Lure_108.bmp,Dover Cliffs,flood
20,704,4,3,F_Image_23.bmp-F_Lure_23.bmp,Julia Roberts,alien
20,705,4,3,O_Image_56.bmp-O_Lure_56.bmp,Broom,galaxy
20,706,4,3,S_Image_111.bmp-S_Lure_111.bmp,Gizeh Pyramids,laundry
20,707,4,3,S_Image_117.bmp-S_Lure_117.bmp,Kings College,snow
20,708,4,3,F_Image_25.bmp-F_Lure_25.bmp,Leonardo DiCaprio,spike
20,709,4,3,S_Image_118.bmp-S_Lure_118.bmp,Leaning Tower,paper
20,710,4,3,S_Image_116.bmp-S_Lure_116.bmp,Hollywood Sign,animal
20,711,4,3,S_Image_122.bmp-S_Lure_122.bmp,Mont Saint Michel,stem
20,712,4,3,S_Image_140.bmp-S_Lure_140.bmp,Taj Mahal,lever
20,713,4,3,F_Image_17.bmp-F_Lure_17.bmp,George Clooney,yellow
20,714,4,3,O_Image_93.bmp-O_Lure_93.bmp,Umbrella,spray
20,715,4,3,F_Image_2.bmp-F_Lure_2.bmp,Amy Winehouse,water
20,716,4,3,F_Image_19.bmp-F_Lure_19.bmp,James Dean,measles
20,717,4,3,O_Image_94.bmp-O_Lure_94.bmp,Watch,tail
20,718,4,3,O_Image_67.bmp-O_Lure_67.bmp,Hammock,kiss
20,719,4,3,S_Image_106.bmp-S_Lure_106.bmp,Christ The Redeemer,breakfast
20,720,4,3,F_Image_16.bmp-F_Lure_16.bmp,George Bush,witch
20,721,4,3,O_Image_69.bmp-O_Lure_69.bmp,Headphones,shell
20,722,4,3,F_Image_24.bmp-F_Lure_24.bmp,Keanu Reeves,sweat
20,723,4,3,S_Image_102.bmp-S_Lure_102.bmp,Ayers Rock,tear
20,724,4,3,O_Image_81.bmp-O_Lure_81.bmp,Scale,seed
20,725,4,3,S_Image_142.bmp-S_Lure_142.bmp,Tower Bridge,corpse
20,726,4,3,S_Image_121.bmp-S_Lure_121.bmp,Mecca,arch
20,727,5, 1 ,O_Image_75.bmp-S_Lure_106.bmp,Necklace-Christ The Redeemer,breakfast
20,728,5, 1 ,O_Image_58.bmp-F_Lure_11.bmp,Canoe-Daniel Radcliffe,vegetable
20,729,5, 1 ,O_Image_58.bmp-F_Lure_11.bmp,Canoe-Daniel Radcliffe,vegetable
20,730,5, 1 ,F_Image_40.bmp-S_Lure_142.bmp,Robert De Niro-Tower Bridge,corpse
20,731,5, 1 ,F_Image_12.bmp-O_Lure_76.bmp,David Beckham-Pillows,arrow
20,732,5, 1 ,O_Image_92.bmp-F_Lure_23.bmp,Trophy-Julia Roberts,alien
20,733,5, 1 ,F_Image_3.bmp-O_Lure_70.bmp,Angela Merkel-Key,harem
20,734,5, 1 ,F_Image_34.bmp-S_Lure_130.bmp,Nelson Mandela-Potala Palace,honeymoon
20,735,5, 1 ,F_Image_39.bmp-S_Lure_125.bmp,Robbie Williams-Mount Rushmore,bubble
20,736,5, 1 ,S_Image_107.bmp-O_Lure_60.bmp,Colosseum-Flask,wound
20,737,5, 1 ,S_Image_107.bmp-O_Lure_60.bmp,Colosseum-Flask,wound
20,738,5, 1 ,S_Image_100.bmp-O_Lure_61.bmp,Angkor Wat-Football,wool
20,739,5, 1 ,F_Image_35.bmp-O_Lure_93.bmp,Nikola Sarkozy-Umbrella,spray
20,740,5, 1 ,F_Image_3.bmp-O_Lure_70.bmp,Angela Merkel-Key,harem
20,741,5, 1 ,F_Image_4.bmp-O_Lure_74.bmp,Barack Obama-Mirror,triangle
20,742,5, 1 ,S_Image_132.bmp-O_Lure_65.bmp,Red Square-GrandPiano,board
20,743,5, 1 ,S_Image_112.bmp-O_Lure_69.bmp,Golden Gate Bridge-Headphones,shell
20,744,5, 1 ,S_Image_135.bmp-F_Lure_37.bmp,Sahara Desert-Pierce Brosnan,fire
20,745,5, 1 ,S_Image_127.bmp-O_Lure_66.bmp,Niagara Falls-Guitar,stripe
20,746,5, 1 ,F_Image_39.bmp-S_Lure_125.bmp,Robbie Williams-Mount Rushmore,bubble
20,747,5, 1 ,O_Image_92.bmp-F_Lure_23.bmp,Trophy-Julia Roberts,alien
20,748,5, 1 ,S_Image_107.bmp-O_Lure_60.bmp,Colosseum-Flask,wound
20,749,5, 1 ,F_Image_31.bmp-S_Lure_119.bmp,Michael Jackson-Louvre,drizzle
20,750,5, 1 ,O_Image_82.bmp-S_Lure_98.bmp,Scissors-Alcatraz,tourist
20,751,5, 1 ,F_Image_31.bmp-S_Lure_119.bmp,Michael Jackson-Louvre,drizzle
20,752,5, 1 ,S_Image_97.bmp-F_Lure_27.bmp,Akropolis-Mahadma Gandhi,attack
20,753,5, 1 ,O_Image_75.bmp-S_Lure_106.bmp,Necklace-Christ The Redeemer,breakfast
20,754,5, 1 ,F_Image_38.bmp-S_Lure_138.bmp,Queen Elisabeth-Stonehenge,sunshine
20,755,5, 1 ,O_Image_83.bmp-F_Lure_17.bmp,Shoe-George Clooney,yellow
20,756,5, 1 ,S_Image_100.bmp-O_Lure_61.bmp,Angkor Wat-Football,wool
20,757,5, 1 ,S_Image_100.bmp-O_Lure_61.bmp,Angkor Wat-Football,wool
20,758,5, 1 ,F_Image_38.bmp-S_Lure_138.bmp,Queen Elisabeth-Stonehenge,sunshine
20,759,5, 1 ,O_Image_64.bmp-S_Lure_101.bmp,Goggles-Atomium,alcohol
20,760,5, 1 ,O_Image_50.bmp-S_Lure_117.bmp,Barbecue-Kings College,snow
20,761,5, 1 ,F_Image_14.bmp-S_Lure_122.bmp,Elvis Presley-Mont Saint Michel,stem
20,762,5, 1 ,O_Image_63.bmp-F_Lure_7.bmp,Globe-Britney Spears,poison
20,763,5, 1 ,O_Image_64.bmp-S_Lure_101.bmp,Goggles-Atomium,alcohol
20,764,5, 1 ,F_Image_1.bmp-O_Lure_94.bmp,Albert Einstein-Watch,tail
20,765,5, 1 ,O_Image_50.bmp-S_Lure_117.bmp,Barbecue-Kings College,snow
20,766,5, 1 ,S_Image_120.bmp-F_Lure_43.bmp,Machu Picchu-Tom Cruise,wreck
20,767,5, 1 ,O_Image_86.bmp-S_Lure_111.bmp,Soother-Gizeh Pyramids,laundry
20,768,5, 1 ,F_Image_40.bmp-S_Lure_142.bmp,Robert De Niro-Tower Bridge,corpse
20,769,5, 1 ,F_Image_18.bmp-O_Lure_84.bmp,Jack Nicholson-Skirt,fuel
20,770,5, 1 ,F_Image_33.bmp-S_Lure_128.bmp,Mother Teresa-Notre Dame,asphalt
20,771,5, 1 ,F_Image_30.bmp-S_Lure_137.bmp,Meryl Streep-Statue Of Liberty,rust
20,772,5, 1 ,F_Image_9.bmp-S_Lure_144.bmp,Charlie Chaplin-White House,sand
20,773,5, 1 ,O_Image_63.bmp-F_Lure_7.bmp,Globe-Britney Spears,poison
20,774,5, 1 ,F_Image_9.bmp-S_Lure_144.bmp,Charlie Chaplin-White House,sand
20,775,5, 1 ,S_Image_129.bmp-F_Lure_26.bmp,Petra-Madonna,steam
20,776,5, 1 ,F_Image_14.bmp-S_Lure_122.bmp,Elvis Presley-Mont Saint Michel,stem
20,777,5, 1 ,O_Image_83.bmp-F_Lure_17.bmp,Shoe-George Clooney,yellow
20,778,5, 1 ,F_Image_30.bmp-S_Lure_137.bmp,Meryl Streep-Statue Of Liberty,rust
20,779,5, 1 ,O_Image_68.bmp-S_Lure_113.bmp,Hat-Grand Canyon,corner
20,780,5, 1 ,F_Image_40.bmp-S_Lure_142.bmp,Robert De Niro-Tower Bridge,corpse
20,781,5, 1 ,O_Image_63.bmp-F_Lure_7.bmp,Globe-Britney Spears,poison
20,782,5, 1 ,F_Image_1.bmp-O_Lure_94.bmp,Albert Einstein-Watch,tail
20,783,5, 1 ,F_Image_20.bmp-O_Lure_80.bmp,Jennifer Lopez-Rope,hostage
20,784,5, 1 ,O_Image_49.bmp-F_Lure_10.bmp,Anchor-Dalai Lama,crumb
20,785,5, 1 ,S_Image_129.bmp-F_Lure_26.bmp,Petra-Madonna,steam
20,786,5, 1 ,S_Image_136.bmp-F_Lure_25.bmp,Sistine Chapel-Leonardo DiCaprio,spike
20,787,5, 1 ,F_Image_33.bmp-S_Lure_128.bmp,Mother Teresa-Notre Dame,asphalt
20,788,5, 1 ,S_Image_139.bmp-F_Lure_28.bmp,Sydney Opera-Margaret Thatcher,angel
20,789,5, 1 ,S_Image_135.bmp-F_Lure_37.bmp,Sahara Desert-Pierce Brosnan,fire
20,790,5, 1 ,F_Image_30.bmp-S_Lure_137.bmp,Meryl Streep-Statue Of Liberty,rust
20,791,5, 1 ,S_Image_132.bmp-O_Lure_65.bmp,Red Square-GrandPiano,board
20,792,5, 1 ,F_Image_15.bmp-O_Lure_71.bmp,Fidel Castro-Ladder,orchestra
20,793,5, 1 ,S_Image_104.bmp-F_Lure_48.bmp,Brandenburg Gate-Will Smith,menu
20,794,5, 1 ,F_Image_6.bmp-O_Lure_89.bmp,Brad Pitt-Teddybear,hurricane
20,795,5, 1 ,S_Image_127.bmp-O_Lure_66.bmp,Niagara Falls-Guitar,stripe
20,796,5, 1 ,O_Image_82.bmp-S_Lure_98.bmp,Scissors-Alcatraz,tourist
20,797,5, 1 ,S_Image_105.bmp-F_Lure_42.bmp,Chichen Itza-Scarlett Johansson,black
20,798,5, 1 ,S_Image_97.bmp-F_Lure_27.bmp,Akropolis-Mahadma Gandhi,attack
20,799,5, 1 ,O_Image_73.bmp-F_Lure_19.bmp,Microscope-James Dean,measles
20,800,5, 1 ,F_Image_13.bmp-O_Lure_79.bmp,Elton John-Remote Control,quake
20,801,5, 1 ,S_Image_105.bmp-F_Lure_42.bmp,Chichen Itza-Scarlett Johansson,black
20,802,5, 1 ,F_Image_36.bmp-O_Lure_91.bmp,Penelope Cruz-Torch,shadow
20,803,5, 1 ,F_Image_40.bmp-S_Lure_142.bmp,Robert De Niro-Tower Bridge,corpse
20,804,5, 1 ,F_Image_34.bmp-S_Lure_130.bmp,Nelson Mandela-Potala Palace,honeymoon
20,805,5, 1 ,F_Image_29.bmp-S_Lure_121.bmp,Marilyn Monroe-Mecca,arch
20,806,5, 1 ,O_Image_78.bmp-S_Lure_103.bmp,Razor-Big Ben,signal
20,807,5, 1 ,F_Image_9.bmp-S_Lure_144.bmp,Charlie Chaplin-White House,sand
20,808,5, 1 ,F_Image_35.bmp-O_Lure_93.bmp,Nikola Sarkozy-Umbrella,spray
20,809,5, 1 ,O_Image_57.bmp-S_Lure_118.bmp,Brush-Leaning Tower,paper
20,810,5, 1 ,S_Image_132.bmp-O_Lure_65.bmp,Red Square-GrandPiano,board
20,811,5, 1 ,O_Image_58.bmp-F_Lure_11.bmp,Canoe-Daniel Radcliffe,vegetable
20,812,5, 1 ,F_Image_38.bmp-S_Lure_138.bmp,Queen Elisabeth-Stonehenge,sunshine
20,813,5, 1 ,F_Image_34.bmp-S_Lure_130.bmp,Nelson Mandela-Potala Palace,honeymoon
20,814,5, 1 ,F_Image_30.bmp-S_Lure_137.bmp,Meryl Streep-Statue Of Liberty,rust
20,815,5, 1 ,F_Image_1.bmp-O_Lure_94.bmp,Albert Einstein-Watch,tail
20,816,5, 1 ,F_Image_34.bmp-S_Lure_130.bmp,Nelson Mandela-Potala Palace,honeymoon
20,817,5, 1 ,S_Image_135.bmp-F_Lure_37.bmp,Sahara Desert-Pierce Brosnan,fire
20,818,5, 1 ,S_Image_112.bmp-O_Lure_69.bmp,Golden Gate Bridge-Headphones,shell
20,819,5, 1 ,S_Image_114.bmp-F_Lure_44.bmp,Great Wall-Tom Hanks,army
20,820,5, 1 ,S_Image_97.bmp-F_Lure_27.bmp,Akropolis-Mahadma Gandhi,attack
20,821,5, 1 ,S_Image_114.bmp-F_Lure_44.bmp,Great Wall-Tom Hanks,army
20,822,5, 1 ,O_Image_68.bmp-S_Lure_113.bmp,Hat-Grand Canyon,corner
20,823,5, 1 ,S_Image_115.bmp-O_Lure_51.bmp,Hagia Sophia-Basket,ghost
20,824,5, 1 ,F_Image_35.bmp-O_Lure_93.bmp,Nikola Sarkozy-Umbrella,spray
20,825,5, 1 ,O_Image_73.bmp-F_Lure_19.bmp,Microscope-James Dean,measles
20,826,5, 1 ,O_Image_86.bmp-S_Lure_111.bmp,Soother-Gizeh Pyramids,laundry
20,827,5, 1 ,S_Image_136.bmp-F_Lure_25.bmp,Sistine Chapel-Leonardo DiCaprio,spike
20,828,5, 1 ,O_Image_49.bmp-F_Lure_10.bmp,Anchor-Dalai Lama,crumb
20,829,5, 1 ,F_Image_13.bmp-O_Lure_79.bmp,Elton John-Remote Control,quake
20,830,5, 1 ,O_Image_59.bmp-F_Lure_2.bmp,Fan-Amy Winehouse,water
20,831,5, 1 ,F_Image_4.bmp-O_Lure_74.bmp,Barack Obama-Mirror,triangle
20,832,5, 1 ,S_Image_127.bmp-O_Lure_66.bmp,Niagara Falls-Guitar,stripe
20,833,5, 1 ,S_Image_136.bmp-F_Lure_25.bmp,Sistine Chapel-Leonardo DiCaprio,spike
20,834,5, 1 ,O_Image_88.bmp-S_Lure_99.bmp,Suitcase-Alhambra,rock
20,835,5, 1 ,F_Image_20.bmp-O_Lure_80.bmp,Jennifer Lopez-Rope,hostage
20,836,5, 1 ,F_Image_6.bmp-O_Lure_89.bmp,Brad Pitt-Teddybear,hurricane
20,837,5, 1 ,S_Image_136.bmp-F_Lure_25.bmp,Sistine Chapel-Leonardo DiCaprio,spike
20,838,5, 1 ,S_Image_105.bmp-F_Lure_42.bmp,Chichen Itza-Scarlett Johansson,black
20,839,5, 1 ,O_Image_92.bmp-F_Lure_23.bmp,Trophy-Julia Roberts,alien
20,840,5, 1 ,F_Image_12.bmp-O_Lure_76.bmp,David Beckham-Pillows,arrow
20,841,5, 1 ,F_Image_12.bmp-O_Lure_76.bmp,David Beckham-Pillows,arrow
20,842,5, 1 ,O_Image_83.bmp-F_Lure_17.bmp,Shoe-George Clooney,yellow
20,843,5, 1 ,O_Image_63.bmp-F_Lure_7.bmp,Globe-Britney Spears,poison
20,844,5, 1 ,F_Image_38.bmp-S_Lure_138.bmp,Queen Elisabeth-Stonehenge,sunshine
20,845,5, 1 ,F_Image_9.bmp-S_Lure_144.bmp,Charlie Chaplin-White House,sand
20,846,5, 1 ,S_Image_105.bmp-F_Lure_42.bmp,Chichen Itza-Scarlett Johansson,black
20,847,5, 1 ,F_Image_18.bmp-O_Lure_84.bmp,Jack Nicholson-Skirt,fuel
20,848,5, 1 ,F_Image_18.bmp-O_Lure_84.bmp,Jack Nicholson-Skirt,fuel
20,849,5, 1 ,S_Image_114.bmp-F_Lure_44.bmp,Great Wall-Tom Hanks,army
20,850,5, 1 ,F_Image_6.bmp-O_Lure_89.bmp,Brad Pitt-Teddybear,hurricane
20,851,5, 1 ,S_Image_139.bmp-F_Lure_28.bmp,Sydney Opera-Margaret Thatcher,angel
20,852,5, 1 ,O_Image_57.bmp-S_Lure_118.bmp,Brush-Leaning Tower,paper
20,853,5, 1 ,S_Image_112.bmp-O_Lure_69.bmp,Golden Gate Bridge-Headphones,shell
20,854,5, 1 ,F_Image_36.bmp-O_Lure_91.bmp,Penelope Cruz-Torch,shadow
20,855,5, 1 ,F_Image_14.bmp-S_Lure_122.bmp,Elvis Presley-Mont Saint Michel,stem
20,856,5, 1 ,F_Image_33.bmp-S_Lure_128.bmp,Mother Teresa-Notre Dame,asphalt
20,857,5, 1 ,S_Image_139.bmp-F_Lure_28.bmp,Sydney Opera-Margaret Thatcher,angel
20,858,5, 1 ,O_Image_50.bmp-S_Lure_117.bmp,Barbecue-Kings College,snow
20,859,5, 1 ,O_Image_73.bmp-F_Lure_19.bmp,Microscope-James Dean,measles
20,860,5, 1 ,F_Image_35.bmp-O_Lure_93.bmp,Nikola Sarkozy-Umbrella,spray
20,861,5, 1 ,F_Image_39.bmp-S_Lure_125.bmp,Robbie Williams-Mount Rushmore,bubble
20,862,5, 1 ,F_Image_12.bmp-O_Lure_76.bmp,David Beckham-Pillows,arrow
20,863,5, 1 ,F_Image_15.bmp-O_Lure_71.bmp,Fidel Castro-Ladder,orchestra
20,864,5, 1 ,O_Image_64.bmp-S_Lure_101.bmp,Goggles-Atomium,alcohol
20,865,5, 1 ,S_Image_129.bmp-F_Lure_26.bmp,Petra-Madonna,steam
20,866,5, 1 ,S_Image_120.bmp-F_Lure_43.bmp,Machu Picchu-Tom Cruise,wreck
20,867,5, 1 ,F_Image_1.bmp-O_Lure_94.bmp,Albert Einstein-Watch,tail
20,868,5, 1 ,O_Image_83.bmp-F_Lure_17.bmp,Shoe-George Clooney,yellow
20,869,5, 1 ,F_Image_15.bmp-O_Lure_71.bmp,Fidel Castro-Ladder,orchestra
20,870,5, 1 ,F_Image_39.bmp-S_Lure_125.bmp,Robbie Williams-Mount Rushmore,bubble
20,871,5, 1 ,S_Image_97.bmp-F_Lure_27.bmp,Akropolis-Mahadma Gandhi,attack
20,872,5, 1 ,S_Image_127.bmp-O_Lure_66.bmp,Niagara Falls-Guitar,stripe
20,873,5, 1 ,S_Image_100.bmp-O_Lure_61.bmp,Angkor Wat-Football,wool
20,874,5, 1 ,F_Image_4.bmp-O_Lure_74.bmp,Barack Obama-Mirror,triangle
20,875,5, 1 ,O_Image_49.bmp-F_Lure_10.bmp,Anchor-Dalai Lama,crumb
20,876,5, 1 ,F_Image_3.bmp-O_Lure_70.bmp,Angela Merkel-Key,harem
20,877,5, 1 ,S_Image_120.bmp-F_Lure_43.bmp,Machu Picchu-Tom Cruise,wreck
20,878,5, 1 ,O_Image_82.bmp-S_Lure_98.bmp,Scissors-Alcatraz,tourist
20,879,5, 1 ,F_Image_4.bmp-O_Lure_74.bmp,Barack Obama-Mirror,triangle
20,880,5, 1 ,F_Image_13.bmp-O_Lure_79.bmp,Elton John-Remote Control,quake
20,881,5, 1 ,O_Image_95.bmp-S_Lure_108.bmp,Wheelchair-Dover Cliffs,flood
20,882,5, 1 ,O_Image_82.bmp-S_Lure_98.bmp,Scissors-Alcatraz,tourist
20,883,5, 1 ,O_Image_58.bmp-F_Lure_11.bmp,Canoe-Daniel Radcliffe,vegetable
20,884,5, 1 ,O_Image_57.bmp-S_Lure_118.bmp,Brush-Leaning Tower,paper
20,885,5, 1 ,F_Image_20.bmp-O_Lure_80.bmp,Jennifer Lopez-Rope,hostage
20,886,5, 1 ,F_Image_36.bmp-O_Lure_91.bmp,Penelope Cruz-Torch,shadow
20,887,5, 1 ,O_Image_78.bmp-S_Lure_103.bmp,Razor-Big Ben,signal
20,888,5, 1 ,S_Image_129.bmp-F_Lure_26.bmp,Petra-Madonna,steam
20,889,5, 1 ,S_Image_104.bmp-F_Lure_48.bmp,Brandenburg Gate-Will Smith,menu
20,890,5, 1 ,O_Image_75.bmp-S_Lure_106.bmp,Necklace-Christ The Redeemer,breakfast
20,891,5, 1 ,F_Image_20.bmp-O_Lure_80.bmp,Jennifer Lopez-Rope,hostage
20,892,5, 1 ,O_Image_88.bmp-S_Lure_99.bmp,Suitcase-Alhambra,rock
20,893,5, 1 ,S_Image_139.bmp-F_Lure_28.bmp,Sydney Opera-Margaret Thatcher,angel
20,894,5, 1 ,O_Image_59.bmp-F_Lure_2.bmp,Fan-Amy Winehouse,water
20,895,5, 1 ,F_Image_18.bmp-O_Lure_84.bmp,Jack Nicholson-Skirt,fuel
20,896,5, 1 ,O_Image_68.bmp-S_Lure_113.bmp,Hat-Grand Canyon,corner
20,897,5, 1 ,O_Image_95.bmp-S_Lure_108.bmp,Wheelchair-Dover Cliffs,flood
20,898,5, 1 ,F_Image_29.bmp-S_Lure_121.bmp,Marilyn Monroe-Mecca,arch
20,899,5, 1 ,O_Image_59.bmp-F_Lure_2.bmp,Fan-Amy Winehouse,water
20,900,5, 1 ,F_Image_31.bmp-S_Lure_119.bmp,Michael Jackson-Louvre,drizzle
20,901,5, 1 ,O_Image_59.bmp-F_Lure_2.bmp,Fan-Amy Winehouse,water
20,902,5, 1 ,O_Image_86.bmp-S_Lure_111.bmp,Soother-Gizeh Pyramids,laundry
20,903,5, 1 ,F_Image_29.bmp-S_Lure_121.bmp,Marilyn Monroe-Mecca,arch
20,904,5, 1 ,F_Image_14.bmp-S_Lure_122.bmp,Elvis Presley-Mont Saint Michel,stem
20,905,5, 1 ,S_Image_115.bmp-O_Lure_51.bmp,Hagia Sophia-Basket,ghost
20,906,5, 1 ,S_Image_135.bmp-F_Lure_37.bmp,Sahara Desert-Pierce Brosnan,fire
20,907,5, 1 ,O_Image_57.bmp-S_Lure_118.bmp,Brush-Leaning Tower,paper
20,908,5, 1 ,S_Image_115.bmp-O_Lure_51.bmp,Hagia Sophia-Basket,ghost
20,909,5, 1 ,F_Image_13.bmp-O_Lure_79.bmp,Elton John-Remote Control,quake
20,910,5, 1 ,F_Image_45.bmp-O_Lure_81.bmp,Tony Blair-Scale,seed
20,911,5, 1 ,F_Image_15.bmp-O_Lure_71.bmp,Fidel Castro-Ladder,orchestra
20,912,5, 1 ,O_Image_73.bmp-F_Lure_19.bmp,Microscope-James Dean,measles
20,913,5, 1 ,S_Image_115.bmp-O_Lure_51.bmp,Hagia Sophia-Basket,ghost
20,914,5, 1 ,O_Image_78.bmp-S_Lure_103.bmp,Razor-Big Ben,signal
20,915,5, 1 ,O_Image_88.bmp-S_Lure_99.bmp,Suitcase-Alhambra,rock
20,916,5, 1 ,O_Image_49.bmp-F_Lure_10.bmp,Anchor-Dalai Lama,crumb
20,917,5, 1 ,F_Image_29.bmp-S_Lure_121.bmp,Marilyn Monroe-Mecca,arch
20,918,5, 1 ,F_Image_3.bmp-O_Lure_70.bmp,Angela Merkel-Key,harem
20,919,5, 1 ,F_Image_36.bmp-O_Lure_91.bmp,Penelope Cruz-Torch,shadow
20,920,5, 1 ,O_Image_88.bmp-S_Lure_99.bmp,Suitcase-Alhambra,rock
20,921,5, 1 ,F_Image_33.bmp-S_Lure_128.bmp,Mother Teresa-Notre Dame,asphalt
20,922,5, 1 ,S_Image_120.bmp-F_Lure_43.bmp,Machu Picchu-Tom Cruise,wreck
20,923,5, 1 ,O_Image_68.bmp-S_Lure_113.bmp,Hat-Grand Canyon,corner
20,924,5, 1 ,F_Image_6.bmp-O_Lure_89.bmp,Brad Pitt-Teddybear,hurricane
20,925,5, 1 ,O_Image_86.bmp-S_Lure_111.bmp,Soother-Gizeh Pyramids,laundry
20,926,5, 1 ,F_Image_31.bmp-S_Lure_119.bmp,Michael Jackson-Louvre,drizzle
20,927,5, 1 ,F_Image_45.bmp-O_Lure_81.bmp,Tony Blair-Scale,seed
20,928,5, 1 ,S_Image_114.bmp-F_Lure_44.bmp,Great Wall-Tom Hanks,army
20,929,5, 1 ,S_Image_132.bmp-O_Lure_65.bmp,Red Square-GrandPiano,board
20,930,5, 1 ,O_Image_78.bmp-S_Lure_103.bmp,Razor-Big Ben,signal
20,931,5, 1 ,F_Image_45.bmp-O_Lure_81.bmp,Tony Blair-Scale,seed
20,932,5, 1 ,S_Image_104.bmp-F_Lure_48.bmp,Brandenburg Gate-Will Smith,menu
20,933,5, 1 ,S_Image_104.bmp-F_Lure_48.bmp,Brandenburg Gate-Will Smith,menu
20,934,5, 1 ,O_Image_95.bmp-S_Lure_108.bmp,Wheelchair-Dover Cliffs,flood
20,935,5, 1 ,O_Image_95.bmp-S_Lure_108.bmp,Wheelchair-Dover Cliffs,flood
20,936,5, 1 ,O_Image_92.bmp-F_Lure_23.bmp,Trophy-Julia Roberts,alien
20,937,5, 1 ,O_Image_50.bmp-S_Lure_117.bmp,Barbecue-Kings College,snow
20,938,5, 1 ,O_Image_64.bmp-S_Lure_101.bmp,Goggles-Atomium,alcohol
20,939,5, 1 ,S_Image_112.bmp-O_Lure_69.bmp,Golden Gate Bridge-Headphones,shell
20,940,5, 1 ,O_Image_75.bmp-S_Lure_106.bmp,Necklace-Christ The Redeemer,breakfast
20,941,5, 1 ,F_Image_45.bmp-O_Lure_81.bmp,Tony Blair-Scale,seed
20,942,5, 1 ,S_Image_107.bmp-O_Lure_60.bmp,Colosseum-Flask,wound
20,943,6,1,O_Image_56.bmp-O_Lure_56.bmp,Broom,galaxy
20,944,6,1,S_Image_116.bmp-S_Lure_116.bmp,Hollywood Sign,animal
20,945,6,1,O_Image_61.bmp-O_Lure_61.bmp,Football,wool
20,946,6,1,F_Image_11.bmp-F_Lure_11.bmp,Daniel Radcliffe,vegetable
20,947,6,1,O_Image_84.bmp-O_Lure_84.bmp,Skirt,fuel
20,948,6,1,O_Image_53.bmp-O_Lure_53.bmp,Belt,antique
20,949,6,1,S_Image_101.bmp-S_Lure_101.bmp,Atomium,alcohol
20,950,6,1,O_Image_89.bmp-O_Lure_89.bmp,Teddybear,hurricane
20,951,6,1,O_Image_65.bmp-O_Lure_65.bmp,GrandPiano,board
20,952,6,1,F_Image_42.bmp-F_Lure_42.bmp,Scarlett Johansson,black
20,953,6,1,S_Image_118.bmp-S_Lure_118.bmp,Leaning Tower,paper
20,954,6,1,O_Image_51.bmp-O_Lure_51.bmp,Basket,ghost
20,955,6,1,O_Image_80.bmp-O_Lure_80.bmp,Rope,hostage
20,956,6,1,F_Image_5.bmp-F_Lure_5.bmp,Bill Clinton,giant
20,957,6,1,S_Image_106.bmp-S_Lure_106.bmp,Christ The Redeemer,breakfast
20,958,6,1,S_Image_122.bmp-S_Lure_122.bmp,Mont Saint Michel,stem
20,959,6,1,S_Image_108.bmp-S_Lure_108.bmp,Dover Cliffs,flood
20,960,6,1,O_Image_91.bmp-O_Lure_91.bmp,Torch,shadow
20,961,6,1,F_Image_41.bmp-F_Lure_41.bmp,Rod Steward,tube
20,962,6,1,O_Image_81.bmp-O_Lure_81.bmp,Scale,seed
20,963,6,1,S_Image_98.bmp-S_Lure_98.bmp,Alcatraz,tourist
20,964,6,1,O_Image_76.bmp-O_Lure_76.bmp,Pillows,arrow
20,965,6,1,F_Image_21.bmp-F_Lure_21.bmp,John Lennon,slope
20,966,6,1,S_Image_111.bmp-S_Lure_111.bmp,Gizeh Pyramids,laundry
20,967,6,1,F_Image_24.bmp-F_Lure_24.bmp,Keanu Reeves,sweat
20,968,6,1,S_Image_142.bmp-S_Lure_142.bmp,Tower Bridge,corpse
20,969,6,1,S_Image_144.bmp-S_Lure_144.bmp,White House,sand
20,970,6,1,F_Image_46.bmp-F_Lure_46.bmp,Wayne Rooney,marble
20,971,6,1,F_Image_22.bmp-F_Lure_22.bmp,Judi Dench,money
20,972,6,1,F_Image_16.bmp-F_Lure_16.bmp,George Bush,witch
20,973,6,1,O_Image_69.bmp-O_Lure_69.bmp,Headphones,shell
20,974,6,1,O_Image_66.bmp-O_Lure_66.bmp,Guitar,stripe
20,975,6,1,F_Image_37.bmp-F_Lure_37.bmp,Pierce Brosnan,fire
20,976,6,1,F_Image_26.bmp-F_Lure_26.bmp,Madonna,steam
20,977,6,1,F_Image_27.bmp-F_Lure_27.bmp,Mahadma Gandhi,attack
20,978,6,1,O_Image_70.bmp-O_Lure_70.bmp,Key,harem
20,979,6,1,S_Image_102.bmp-S_Lure_102.bmp,Ayers Rock,tear
20,980,6,1,F_Image_2.bmp-F_Lure_2.bmp,Amy Winehouse,water
20,981,6,1,O_Image_55.bmp-O_Lure_55.bmp,Binoculars,costume
20,982,6,1,O_Image_67.bmp-O_Lure_67.bmp,Hammock,kiss
20,983,6,1,S_Image_117.bmp-S_Lure_117.bmp,Kings College,snow
20,984,6,1,O_Image_74.bmp-O_Lure_74.bmp,Mirror,triangle
20,985,6,1,S_Image_138.bmp-S_Lure_138.bmp,Stonehenge,sunshine
20,986,6,1,S_Image_119.bmp-S_Lure_119.bmp,Louvre,drizzle
20,987,6,1,O_Image_93.bmp-O_Lure_93.bmp,Umbrella,spray
20,988,6,1,O_Image_60.bmp-O_Lure_60.bmp,Flask,wound
20,989,6,1,S_Image_99.bmp-S_Lure_99.bmp,Alhambra,rock
20,990,6,1,F_Image_28.bmp-F_Lure_28.bmp,Margaret Thatcher,angel
20,991,6,1,F_Image_19.bmp-F_Lure_19.bmp,James Dean,measles
20,992,6,1,F_Image_8.bmp-F_Lure_8.bmp,Cameron Diaz,cone
20,993,6,1,S_Image_130.bmp-S_Lure_130.bmp,Potala Palace,honeymoon
20,994,6,1,F_Image_17.bmp-F_Lure_17.bmp,George Clooney,yellow
20,995,6,1,F_Image_44.bmp-F_Lure_44.bmp,Tom Hanks,army
20,996,6,1,S_Image_121.bmp-S_Lure_121.bmp,Mecca,arch
20,997,6,1,F_Image_23.bmp-F_Lure_23.bmp,Julia Roberts,alien
20,998,6,1,S_Image_125.bmp-S_Lure_125.bmp,Mount Rushmore,bubble
20,999,6,1,O_Image_54.bmp-O_Lure_54.bmp,Bicycle,scar
20,1000,6,1,O_Image_79.bmp-O_Lure_79.bmp,Remote Control,quake
20,1001,6,1,S_Image_131.bmp-S_Lure_131.bmp,Rapa Nui,cloud
20,1002,6,1,O_Image_94.bmp-O_Lure_94.bmp,Watch,tail
20,1003,6,1,O_Image_62.bmp-O_Lure_62.bmp,FryingPan,magnet
20,1004,6,1,S_Image_140.bmp-S_Lure_140.bmp,Taj Mahal,lever
20,1005,6,1,F_Image_43.bmp-F_Lure_43.bmp,Tom Cruise,wreck
20,1006,6,1,S_Image_113.bmp-S_Lure_113.bmp,Grand Canyon,corner
20,1007,6,1,S_Image_137.bmp-S_Lure_137.bmp,Statue Of Liberty,rust
20,1008,6,1,S_Image_128.bmp-S_Lure_128.bmp,Notre Dame,asphalt
20,1009,6,1,F_Image_48.bmp-F_Lure_48.bmp,Will Smith,menu
20,1010,6,1,F_Image_25.bmp-F_Lure_25.bmp,Leonardo DiCaprio,spike
20,1011,6,1,F_Image_10.bmp-F_Lure_10.bmp,Dalai Lama,crumb
20,1012,6,1,S_Image_103.bmp-S_Lure_103.bmp,Big Ben,signal
20,1013,6,1,O_Image_71.bmp-O_Lure_71.bmp,Ladder,orchestra
20,1014,6,1,F_Image_7.bmp-F_Lure_7.bmp,Britney Spears,poison
20,1015,6,1,O_Image_92.bmp-O_Lure_92.bmp,Trophy,alien
20,1016,6,1,F_Image_40.bmp-F_Lure_40.bmp,Robert De Niro,corpse
20,1017,6,1,F_Image_18.bmp-F_Lure_18.bmp,Jack Nicholson,fuel
20,1018,6,1,O_Image_88.bmp-O_Lure_88.bmp,Suitcase,rock
20,1019,6,1,F_Image_3.bmp-F_Lure_3.bmp,Angela Merkel,harem
20,1020,6,1,S_Image_105.bmp-S_Lure_105.bmp,Chichen Itza,black
20,1021,6,1,O_Image_64.bmp-O_Lure_64.bmp,Goggles,alcohol
20,1022,6,1,O_Image_90.bmp-O_Lure_90.bmp,Telephone,giant
20,1023,6,1,S_Image_97.bmp-S_Lure_97.bmp,Akropolis,attack
20,1024,6,1,F_Image_39.bmp-F_Lure_39.bmp,Robbie Williams,bubble
20,1025,6,1,O_Image_58.bmp-O_Lure_58.bmp,Canoe,vegetable
20,1026,6,1,S_Image_109.bmp-S_Lure_109.bmp,Eiffel Tower,sweat
20,1027,6,1,O_Image_82.bmp-O_Lure_82.bmp,Scissors,tourist
20,1028,6,1,F_Image_6.bmp-F_Lure_6.bmp,Brad Pitt,hurricane
20,1029,6,1,O_Image_95.bmp-O_Lure_95.bmp,Wheelchair,flood
20,1030,6,1,S_Image_129.bmp-S_Lure_129.bmp,Petra,steam
20,1031,6,1,O_Image_86.bmp-O_Lure_86.bmp,Soother,laundry
20,1032,6,1,F_Image_36.bmp-F_Lure_36.bmp,Penelope Cruz,shadow
20,1033,6,1,O_Image_72.bmp-O_Lure_72.bmp,Lightbulb,money
20,1034,6,1,F_Image_32.bmp-F_Lure_32.bmp,Mick Jagger,cloud
20,1035,6,1,F_Image_20.bmp-F_Lure_20.bmp,Jennifer Lopez,hostage
20,1036,6,1,S_Image_134.bmp-S_Lure_134.bmp,Sagrada Familia,scar
20,1037,6,1,S_Image_127.bmp-S_Lure_127.bmp,Niagara Falls,stripe
20,1038,6,1,S_Image_136.bmp-S_Lure_136.bmp,Sistine Chapel,spike
20,1039,6,1,O_Image_77.bmp-O_Lure_77.bmp,Radio,cone
20,1040,6,1,F_Image_13.bmp-F_Lure_13.bmp,Elton John,quake
20,1041,6,1,S_Image_124.bmp-S_Lure_124.bmp,Mount Fuji,tube
20,1042,6,1,S_Image_104.bmp-S_Lure_104.bmp,Brandenburg Gate,menu
20,1043,6,1,S_Image_132.bmp-S_Lure_132.bmp,Red Square,board
20,1044,6,1,O_Image_73.bmp-O_Lure_73.bmp,Microscope,measles
20,1045,6,1,S_Image_133.bmp-S_Lure_133.bmp,Rialto Bridge,antique
20,1046,6,1,O_Image_52.bmp-O_Lure_52.bmp,Bed,animal
20,1047,6,1,F_Image_4.bmp-F_Lure_4.bmp,Barack Obama,triangle
20,1048,6,1,S_Image_120.bmp-S_Lure_120.bmp,Machu Picchu,wreck
20,1049,6,1,S_Image_112.bmp-S_Lure_112.bmp,Golden Gate Bridge,shell
20,1050,6,1,F_Image_35.bmp-F_Lure_35.bmp,Nikola Sarkozy,spray
20,1051,6,1,O_Image_63.bmp-O_Lure_63.bmp,Globe,poison
20,1052,6,1,S_Image_114.bmp-S_Lure_114.bmp,Great Wall,army
20,1053,6,1,S_Image_100.bmp-S_Lure_100.bmp,Angkor Wat,wool
20,1054,6,1,F_Image_33.bmp-F_Lure_33.bmp,Mother Teresa,asphalt
20,1055,6,1,O_Image_78.bmp-O_Lure_78.bmp,Razor,signal
20,1056,6,1,S_Image_139.bmp-S_Lure_139.bmp,Sydney Opera,angel
20,1057,6,1,S_Image_110.bmp-S_Lure_110.bmp,Forbidden City,kiss
20,1058,6,1,O_Image_68.bmp-O_Lure_68.bmp,Hat,corner
20,1059,6,1,F_Image_12.bmp-F_Lure_12.bmp,David Beckham,arrow
20,1060,6,1,F_Image_31.bmp-F_Lure_31.bmp,Michael Jackson,drizzle
20,1061,6,1,F_Image_47.bmp-F_Lure_47.bmp,Whoopi Goldberg,lever
20,1062,6,1,F_Image_14.bmp-F_Lure_14.bmp,Elvis Presley,stem
20,1063,6,1,O_Image_75.bmp-O_Lure_75.bmp,Necklace,breakfast
20,1064,6,1,O_Image_57.bmp-O_Lure_57.bmp,Brush,paper
20,1065,6,1,S_Image_135.bmp-S_Lure_135.bmp,Sahara Desert,fire
20,1066,6,1,F_Image_1.bmp-F_Lure_1.bmp,Albert Einstein,tail
20,1067,6,1,S_Image_107.bmp-S_Lure_107.bmp,Colosseum,wound
20,1068,6,1,S_Image_126.bmp-S_Lure_126.bmp,Neu schwanstein Castle,marble
20,1069,6,1,S_Image_115.bmp-S_Lure_115.bmp,Hagia Sophia,ghost
20,1070,6,1,S_Image_123.bmp-S_Lure_123.bmp,Mount Everest,costume
20,1071,6,1,F_Image_38.bmp-F_Lure_38.bmp,Queen Elisabeth,sunshine
20,1072,6,1,O_Image_49.bmp-O_Lure_49.bmp,Anchor,crumb
20,1073,6,1,F_Image_45.bmp-F_Lure_45.bmp,Tony Blair,seed
20,1074,6,1,F_Image_34.bmp-F_Lure_34.bmp,Nelson Mandela,honeymoon
20,1075,6,1,F_Image_30.bmp-F_Lure_30.bmp,Meryl Streep,rust
20,1076,6,1,O_Image_85.bmp-O_Lure_85.bmp,Sock,slope
20,1077,6,1,F_Image_9.bmp-F_Lure_9.bmp,Charlie Chaplin,sand
20,1078,6,1,S_Image_141.bmp-S_Lure_141.bmp,Time Square,magnet
20,1079,6,1,S_Image_143.bmp-S_Lure_143.bmp,Versailles,galaxy
20,1080,6,1,O_Image_59.bmp-O_Lure_59.bmp,Fan,water
20,1081,6,1,O_Image_87.bmp-O_Lure_87.bmp,Stapler,tear
20,1082,6,1,O_Image_83.bmp-O_Lure_83.bmp,Shoe,yellow
20,1083,6,1,F_Image_15.bmp-F_Lure_15.bmp,Fidel Castro,orchestra
20,1084,6,1,O_Image_96.bmp-O_Lure_96.bmp,Wineglass,witch
20,1085,6,1,F_Image_29.bmp-F_Lure_29.bmp,Marilyn Monroe,arch
20,1086,6,1,O_Image_50.bmp-O_Lure_50.bmp,Barbecue,snow
