51,Trial,Cond,Block,ImageFiles,Labels,Cues
51,1,1,1,S_Lure_144.bmp,White House,NaN
51,2,1,1,O_Image_55.bmp,Binoculars,NaN
51,3,1,1,F_Image_44.bmp,Tom Hanks,NaN
51,4,1,1,F_Lure_44.bmp,Tom Hanks,NaN
51,5,1,1,O_Lure_72.bmp,Lightbulb,NaN
51,6,1,1,F_Lure_42.bmp,Scarlett Johansson,NaN
51,7,1,1,F_Lure_13.bmp,Elton John,NaN
51,8,1,1,F_Lure_46.bmp,Wayne Rooney,NaN
51,9,1,1,O_Image_75.bmp,Necklace,NaN
51,10,1,1,O_Lure_57.bmp,Brush,NaN
51,11,1,1,F_Lure_32.bmp,Mick Jagger,NaN
51,12,1,1,F_Lure_17.bmp,George Clooney,NaN
51,13,1,1,O_Image_51.bmp,Basket,NaN
51,14,1,1,S_Image_115.bmp,Hagia Sophia,NaN
51,15,1,1,F_Lure_28.bmp,Margaret Thatcher,NaN
51,16,1,1,F_Image_31.bmp,Michael Jackson,NaN
51,17,1,1,O_Lure_49.bmp,Anchor,NaN
51,18,1,1,F_Lure_30.bmp,Meryl Streep,NaN
51,19,1,1,S_Image_118.bmp,Leaning Tower,NaN
51,20,1,1,F_Lure_31.bmp,Michael Jackson,NaN
51,21,1,1,O_Lure_55.bmp,Binoculars,NaN
51,22,1,1,F_Lure_26.bmp,Madonna,NaN
51,23,1,1,F_Image_42.bmp,Scarlett Johansson,NaN
51,24,1,1,S_Image_125.bmp,Mount Rushmore,NaN
51,25,1,1,S_Image_133.bmp,Rialto Bridge,NaN
51,26,1,1,S_Image_141.bmp,Time Square,NaN
51,27,1,1,S_Image_111.bmp,Gizeh Pyramids,NaN
51,28,1,1,O_Image_72.bmp,Lightbulb,NaN
51,29,1,1,O_Lure_89.bmp,Teddybear,NaN
51,30,1,1,F_Lure_19.bmp,James Dean,NaN
51,31,1,1,F_Image_24.bmp,Keanu Reeves,NaN
51,32,1,1,O_Image_66.bmp,Guitar,NaN
51,33,1,1,S_Lure_125.bmp,Mount Rushmore,NaN
51,34,1,1,S_Image_113.bmp,Grand Canyon,NaN
51,35,1,1,F_Lure_27.bmp,Mahadma Gandhi,NaN
51,36,1,1,S_Lure_100.bmp,Angkor Wat,NaN
51,37,1,1,O_Image_71.bmp,Ladder,NaN
51,38,1,1,F_Lure_20.bmp,Jennifer Lopez,NaN
51,39,1,1,F_Lure_7.bmp,Britney Spears,NaN
51,40,1,1,F_Lure_24.bmp,Keanu Reeves,NaN
51,41,1,1,S_Lure_126.bmp,Neu schwanstein Castle,NaN
51,42,1,1,O_Image_68.bmp,Hat,NaN
51,43,1,1,S_Image_104.bmp,Brandenburg Gate,NaN
51,44,1,1,F_Lure_43.bmp,Tom Cruise,NaN
51,45,1,1,O_Image_79.bmp,Remote Control,NaN
51,46,1,1,S_Image_134.bmp,Sagrada Familia,NaN
51,47,1,1,O_Image_96.bmp,Wineglass,NaN
51,48,1,1,F_Image_9.bmp,Charlie Chaplin,NaN
51,49,1,1,S_Image_138.bmp,Stonehenge,NaN
51,50,1,1,F_Lure_2.bmp,Amy Winehouse,NaN
51,51,1,1,F_Image_37.bmp,Pierce Brosnan,NaN
51,52,1,1,O_Lure_50.bmp,Barbecue,NaN
51,53,1,1,S_Image_107.bmp,Colosseum,NaN
51,54,1,1,F_Image_38.bmp,Queen Elisabeth,NaN
51,55,1,1,O_Image_92.bmp,Trophy,NaN
51,56,1,1,O_Image_70.bmp,Key,NaN
51,57,1,1,O_Lure_76.bmp,Pillows,NaN
51,58,1,1,F_Image_20.bmp,Jennifer Lopez,NaN
51,59,1,1,S_Lure_140.bmp,Taj Mahal,NaN
51,60,1,1,O_Lure_53.bmp,Belt,NaN
51,61,1,1,S_Lure_133.bmp,Rialto Bridge,NaN
51,62,1,1,F_Lure_39.bmp,Robbie Williams,NaN
51,63,1,1,O_Lure_90.bmp,Telephone,NaN
51,64,1,1,O_Lure_59.bmp,Fan,NaN
51,65,1,1,S_Image_132.bmp,Red Square,NaN
51,66,1,1,S_Lure_141.bmp,Time Square,NaN
51,67,1,1,F_Image_12.bmp,David Beckham,NaN
51,68,1,1,O_Lure_96.bmp,Wineglass,NaN
51,69,1,1,O_Lure_79.bmp,Remote Control,NaN
51,70,1,1,O_Lure_61.bmp,Football,NaN
51,71,1,1,F_Image_46.bmp,Wayne Rooney,NaN
51,72,1,1,S_Image_114.bmp,Great Wall,NaN
51,73,1,1,F_Image_35.bmp,Nikola Sarkozy,NaN
51,74,1,1,S_Lure_97.bmp,Akropolis,NaN
51,75,1,1,S_Lure_101.bmp,Atomium,NaN
51,76,1,1,O_Lure_60.bmp,Flask,NaN
51,77,1,1,F_Image_10.bmp,Dalai Lama,NaN
51,78,1,1,F_Image_23.bmp,Julia Roberts,NaN
51,79,1,1,S_Image_102.bmp,Ayers Rock,NaN
51,80,1,1,O_Lure_88.bmp,Suitcase,NaN
51,81,1,1,O_Image_78.bmp,Razor,NaN
51,82,1,1,O_Lure_67.bmp,Hammock,NaN
51,83,1,1,S_Lure_114.bmp,Great Wall,NaN
51,84,1,1,O_Image_61.bmp,Football,NaN
51,85,1,1,O_Lure_58.bmp,Canoe,NaN
51,86,1,1,O_Lure_85.bmp,Sock,NaN
51,87,1,1,O_Lure_86.bmp,Soother,NaN
51,88,1,1,O_Image_76.bmp,Pillows,NaN
51,89,1,1,F_Lure_40.bmp,Robert De Niro,NaN
51,90,1,1,S_Image_98.bmp,Alcatraz,NaN
51,91,1,1,F_Lure_12.bmp,David Beckham,NaN
51,92,1,1,O_Lure_84.bmp,Skirt,NaN
51,93,1,1,O_Lure_95.bmp,Wheelchair,NaN
51,94,1,1,S_Lure_112.bmp,Golden Gate Bridge,NaN
51,95,1,1,O_Lure_64.bmp,Goggles,NaN
51,96,1,1,F_Image_25.bmp,Leonardo DiCaprio,NaN
51,97,1,1,O_Image_52.bmp,Bed,NaN
51,98,1,1,O_Lure_81.bmp,Scale,NaN
51,99,1,1,S_Lure_116.bmp,Hollywood Sign,NaN
51,100,1,1,S_Lure_121.bmp,Mecca,NaN
51,101,1,1,S_Image_110.bmp,Forbidden City,NaN
51,102,1,1,F_Lure_5.bmp,Bill Clinton,NaN
51,103,1,1,O_Image_58.bmp,Canoe,NaN
51,104,1,1,S_Image_108.bmp,Dover Cliffs,NaN
51,105,1,1,S_Lure_118.bmp,Leaning Tower,NaN
51,106,1,1,F_Image_48.bmp,Will Smith,NaN
51,107,1,1,F_Lure_25.bmp,Leonardo DiCaprio,NaN
51,108,1,1,O_Image_62.bmp,FryingPan,NaN
51,109,1,1,S_Lure_123.bmp,Mount Everest,NaN
51,110,1,1,S_Lure_108.bmp,Dover Cliffs,NaN
51,111,1,1,S_Lure_105.bmp,Chichen Itza,NaN
51,112,1,1,F_Lure_21.bmp,John Lennon,NaN
51,113,1,1,F_Image_1.bmp,Albert Einstein,NaN
51,114,1,1,O_Lure_80.bmp,Rope,NaN
51,115,1,1,S_Image_105.bmp,Chichen Itza,NaN
51,116,1,1,F_Lure_14.bmp,Elvis Presley,NaN
51,117,1,1,O_Lure_91.bmp,Torch,NaN
51,118,1,1,F_Image_11.bmp,Daniel Radcliffe,NaN
51,119,1,1,S_Lure_99.bmp,Alhambra,NaN
51,120,1,1,S_Lure_143.bmp,Versailles,NaN
51,121,1,1,S_Lure_139.bmp,Sydney Opera,NaN
51,122,1,1,S_Image_122.bmp,Mont Saint Michel,NaN
51,123,1,1,F_Lure_16.bmp,George Bush,NaN
51,124,1,1,S_Lure_142.bmp,Tower Bridge,NaN
51,125,1,1,S_Image_106.bmp,Christ The Redeemer,NaN
51,126,1,1,S_Lure_109.bmp,Eiffel Tower,NaN
51,127,1,1,S_Lure_134.bmp,Sagrada Familia,NaN
51,128,1,1,O_Lure_70.bmp,Key,NaN
51,129,1,1,O_Image_89.bmp,Teddybear,NaN
51,130,1,1,F_Lure_38.bmp,Queen Elisabeth,NaN
51,131,1,1,O_Lure_73.bmp,Microscope,NaN
51,132,1,1,F_Image_41.bmp,Rod Steward,NaN
51,133,1,1,O_Lure_56.bmp,Broom,NaN
51,134,1,1,S_Image_140.bmp,Taj Mahal,NaN
51,135,1,1,S_Image_127.bmp,Niagara Falls,NaN
51,136,1,1,O_Image_94.bmp,Watch,NaN
51,137,1,1,F_Image_15.bmp,Fidel Castro,NaN
51,138,1,1,F_Image_3.bmp,Angela Merkel,NaN
51,139,1,1,F_Image_18.bmp,Jack Nicholson,NaN
51,140,1,1,S_Image_117.bmp,Kings College,NaN
51,141,1,1,F_Lure_41.bmp,Rod Steward,NaN
51,142,1,1,F_Image_39.bmp,Robbie Williams,NaN
51,143,1,1,O_Image_83.bmp,Shoe,NaN
51,144,1,1,O_Lure_82.bmp,Scissors,NaN
51,145,1,1,F_Lure_18.bmp,Jack Nicholson,NaN
51,146,1,1,F_Image_2.bmp,Amy Winehouse,NaN
51,147,1,1,O_Image_87.bmp,Stapler,NaN
51,148,1,1,S_Image_130.bmp,Potala Palace,NaN
51,149,1,1,S_Lure_122.bmp,Mont Saint Michel,NaN
51,150,1,1,S_Lure_130.bmp,Potala Palace,NaN
51,151,1,1,O_Lure_65.bmp,GrandPiano,NaN
51,152,1,1,F_Image_40.bmp,Robert De Niro,NaN
51,153,1,1,S_Image_100.bmp,Angkor Wat,NaN
51,154,1,1,F_Image_28.bmp,Margaret Thatcher,NaN
51,155,1,1,S_Lure_131.bmp,Rapa Nui,NaN
51,156,1,1,F_Image_5.bmp,Bill Clinton,NaN
51,157,1,1,F_Image_6.bmp,Brad Pitt,NaN
51,158,1,1,S_Image_103.bmp,Big Ben,NaN
51,159,1,1,O_Lure_54.bmp,Bicycle,NaN
51,160,1,1,O_Lure_83.bmp,Shoe,NaN
51,161,1,1,S_Image_119.bmp,Louvre,NaN
51,162,1,1,S_Lure_128.bmp,Notre Dame,NaN
51,163,1,1,O_Image_57.bmp,Brush,NaN
51,164,1,1,O_Lure_94.bmp,Watch,NaN
51,165,1,1,S_Lure_113.bmp,Grand Canyon,NaN
51,166,1,1,O_Image_60.bmp,Flask,NaN
51,167,1,1,F_Image_47.bmp,Whoopi Goldberg,NaN
51,168,1,1,F_Lure_1.bmp,Albert Einstein,NaN
51,169,1,1,F_Image_43.bmp,Tom Cruise,NaN
51,170,1,1,F_Lure_22.bmp,Judi Dench,NaN
51,171,1,1,S_Lure_103.bmp,Big Ben,NaN
51,172,1,1,O_Image_63.bmp,Globe,NaN
51,173,1,1,S_Lure_115.bmp,Hagia Sophia,NaN
51,174,1,1,S_Lure_110.bmp,Forbidden City,NaN
51,175,1,1,O_Lure_68.bmp,Hat,NaN
51,176,1,1,S_Lure_124.bmp,Mount Fuji,NaN
51,177,1,1,F_Image_16.bmp,George Bush,NaN
51,178,1,1,F_Lure_23.bmp,Julia Roberts,NaN
51,179,1,1,O_Image_93.bmp,Umbrella,NaN
51,180,1,1,S_Image_126.bmp,Neu schwanstein Castle,NaN
51,181,1,1,S_Image_131.bmp,Rapa Nui,NaN
51,182,1,1,S_Image_120.bmp,Machu Picchu,NaN
51,183,1,1,S_Image_143.bmp,Versailles,NaN
51,184,1,1,O_Image_53.bmp,Belt,NaN
51,185,1,1,F_Lure_9.bmp,Charlie Chaplin,NaN
51,186,1,1,S_Lure_137.bmp,Statue Of Liberty,NaN
51,187,1,1,O_Image_81.bmp,Scale,NaN
51,188,1,1,F_Lure_48.bmp,Will Smith,NaN
51,189,1,1,O_Lure_62.bmp,FryingPan,NaN
51,190,1,1,S_Lure_104.bmp,Brandenburg Gate,NaN
51,191,1,1,F_Image_36.bmp,Penelope Cruz,NaN
51,192,1,1,S_Lure_107.bmp,Colosseum,NaN
51,193,1,1,S_Lure_102.bmp,Ayers Rock,NaN
51,194,1,1,S_Lure_132.bmp,Red Square,NaN
51,195,1,1,S_Lure_106.bmp,Christ The Redeemer,NaN
51,196,1,1,F_Lure_4.bmp,Barack Obama,NaN
51,197,1,1,F_Image_8.bmp,Cameron Diaz,NaN
51,198,1,1,O_Image_50.bmp,Barbecue,NaN
51,199,1,1,F_Image_30.bmp,Meryl Streep,NaN
51,200,1,1,F_Lure_10.bmp,Dalai Lama,NaN
51,201,1,1,F_Image_17.bmp,George Clooney,NaN
51,202,1,1,F_Image_32.bmp,Mick Jagger,NaN
51,203,1,1,F_Image_21.bmp,John Lennon,NaN
51,204,1,1,O_Image_67.bmp,Hammock,NaN
51,205,1,1,O_Image_74.bmp,Mirror,NaN
51,206,1,1,O_Image_82.bmp,Scissors,NaN
51,207,1,1,F_Lure_45.bmp,Tony Blair,NaN
51,208,1,1,S_Image_121.bmp,Mecca,NaN
51,209,1,1,O_Image_95.bmp,Wheelchair,NaN
51,210,1,1,S_Image_123.bmp,Mount Everest,NaN
51,211,1,1,S_Lure_135.bmp,Sahara Desert,NaN
51,212,1,1,S_Image_116.bmp,Hollywood Sign,NaN
51,213,1,1,S_Lure_117.bmp,Kings College,NaN
51,214,1,1,O_Lure_63.bmp,Globe,NaN
51,215,1,1,F_Lure_11.bmp,Daniel Radcliffe,NaN
51,216,1,1,S_Image_124.bmp,Mount Fuji,NaN
51,217,1,1,F_Image_27.bmp,Mahadma Gandhi,NaN
51,218,1,1,F_Lure_33.bmp,Mother Teresa,NaN
51,219,1,1,S_Lure_138.bmp,Stonehenge,NaN
51,220,1,1,S_Lure_136.bmp,Sistine Chapel,NaN
51,221,1,1,F_Image_4.bmp,Barack Obama,NaN
51,222,1,1,O_Image_88.bmp,Suitcase,NaN
51,223,1,1,S_Image_101.bmp,Atomium,NaN
51,224,1,1,O_Image_56.bmp,Broom,NaN
51,225,1,1,S_Image_128.bmp,Notre Dame,NaN
51,226,1,1,F_Lure_3.bmp,Angela Merkel,NaN
51,227,1,1,S_Image_99.bmp,Alhambra,NaN
51,228,1,1,O_Image_65.bmp,GrandPiano,NaN
51,229,1,1,O_Image_85.bmp,Sock,NaN
51,230,1,1,O_Lure_71.bmp,Ladder,NaN
51,231,1,1,F_Image_14.bmp,Elvis Presley,NaN
51,232,1,1,O_Lure_75.bmp,Necklace,NaN
51,233,1,1,F_Image_13.bmp,Elton John,NaN
51,234,1,1,S_Lure_119.bmp,Louvre,NaN
51,235,1,1,S_Image_109.bmp,Eiffel Tower,NaN
51,236,1,1,O_Lure_77.bmp,Radio,NaN
51,237,1,1,O_Image_86.bmp,Soother,NaN
51,238,1,1,S_Image_136.bmp,Sistine Chapel,NaN
51,239,1,1,F_Image_45.bmp,Tony Blair,NaN
51,240,1,1,F_Lure_35.bmp,Nikola Sarkozy,NaN
51,241,1,1,F_Lure_15.bmp,Fidel Castro,NaN
51,242,1,1,S_Image_142.bmp,Tower Bridge,NaN
51,243,1,1,O_Lure_51.bmp,Basket,NaN
51,244,1,1,F_Image_7.bmp,Britney Spears,NaN
51,245,1,1,F_Lure_29.bmp,Marilyn Monroe,NaN
51,246,1,1,F_Image_34.bmp,Nelson Mandela,NaN
51,247,1,1,F_Image_29.bmp,Marilyn Monroe,NaN
51,248,1,1,S_Image_139.bmp,Sydney Opera,NaN
51,249,1,1,O_Lure_74.bmp,Mirror,NaN
51,250,1,1,F_Lure_34.bmp,Nelson Mandela,NaN
51,251,1,1,O_Lure_93.bmp,Umbrella,NaN
51,252,1,1,F_Image_33.bmp,Mother Teresa,NaN
51,253,1,1,F_Image_26.bmp,Madonna,NaN
51,254,1,1,O_Image_90.bmp,Telephone,NaN
51,255,1,1,F_Image_22.bmp,Judi Dench,NaN
51,256,1,1,S_Image_137.bmp,Statue Of Liberty,NaN
51,257,1,1,S_Image_129.bmp,Petra,NaN
51,258,1,1,O_Image_91.bmp,Torch,NaN
51,259,1,1,S_Image_144.bmp,White House,NaN
51,260,1,1,S_Lure_127.bmp,Niagara Falls,NaN
51,261,1,1,O_Image_80.bmp,Rope,NaN
51,262,1,1,O_Image_69.bmp,Headphones,NaN
51,263,1,1,O_Lure_69.bmp,Headphones,NaN
51,264,1,1,O_Image_73.bmp,Microscope,NaN
51,265,1,1,O_Lure_92.bmp,Trophy,NaN
51,266,1,1,O_Lure_78.bmp,Razor,NaN
51,267,1,1,S_Image_112.bmp,Golden Gate Bridge,NaN
51,268,1,1,F_Lure_6.bmp,Brad Pitt,NaN
51,269,1,1,S_Lure_129.bmp,Petra,NaN
51,270,1,1,O_Image_49.bmp,Anchor,NaN
51,271,1,1,S_Image_135.bmp,Sahara Desert,NaN
51,272,1,1,F_Lure_37.bmp,Pierce Brosnan,NaN
51,273,1,1,F_Lure_36.bmp,Penelope Cruz,NaN
51,274,1,1,O_Image_77.bmp,Radio,NaN
51,275,1,1,S_Lure_120.bmp,Machu Picchu,NaN
51,276,1,1,S_Lure_98.bmp,Alcatraz,NaN
51,277,1,1,O_Lure_87.bmp,Stapler,NaN
51,278,1,1,S_Image_97.bmp,Akropolis,NaN
51,279,1,1,F_Lure_47.bmp,Whoopi Goldberg,NaN
51,280,1,1,O_Image_64.bmp,Goggles,NaN
51,281,1,1,O_Image_59.bmp,Fan,NaN
51,282,1,1,F_Image_19.bmp,James Dean,NaN
51,283,1,1,O_Image_54.bmp,Bicycle,NaN
51,284,1,1,O_Image_84.bmp,Skirt,NaN
51,285,1,1,S_Lure_111.bmp,Gizeh Pyramids,NaN
51,286,1,1,O_Lure_52.bmp,Bed,NaN
51,287,1,1,O_Lure_66.bmp,Guitar,NaN
51,288,1,1,F_Lure_8.bmp,Cameron Diaz,NaN
51,289,1,1,F_Lure_13.bmp,Elton John,NaN
51,290,1,1,F_Lure_46.bmp,Wayne Rooney,NaN
51,291,1,1,F_Lure_32.bmp,Mick Jagger,NaN
51,292,1,1,S_Image_115.bmp,Hagia Sophia,NaN
51,293,1,1,F_Lure_28.bmp,Margaret Thatcher,NaN
51,294,1,1,F_Lure_30.bmp,Meryl Streep,NaN
51,295,1,1,F_Lure_26.bmp,Madonna,NaN
51,296,1,1,S_Image_133.bmp,Rialto Bridge,NaN
51,297,1,1,F_Lure_19.bmp,James Dean,NaN
51,298,1,1,F_Image_24.bmp,Keanu Reeves,NaN
51,299,1,1,S_Lure_100.bmp,Angkor Wat,NaN
51,300,1,1,F_Lure_20.bmp,Jennifer Lopez,NaN
51,301,1,1,F_Lure_7.bmp,Britney Spears,NaN
51,302,1,1,F_Lure_24.bmp,Keanu Reeves,NaN
51,303,1,1,S_Lure_126.bmp,Neu schwanstein Castle,NaN
51,304,1,1,S_Image_104.bmp,Brandenburg Gate,NaN
51,305,1,1,S_Image_134.bmp,Sagrada Familia,NaN
51,306,1,1,F_Image_9.bmp,Charlie Chaplin,NaN
51,307,1,1,F_Image_37.bmp,Pierce Brosnan,NaN
51,308,1,1,S_Lure_133.bmp,Rialto Bridge,NaN
51,309,1,1,F_Lure_39.bmp,Robbie Williams,NaN
51,310,1,1,S_Image_132.bmp,Red Square,NaN
51,311,1,1,F_Image_12.bmp,David Beckham,NaN
51,312,1,1,F_Image_46.bmp,Wayne Rooney,NaN
51,313,1,1,F_Image_35.bmp,Nikola Sarkozy,NaN
51,314,1,1,S_Lure_97.bmp,Akropolis,NaN
51,315,1,1,S_Lure_101.bmp,Atomium,NaN
51,316,1,1,F_Image_10.bmp,Dalai Lama,NaN
51,317,1,1,F_Image_23.bmp,Julia Roberts,NaN
51,318,1,1,S_Image_102.bmp,Ayers Rock,NaN
51,319,1,1,F_Lure_40.bmp,Robert De Niro,NaN
51,320,1,1,S_Image_110.bmp,Forbidden City,NaN
51,321,1,1,S_Image_108.bmp,Dover Cliffs,NaN
51,322,1,1,S_Lure_105.bmp,Chichen Itza,NaN
51,323,1,1,F_Lure_21.bmp,John Lennon,NaN
51,324,1,1,S_Image_105.bmp,Chichen Itza,NaN
51,325,1,1,S_Lure_99.bmp,Alhambra,NaN
51,326,1,1,S_Lure_143.bmp,Versailles,NaN
51,327,1,1,S_Lure_139.bmp,Sydney Opera,NaN
51,328,1,1,S_Image_122.bmp,Mont Saint Michel,NaN
51,329,1,1,S_Lure_142.bmp,Tower Bridge,NaN
51,330,1,1,S_Lure_134.bmp,Sagrada Familia,NaN
51,331,1,1,F_Image_41.bmp,Rod Steward,NaN
51,332,1,1,F_Image_15.bmp,Fidel Castro,NaN
51,333,1,1,F_Image_3.bmp,Angela Merkel,NaN
51,334,1,1,F_Image_18.bmp,Jack Nicholson,NaN
51,335,1,1,S_Image_117.bmp,Kings College,NaN
51,336,1,1,F_Lure_41.bmp,Rod Steward,NaN
51,337,1,1,F_Image_39.bmp,Robbie Williams,NaN
51,338,1,1,F_Lure_18.bmp,Jack Nicholson,NaN
51,339,1,1,S_Image_130.bmp,Potala Palace,NaN
51,340,1,1,S_Lure_122.bmp,Mont Saint Michel,NaN
51,341,1,1,S_Lure_130.bmp,Potala Palace,NaN
51,342,1,1,S_Image_100.bmp,Angkor Wat,NaN
51,343,1,1,F_Image_28.bmp,Margaret Thatcher,NaN
51,344,1,1,S_Lure_131.bmp,Rapa Nui,NaN
51,345,1,1,S_Image_119.bmp,Louvre,NaN
51,346,1,1,S_Lure_128.bmp,Notre Dame,NaN
51,347,1,1,F_Lure_22.bmp,Judi Dench,NaN
51,348,1,1,S_Lure_115.bmp,Hagia Sophia,NaN
51,349,1,1,S_Lure_110.bmp,Forbidden City,NaN
51,350,1,1,S_Lure_124.bmp,Mount Fuji,NaN
51,351,1,1,F_Lure_23.bmp,Julia Roberts,NaN
51,352,1,1,S_Image_126.bmp,Neu schwanstein Castle,NaN
51,353,1,1,S_Image_131.bmp,Rapa Nui,NaN
51,354,1,1,S_Image_120.bmp,Machu Picchu,NaN
51,355,1,1,S_Image_143.bmp,Versailles,NaN
51,356,1,1,F_Lure_9.bmp,Charlie Chaplin,NaN
51,357,1,1,S_Lure_104.bmp,Brandenburg Gate,NaN
51,358,1,1,F_Image_36.bmp,Penelope Cruz,NaN
51,359,1,1,S_Lure_102.bmp,Ayers Rock,NaN
51,360,1,1,S_Lure_132.bmp,Red Square,NaN
51,361,1,1,F_Image_8.bmp,Cameron Diaz,NaN
51,362,1,1,F_Image_30.bmp,Meryl Streep,NaN
51,363,1,1,F_Lure_10.bmp,Dalai Lama,NaN
51,364,1,1,F_Image_32.bmp,Mick Jagger,NaN
51,365,1,1,F_Image_21.bmp,John Lennon,NaN
51,366,1,1,F_Lure_45.bmp,Tony Blair,NaN
51,367,1,1,S_Lure_117.bmp,Kings College,NaN
51,368,1,1,F_Lure_33.bmp,Mother Teresa,NaN
51,369,1,1,S_Lure_136.bmp,Sistine Chapel,NaN
51,370,1,1,S_Image_101.bmp,Atomium,NaN
51,371,1,1,S_Image_128.bmp,Notre Dame,NaN
51,372,1,1,F_Lure_3.bmp,Angela Merkel,NaN
51,373,1,1,S_Image_99.bmp,Alhambra,NaN
51,374,1,1,S_Lure_119.bmp,Louvre,NaN
51,375,1,1,S_Image_136.bmp,Sistine Chapel,NaN
51,376,1,1,F_Image_45.bmp,Tony Blair,NaN
51,377,1,1,F_Lure_35.bmp,Nikola Sarkozy,NaN
51,378,1,1,S_Image_142.bmp,Tower Bridge,NaN
51,379,1,1,S_Image_139.bmp,Sydney Opera,NaN
51,380,1,1,F_Image_26.bmp,Madonna,NaN
51,381,1,1,F_Image_22.bmp,Judi Dench,NaN
51,382,1,1,S_Image_129.bmp,Petra,NaN
51,383,1,1,S_Lure_129.bmp,Petra,NaN
51,384,1,1,F_Lure_37.bmp,Pierce Brosnan,NaN
51,385,1,1,F_Lure_36.bmp,Penelope Cruz,NaN
51,386,1,1,S_Lure_120.bmp,Machu Picchu,NaN
51,387,1,1,S_Image_97.bmp,Akropolis,NaN
51,388,1,1,F_Image_19.bmp,James Dean,NaN
51,389,1,1,F_Lure_8.bmp,Cameron Diaz,NaN
51,390,1.5,1,F_Image_33.bmp,Mother Teresa,tear
51,391,1.5,1,O_Image_89.bmp,Teddybear,paper
51,392,1.5,1,O_Image_64.bmp,Goggles,ghost
51,393,1.5,1,S_Image_101.bmp,Atomium,marble
51,394,1.5,1,O_Image_71.bmp,Ladder,vegetable
51,395,1.5,1,O_Image_85.bmp,Sock,wound
51,396,1.5,1,S_Image_137.bmp,Statue Of Liberty,drizzle
51,397,1.5,1,F_Image_1.bmp,Albert Einstein,alien
51,398,1.5,1,F_Image_21.bmp,John Lennon,laundry
51,399,1.5,1,O_Image_93.bmp,Umbrella,bubble
51,400,1.5,1,S_Image_132.bmp,Red Square,hurricane
51,401,1.5,1,F_Image_32.bmp,Mick Jagger,army
51,402,1.5,1,S_Image_135.bmp,Sahara Desert,crumb
51,403,1.5,1,O_Image_55.bmp,Binoculars,sand
51,404,1.5,1,S_Image_98.bmp,Alcatraz,breakfast
51,405,1.5,1,S_Image_125.bmp,Mount Rushmore,slope
51,406,1.5,1,S_Image_142.bmp,Tower Bridge,yellow
51,407,1.5,1,O_Image_76.bmp,Pillows,spray
51,408,1.5,1,O_Image_83.bmp,Shoe,triangle
51,409,1.5,1,O_Image_90.bmp,Telephone,corpse
51,410,1.5,1,F_Image_2.bmp,Amy Winehouse,wreck
51,411,1.5,1,S_Image_109.bmp,Eiffel Tower,angel
51,412,1.5,1,S_Image_104.bmp,Brandenburg Gate,costume
51,413,1.5,1,O_Image_51.bmp,Basket,wool
51,414,2,1,S_Image_98.bmp-S_Lure_98.bmp,Alcatraz,breakfast
51,415,2,1,O_Image_64.bmp-O_Lure_64.bmp,Goggles,ghost
51,416,2,1,F_Image_21.bmp-F_Lure_21.bmp,John Lennon,laundry
51,417,2,1,O_Image_93.bmp-O_Lure_93.bmp,Umbrella,bubble
51,418,2,1,O_Image_83.bmp-O_Lure_83.bmp,Shoe,triangle
51,419,2,1,F_Image_32.bmp-F_Lure_32.bmp,Mick Jagger,army
51,420,2,1,O_Image_85.bmp-O_Lure_85.bmp,Sock,wound
51,421,2,1,S_Image_142.bmp-S_Lure_142.bmp,Tower Bridge,yellow
51,422,2,1,O_Image_55.bmp-O_Lure_55.bmp,Binoculars,sand
51,423,2,1,F_Image_33.bmp-F_Lure_33.bmp,Mother Teresa,tear
51,424,2,1,S_Image_101.bmp-S_Lure_101.bmp,Atomium,marble
51,425,2,1,S_Image_137.bmp-S_Lure_137.bmp,Statue Of Liberty,drizzle
51,426,2,1,O_Image_71.bmp-O_Lure_71.bmp,Ladder,vegetable
51,427,2,1,S_Image_132.bmp-S_Lure_132.bmp,Red Square,hurricane
51,428,2,1,O_Image_76.bmp-O_Lure_76.bmp,Pillows,spray
51,429,2,1,S_Image_125.bmp-S_Lure_125.bmp,Mount Rushmore,slope
51,430,2,1,O_Image_51.bmp-O_Lure_51.bmp,Basket,wool
51,431,2,1,F_Image_2.bmp-F_Lure_2.bmp,Amy Winehouse,wreck
51,432,2,1,S_Image_135.bmp-S_Lure_135.bmp,Sahara Desert,crumb
51,433,2,1,S_Image_109.bmp-S_Lure_109.bmp,Eiffel Tower,angel
51,434,2,1,F_Image_1.bmp-F_Lure_1.bmp,Albert Einstein,alien
51,435,2,1,O_Image_90.bmp-O_Lure_90.bmp,Telephone,corpse
51,436,2,1,O_Image_89.bmp-O_Lure_89.bmp,Teddybear,paper
51,437,2,1,S_Image_104.bmp-S_Lure_104.bmp,Brandenburg Gate,costume
51,438,3,1,O_Image_71.bmp-O_Lure_71.bmp,Ladder,vegetable
51,439,3,1,F_Image_1.bmp-F_Lure_1.bmp,Albert Einstein,alien
51,440,3,1,O_Image_83.bmp-O_Lure_83.bmp,Shoe,triangle
51,441,3,1,O_Image_55.bmp-O_Lure_55.bmp,Binoculars,sand
51,442,3,1,S_Image_109.bmp-S_Lure_109.bmp,Eiffel Tower,angel
51,443,3,1,O_Image_89.bmp-O_Lure_89.bmp,Teddybear,paper
51,444,3,1,S_Image_101.bmp-S_Lure_101.bmp,Atomium,marble
51,445,3,1,O_Image_76.bmp-O_Lure_76.bmp,Pillows,spray
51,446,3,1,S_Image_125.bmp-S_Lure_125.bmp,Mount Rushmore,slope
51,447,3,1,S_Image_132.bmp-S_Lure_132.bmp,Red Square,hurricane
51,448,3,1,O_Image_93.bmp-O_Lure_93.bmp,Umbrella,bubble
51,449,3,1,S_Image_98.bmp-S_Lure_98.bmp,Alcatraz,breakfast
51,450,3,1,O_Image_51.bmp-O_Lure_51.bmp,Basket,wool
51,451,3,1,O_Image_85.bmp-O_Lure_85.bmp,Sock,wound
51,452,3,1,O_Image_64.bmp-O_Lure_64.bmp,Goggles,ghost
51,453,3,1,F_Image_21.bmp-F_Lure_21.bmp,John Lennon,laundry
51,454,3,1,F_Image_32.bmp-F_Lure_32.bmp,Mick Jagger,army
51,455,3,1,S_Image_104.bmp-S_Lure_104.bmp,Brandenburg Gate,costume
51,456,3,1,S_Image_137.bmp-S_Lure_137.bmp,Statue Of Liberty,drizzle
51,457,3,1,O_Image_90.bmp-O_Lure_90.bmp,Telephone,corpse
51,458,3,1,F_Image_33.bmp-F_Lure_33.bmp,Mother Teresa,tear
51,459,3,1,S_Image_142.bmp-S_Lure_142.bmp,Tower Bridge,yellow
51,460,3,1,F_Image_2.bmp-F_Lure_2.bmp,Amy Winehouse,wreck
51,461,3,1,S_Image_135.bmp-S_Lure_135.bmp,Sahara Desert,crumb
51,462,1.5,2,S_Image_114.bmp,Great Wall,kiss
51,463,1.5,2,F_Image_16.bmp,George Bush,antique
51,464,1.5,2,O_Image_77.bmp,Radio,giant
51,465,1.5,2,S_Image_126.bmp,Neu schwanstein Castle,arch
51,466,1.5,2,F_Image_3.bmp,Angela Merkel,sunshine
51,467,1.5,2,O_Image_81.bmp,Scale,quake
51,468,1.5,2,F_Image_42.bmp,Scarlett Johansson,witch
51,469,1.5,2,O_Image_88.bmp,Suitcase,cone
51,470,1.5,2,O_Image_49.bmp,Anchor,honeymoon
51,471,1.5,2,O_Image_67.bmp,Hammock,snow
51,472,1.5,2,S_Image_136.bmp,Sistine Chapel,board
51,473,1.5,2,O_Image_91.bmp,Torch,rust
51,474,1.5,2,S_Image_99.bmp,Alhambra,tail
51,475,1.5,2,F_Image_47.bmp,Whoopi Goldberg,steam
51,476,1.5,2,F_Image_43.bmp,Tom Cruise,menu
51,477,1.5,2,F_Image_8.bmp,Cameron Diaz,sweat
51,478,1.5,2,F_Image_20.bmp,Jennifer Lopez,seed
51,479,1.5,2,O_Image_66.bmp,Guitar,arrow
51,480,1.5,2,F_Image_24.bmp,Keanu Reeves,shadow
51,481,1.5,2,S_Image_97.bmp,Akropolis,tourist
51,482,1.5,2,F_Image_25.bmp,Leonardo DiCaprio,asphalt
51,483,1.5,2,F_Image_38.bmp,Queen Elisabeth,corner
51,484,1.5,2,O_Image_68.bmp,Hat,lever
51,485,1.5,2,O_Image_56.bmp,Broom,animal
51,486,2,2,O_Image_68.bmp-O_Lure_68.bmp,Hat,lever
51,487,2,2,F_Image_25.bmp-F_Lure_25.bmp,Leonardo DiCaprio,asphalt
51,488,2,2,F_Image_47.bmp-F_Lure_47.bmp,Whoopi Goldberg,steam
51,489,2,2,O_Image_81.bmp-O_Lure_81.bmp,Scale,quake
51,490,2,2,O_Image_91.bmp-O_Lure_91.bmp,Torch,rust
51,491,2,2,S_Image_97.bmp-S_Lure_97.bmp,Akropolis,tourist
51,492,2,2,S_Image_114.bmp-S_Lure_114.bmp,Great Wall,kiss
51,493,2,2,F_Image_38.bmp-F_Lure_38.bmp,Queen Elisabeth,corner
51,494,2,2,F_Image_42.bmp-F_Lure_42.bmp,Scarlett Johansson,witch
51,495,2,2,S_Image_99.bmp-S_Lure_99.bmp,Alhambra,tail
51,496,2,2,F_Image_24.bmp-F_Lure_24.bmp,Keanu Reeves,shadow
51,497,2,2,O_Image_49.bmp-O_Lure_49.bmp,Anchor,honeymoon
51,498,2,2,O_Image_67.bmp-O_Lure_67.bmp,Hammock,snow
51,499,2,2,F_Image_43.bmp-F_Lure_43.bmp,Tom Cruise,menu
51,500,2,2,S_Image_136.bmp-S_Lure_136.bmp,Sistine Chapel,board
51,501,2,2,F_Image_16.bmp-F_Lure_16.bmp,George Bush,antique
51,502,2,2,O_Image_66.bmp-O_Lure_66.bmp,Guitar,arrow
51,503,2,2,F_Image_8.bmp-F_Lure_8.bmp,Cameron Diaz,sweat
51,504,2,2,O_Image_77.bmp-O_Lure_77.bmp,Radio,giant
51,505,2,2,S_Image_126.bmp-S_Lure_126.bmp,Neu schwanstein Castle,arch
51,506,2,2,F_Image_3.bmp-F_Lure_3.bmp,Angela Merkel,sunshine
51,507,2,2,F_Image_20.bmp-F_Lure_20.bmp,Jennifer Lopez,seed
51,508,2,2,O_Image_88.bmp-O_Lure_88.bmp,Suitcase,cone
51,509,2,2,O_Image_56.bmp-O_Lure_56.bmp,Broom,animal
51,510,3,2,O_Image_49.bmp-O_Lure_49.bmp,Anchor,honeymoon
51,511,3,2,O_Image_67.bmp-O_Lure_67.bmp,Hammock,snow
51,512,3,2,F_Image_3.bmp-F_Lure_3.bmp,Angela Merkel,sunshine
51,513,3,2,O_Image_56.bmp-O_Lure_56.bmp,Broom,animal
51,514,3,2,F_Image_42.bmp-F_Lure_42.bmp,Scarlett Johansson,witch
51,515,3,2,S_Image_114.bmp-S_Lure_114.bmp,Great Wall,kiss
51,516,3,2,F_Image_24.bmp-F_Lure_24.bmp,Keanu Reeves,shadow
51,517,3,2,F_Image_43.bmp-F_Lure_43.bmp,Tom Cruise,menu
51,518,3,2,O_Image_68.bmp-O_Lure_68.bmp,Hat,lever
51,519,3,2,S_Image_97.bmp-S_Lure_97.bmp,Akropolis,tourist
51,520,3,2,F_Image_16.bmp-F_Lure_16.bmp,George Bush,antique
51,521,3,2,O_Image_66.bmp-O_Lure_66.bmp,Guitar,arrow
51,522,3,2,O_Image_77.bmp-O_Lure_77.bmp,Radio,giant
51,523,3,2,O_Image_91.bmp-O_Lure_91.bmp,Torch,rust
51,524,3,2,S_Image_136.bmp-S_Lure_136.bmp,Sistine Chapel,board
51,525,3,2,O_Image_88.bmp-O_Lure_88.bmp,Suitcase,cone
51,526,3,2,F_Image_38.bmp-F_Lure_38.bmp,Queen Elisabeth,corner
51,527,3,2,S_Image_99.bmp-S_Lure_99.bmp,Alhambra,tail
51,528,3,2,F_Image_47.bmp-F_Lure_47.bmp,Whoopi Goldberg,steam
51,529,3,2,F_Image_25.bmp-F_Lure_25.bmp,Leonardo DiCaprio,asphalt
51,530,3,2,F_Image_8.bmp-F_Lure_8.bmp,Cameron Diaz,sweat
51,531,3,2,O_Image_81.bmp-O_Lure_81.bmp,Scale,quake
51,532,3,2,S_Image_126.bmp-S_Lure_126.bmp,Neu schwanstein Castle,arch
51,533,3,2,F_Image_20.bmp-F_Lure_20.bmp,Jennifer Lopez,seed
51,534,1.5,3,F_Image_7.bmp,Britney Spears,hostage
51,535,1.5,3,S_Image_124.bmp,Mount Fuji,shell
51,536,1.5,3,F_Image_40.bmp,Robert De Niro,magnet
51,537,1.5,3,F_Image_46.bmp,Wayne Rooney,harem
51,538,1.5,3,F_Image_39.bmp,Robbie Williams,attack
51,539,1.5,3,O_Image_84.bmp,Skirt,galaxy
51,540,1.5,3,O_Image_54.bmp,Bicycle,stem
51,541,1.5,3,S_Image_119.bmp,Louvre,spike
51,542,1.5,3,S_Image_121.bmp,Mecca,fuel
51,543,1.5,3,O_Image_92.bmp,Trophy,cloud
51,544,1.5,3,S_Image_138.bmp,Stonehenge,black
51,545,1.5,3,S_Image_120.bmp,Machu Picchu,fire
51,546,1.5,3,S_Image_105.bmp,Chichen Itza,alcohol
51,547,1.5,3,F_Image_45.bmp,Tony Blair,flood
51,548,1.5,3,S_Image_115.bmp,Hagia Sophia,tube
51,549,1.5,3,S_Image_103.bmp,Big Ben,money
51,550,1.5,3,F_Image_29.bmp,Marilyn Monroe,water
51,551,1.5,3,F_Image_35.bmp,Nikola Sarkozy,stripe
51,552,1.5,3,S_Image_112.bmp,Golden Gate Bridge,poison
51,553,1.5,3,S_Image_131.bmp,Rapa Nui,scar
51,554,1.5,3,O_Image_75.bmp,Necklace,measles
51,555,1.5,3,F_Image_4.bmp,Barack Obama,signal
51,556,1.5,3,O_Image_58.bmp,Canoe,rock
51,557,1.5,3,F_Image_31.bmp,Michael Jackson,orchestra
51,558,2,3,S_Image_124.bmp-S_Lure_124.bmp,Mount Fuji,shell
51,559,2,3,F_Image_4.bmp-F_Lure_4.bmp,Barack Obama,signal
51,560,2,3,F_Image_31.bmp-F_Lure_31.bmp,Michael Jackson,orchestra
51,561,2,3,S_Image_105.bmp-S_Lure_105.bmp,Chichen Itza,alcohol
51,562,2,3,O_Image_92.bmp-O_Lure_92.bmp,Trophy,cloud
51,563,2,3,S_Image_103.bmp-S_Lure_103.bmp,Big Ben,money
51,564,2,3,O_Image_84.bmp-O_Lure_84.bmp,Skirt,galaxy
51,565,2,3,O_Image_58.bmp-O_Lure_58.bmp,Canoe,rock
51,566,2,3,F_Image_7.bmp-F_Lure_7.bmp,Britney Spears,hostage
51,567,2,3,S_Image_120.bmp-S_Lure_120.bmp,Machu Picchu,fire
51,568,2,3,F_Image_40.bmp-F_Lure_40.bmp,Robert De Niro,magnet
51,569,2,3,O_Image_54.bmp-O_Lure_54.bmp,Bicycle,stem
51,570,2,3,F_Image_45.bmp-F_Lure_45.bmp,Tony Blair,flood
51,571,2,3,S_Image_112.bmp-S_Lure_112.bmp,Golden Gate Bridge,poison
51,572,2,3,S_Image_131.bmp-S_Lure_131.bmp,Rapa Nui,scar
51,573,2,3,S_Image_138.bmp-S_Lure_138.bmp,Stonehenge,black
51,574,2,3,S_Image_119.bmp-S_Lure_119.bmp,Louvre,spike
51,575,2,3,S_Image_121.bmp-S_Lure_121.bmp,Mecca,fuel
51,576,2,3,O_Image_75.bmp-O_Lure_75.bmp,Necklace,measles
51,577,2,3,F_Image_39.bmp-F_Lure_39.bmp,Robbie Williams,attack
51,578,2,3,S_Image_115.bmp-S_Lure_115.bmp,Hagia Sophia,tube
51,579,2,3,F_Image_29.bmp-F_Lure_29.bmp,Marilyn Monroe,water
51,580,2,3,F_Image_46.bmp-F_Lure_46.bmp,Wayne Rooney,harem
51,581,2,3,F_Image_35.bmp-F_Lure_35.bmp,Nikola Sarkozy,stripe
51,582,3,3,F_Image_29.bmp-F_Lure_29.bmp,Marilyn Monroe,water
51,583,3,3,O_Image_92.bmp-O_Lure_92.bmp,Trophy,cloud
51,584,3,3,S_Image_103.bmp-S_Lure_103.bmp,Big Ben,money
51,585,3,3,O_Image_58.bmp-O_Lure_58.bmp,Canoe,rock
51,586,3,3,O_Image_84.bmp-O_Lure_84.bmp,Skirt,galaxy
51,587,3,3,O_Image_75.bmp-O_Lure_75.bmp,Necklace,measles
51,588,3,3,F_Image_31.bmp-F_Lure_31.bmp,Michael Jackson,orchestra
51,589,3,3,S_Image_112.bmp-S_Lure_112.bmp,Golden Gate Bridge,poison
51,590,3,3,F_Image_4.bmp-F_Lure_4.bmp,Barack Obama,signal
51,591,3,3,F_Image_35.bmp-F_Lure_35.bmp,Nikola Sarkozy,stripe
51,592,3,3,F_Image_45.bmp-F_Lure_45.bmp,Tony Blair,flood
51,593,3,3,F_Image_39.bmp-F_Lure_39.bmp,Robbie Williams,attack
51,594,3,3,S_Image_138.bmp-S_Lure_138.bmp,Stonehenge,black
51,595,3,3,S_Image_131.bmp-S_Lure_131.bmp,Rapa Nui,scar
51,596,3,3,O_Image_54.bmp-O_Lure_54.bmp,Bicycle,stem
51,597,3,3,F_Image_46.bmp-F_Lure_46.bmp,Wayne Rooney,harem
51,598,3,3,S_Image_120.bmp-S_Lure_120.bmp,Machu Picchu,fire
51,599,3,3,S_Image_124.bmp-S_Lure_124.bmp,Mount Fuji,shell
51,600,3,3,F_Image_7.bmp-F_Lure_7.bmp,Britney Spears,hostage
51,601,3,3,F_Image_40.bmp-F_Lure_40.bmp,Robert De Niro,magnet
51,602,3,3,S_Image_121.bmp-S_Lure_121.bmp,Mecca,fuel
51,603,3,3,S_Image_115.bmp-S_Lure_115.bmp,Hagia Sophia,tube
51,604,3,3,S_Image_105.bmp-S_Lure_105.bmp,Chichen Itza,alcohol
51,605,3,3,S_Image_119.bmp-S_Lure_119.bmp,Louvre,spike
51,606,3.5,1,O_Image_61.bmp,Football,angel
51,607,3.5,1,F_Image_23.bmp,Julia Roberts,tube
51,608,3.5,1,F_Image_28.bmp,Margaret Thatcher,marble
51,609,3.5,1,F_Image_27.bmp,Mahadma Gandhi,fire
51,610,3.5,1,F_Image_26.bmp,Madonna,slope
51,611,3.5,1,S_Image_110.bmp,Forbidden City,paper
51,612,3.5,1,F_Image_18.bmp,Jack Nicholson,arrow
51,613,3.5,1,S_Image_102.bmp,Ayers Rock,giant
51,614,3.5,1,F_Image_44.bmp,Tom Hanks,hurricane
51,615,3.5,1,O_Image_70.bmp,Key,kiss
51,616,3.5,1,S_Image_140.bmp,Taj Mahal,sweat
51,617,3.5,1,F_Image_15.bmp,Fidel Castro,honeymoon
51,618,3.5,1,F_Image_37.bmp,Pierce Brosnan,shell
51,619,3.5,1,S_Image_143.bmp,Versailles,asphalt
51,620,3.5,1,S_Image_123.bmp,Mount Everest,corner
51,621,3.5,1,F_Image_36.bmp,Penelope Cruz,black
51,622,3.5,1,S_Image_118.bmp,Leaning Tower,cloud
51,623,3.5,1,O_Image_95.bmp,Wheelchair,harem
51,624,3.5,1,O_Image_87.bmp,Stapler,tear
51,625,3.5,1,O_Image_69.bmp,Headphones,crumb
51,626,3.5,1,O_Image_94.bmp,Watch,laundry
51,627,3.5,1,O_Image_62.bmp,FryingPan,spike
51,628,3.5,1,F_Image_14.bmp,Elvis Presley,lever
51,629,3.5,1,S_Image_108.bmp,Dover Cliffs,sand
51,630,4,1,F_Image_14.bmp-F_Lure_14.bmp,Elvis Presley,lever
51,631,4,1,S_Image_118.bmp-S_Lure_118.bmp,Leaning Tower,cloud
51,632,4,1,O_Image_87.bmp-O_Lure_87.bmp,Stapler,tear
51,633,4,1,O_Image_94.bmp-O_Lure_94.bmp,Watch,laundry
51,634,4,1,S_Image_140.bmp-S_Lure_140.bmp,Taj Mahal,sweat
51,635,4,1,F_Image_18.bmp-F_Lure_18.bmp,Jack Nicholson,arrow
51,636,4,1,S_Image_108.bmp-S_Lure_108.bmp,Dover Cliffs,sand
51,637,4,1,S_Image_102.bmp-S_Lure_102.bmp,Ayers Rock,giant
51,638,4,1,O_Image_62.bmp-O_Lure_62.bmp,FryingPan,spike
51,639,4,1,F_Image_27.bmp-F_Lure_27.bmp,Mahadma Gandhi,fire
51,640,4,1,S_Image_123.bmp-S_Lure_123.bmp,Mount Everest,corner
51,641,4,1,O_Image_70.bmp-O_Lure_70.bmp,Key,kiss
51,642,4,1,S_Image_110.bmp-S_Lure_110.bmp,Forbidden City,paper
51,643,4,1,F_Image_26.bmp-F_Lure_26.bmp,Madonna,slope
51,644,4,1,F_Image_37.bmp-F_Lure_37.bmp,Pierce Brosnan,shell
51,645,4,1,F_Image_15.bmp-F_Lure_15.bmp,Fidel Castro,honeymoon
51,646,4,1,F_Image_36.bmp-F_Lure_36.bmp,Penelope Cruz,black
51,647,4,1,F_Image_44.bmp-F_Lure_44.bmp,Tom Hanks,hurricane
51,648,4,1,F_Image_28.bmp-F_Lure_28.bmp,Margaret Thatcher,marble
51,649,4,1,O_Image_61.bmp-O_Lure_61.bmp,Football,angel
51,650,4,1,O_Image_69.bmp-O_Lure_69.bmp,Headphones,crumb
51,651,4,1,S_Image_143.bmp-S_Lure_143.bmp,Versailles,asphalt
51,652,4,1,F_Image_23.bmp-F_Lure_23.bmp,Julia Roberts,tube
51,653,4,1,O_Image_95.bmp-O_Lure_95.bmp,Wheelchair,harem
51,654,3.5,2,O_Image_59.bmp,Fan,board
51,655,3.5,2,S_Image_111.bmp,Gizeh Pyramids,corpse
51,656,3.5,2,S_Image_130.bmp,Potala Palace,menu
51,657,3.5,2,F_Image_17.bmp,George Clooney,wound
51,658,3.5,2,O_Image_65.bmp,GrandPiano,fuel
51,659,3.5,2,O_Image_63.bmp,Globe,poison
51,660,3.5,2,O_Image_60.bmp,Flask,tourist
51,661,3.5,2,S_Image_129.bmp,Petra,magnet
51,662,3.5,2,S_Image_116.bmp,Hollywood Sign,quake
51,663,3.5,2,S_Image_113.bmp,Grand Canyon,rust
51,664,3.5,2,F_Image_12.bmp,David Beckham,rock
51,665,3.5,2,S_Image_134.bmp,Sagrada Familia,water
51,666,3.5,2,S_Image_100.bmp,Angkor Wat,measles
51,667,3.5,2,S_Image_133.bmp,Rialto Bridge,witch
51,668,3.5,2,S_Image_106.bmp,Christ The Redeemer,cone
51,669,3.5,2,S_Image_139.bmp,Sydney Opera,steam
51,670,3.5,2,F_Image_9.bmp,Charlie Chaplin,ghost
51,671,3.5,2,S_Image_141.bmp,Time Square,signal
51,672,3.5,2,O_Image_57.bmp,Brush,drizzle
51,673,3.5,2,S_Image_107.bmp,Colosseum,stem
51,674,3.5,2,F_Image_48.bmp,Will Smith,costume
51,675,3.5,2,S_Image_127.bmp,Niagara Falls,attack
51,676,3.5,2,O_Image_73.bmp,Microscope,seed
51,677,3.5,2,O_Image_53.bmp,Belt,scar
51,678,4,2,F_Image_17.bmp-F_Lure_17.bmp,George Clooney,wound
51,679,4,2,S_Image_133.bmp-S_Lure_133.bmp,Rialto Bridge,witch
51,680,4,2,O_Image_53.bmp-O_Lure_53.bmp,Belt,scar
51,681,4,2,S_Image_100.bmp-S_Lure_100.bmp,Angkor Wat,measles
51,682,4,2,S_Image_139.bmp-S_Lure_139.bmp,Sydney Opera,steam
51,683,4,2,S_Image_129.bmp-S_Lure_129.bmp,Petra,magnet
51,684,4,2,O_Image_65.bmp-O_Lure_65.bmp,GrandPiano,fuel
51,685,4,2,F_Image_48.bmp-F_Lure_48.bmp,Will Smith,costume
51,686,4,2,S_Image_111.bmp-S_Lure_111.bmp,Gizeh Pyramids,corpse
51,687,4,2,F_Image_12.bmp-F_Lure_12.bmp,David Beckham,rock
51,688,4,2,O_Image_60.bmp-O_Lure_60.bmp,Flask,tourist
51,689,4,2,S_Image_141.bmp-S_Lure_141.bmp,Time Square,signal
51,690,4,2,S_Image_106.bmp-S_Lure_106.bmp,Christ The Redeemer,cone
51,691,4,2,S_Image_113.bmp-S_Lure_113.bmp,Grand Canyon,rust
51,692,4,2,S_Image_127.bmp-S_Lure_127.bmp,Niagara Falls,attack
51,693,4,2,O_Image_57.bmp-O_Lure_57.bmp,Brush,drizzle
51,694,4,2,O_Image_63.bmp-O_Lure_63.bmp,Globe,poison
51,695,4,2,S_Image_130.bmp-S_Lure_130.bmp,Potala Palace,menu
51,696,4,2,S_Image_134.bmp-S_Lure_134.bmp,Sagrada Familia,water
51,697,4,2,O_Image_73.bmp-O_Lure_73.bmp,Microscope,seed
51,698,4,2,F_Image_9.bmp-F_Lure_9.bmp,Charlie Chaplin,ghost
51,699,4,2,S_Image_107.bmp-S_Lure_107.bmp,Colosseum,stem
51,700,4,2,S_Image_116.bmp-S_Lure_116.bmp,Hollywood Sign,quake
51,701,4,2,O_Image_59.bmp-O_Lure_59.bmp,Fan,board
51,702,3.5,3,F_Image_22.bmp,Judi Dench,arch
51,703,3.5,3,O_Image_79.bmp,Remote Control,antique
51,704,3.5,3,O_Image_72.bmp,Lightbulb,alien
51,705,3.5,3,O_Image_82.bmp,Scissors,flood
51,706,3.5,3,F_Image_41.bmp,Rod Steward,tail
51,707,3.5,3,F_Image_34.bmp,Nelson Mandela,yellow
51,708,3.5,3,F_Image_13.bmp,Elton John,spray
51,709,3.5,3,S_Image_128.bmp,Notre Dame,hostage
51,710,3.5,3,O_Image_74.bmp,Mirror,orchestra
51,711,3.5,3,F_Image_30.bmp,Meryl Streep,money
51,712,3.5,3,S_Image_117.bmp,Kings College,wool
51,713,3.5,3,F_Image_6.bmp,Brad Pitt,vegetable
51,714,3.5,3,O_Image_80.bmp,Rope,wreck
51,715,3.5,3,S_Image_144.bmp,White House,stripe
51,716,3.5,3,O_Image_78.bmp,Razor,shadow
51,717,3.5,3,F_Image_11.bmp,Daniel Radcliffe,bubble
51,718,3.5,3,O_Image_50.bmp,Barbecue,breakfast
51,719,3.5,3,S_Image_122.bmp,Mont Saint Michel,galaxy
51,720,3.5,3,F_Image_5.bmp,Bill Clinton,animal
51,721,3.5,3,O_Image_96.bmp,Wineglass,army
51,722,3.5,3,O_Image_86.bmp,Soother,sunshine
51,723,3.5,3,O_Image_52.bmp,Bed,alcohol
51,724,3.5,3,F_Image_19.bmp,James Dean,snow
51,725,3.5,3,F_Image_10.bmp,Dalai Lama,triangle
51,726,4,3,F_Image_41.bmp-F_Lure_41.bmp,Rod Steward,tail
51,727,4,3,F_Image_11.bmp-F_Lure_11.bmp,Daniel Radcliffe,bubble
51,728,4,3,F_Image_10.bmp-F_Lure_10.bmp,Dalai Lama,triangle
51,729,4,3,F_Image_22.bmp-F_Lure_22.bmp,Judi Dench,arch
51,730,4,3,O_Image_78.bmp-O_Lure_78.bmp,Razor,shadow
51,731,4,3,O_Image_50.bmp-O_Lure_50.bmp,Barbecue,breakfast
51,732,4,3,O_Image_52.bmp-O_Lure_52.bmp,Bed,alcohol
51,733,4,3,F_Image_19.bmp-F_Lure_19.bmp,James Dean,snow
51,734,4,3,F_Image_13.bmp-F_Lure_13.bmp,Elton John,spray
51,735,4,3,F_Image_5.bmp-F_Lure_5.bmp,Bill Clinton,animal
51,736,4,3,S_Image_144.bmp-S_Lure_144.bmp,White House,stripe
51,737,4,3,S_Image_117.bmp-S_Lure_117.bmp,Kings College,wool
51,738,4,3,F_Image_30.bmp-F_Lure_30.bmp,Meryl Streep,money
51,739,4,3,O_Image_82.bmp-O_Lure_82.bmp,Scissors,flood
51,740,4,3,O_Image_72.bmp-O_Lure_72.bmp,Lightbulb,alien
51,741,4,3,F_Image_6.bmp-F_Lure_6.bmp,Brad Pitt,vegetable
51,742,4,3,S_Image_128.bmp-S_Lure_128.bmp,Notre Dame,hostage
51,743,4,3,O_Image_86.bmp-O_Lure_86.bmp,Soother,sunshine
51,744,4,3,O_Image_74.bmp-O_Lure_74.bmp,Mirror,orchestra
51,745,4,3,O_Image_96.bmp-O_Lure_96.bmp,Wineglass,army
51,746,4,3,F_Image_34.bmp-F_Lure_34.bmp,Nelson Mandela,yellow
51,747,4,3,O_Image_80.bmp-O_Lure_80.bmp,Rope,wreck
51,748,4,3,S_Image_122.bmp-S_Lure_122.bmp,Mont Saint Michel,galaxy
51,749,4,3,O_Image_79.bmp-O_Lure_79.bmp,Remote Control,antique
51,750,5, 1 ,F_Image_47.bmp-S_Lure_139.bmp,Whoopi Goldberg-Sydney Opera,steam
51,751,5, 1 ,F_Image_39.bmp-S_Lure_127.bmp,Robbie Williams-Niagara Falls,attack
51,752,5, 1 ,O_Image_64.bmp-F_Lure_9.bmp,Goggles-Charlie Chaplin,ghost
51,753,5, 1 ,O_Image_92.bmp-S_Lure_118.bmp,Trophy-Leaning Tower,cloud
51,754,5, 1 ,O_Image_77.bmp-S_Lure_102.bmp,Radio-Ayers Rock,giant
51,755,5, 1 ,O_Image_90.bmp-S_Lure_111.bmp,Telephone-Gizeh Pyramids,corpse
51,756,5, 1 ,O_Image_64.bmp-F_Lure_9.bmp,Goggles-Charlie Chaplin,ghost
51,757,5, 1 ,S_Image_136.bmp-O_Lure_59.bmp,Sistine Chapel-Fan,board
51,758,5, 1 ,F_Image_8.bmp-S_Lure_140.bmp,Cameron Diaz-Taj Mahal,sweat
51,759,5, 1 ,F_Image_4.bmp-S_Lure_141.bmp,Barack Obama-Time Square,signal
51,760,5, 1 ,O_Image_76.bmp-F_Lure_13.bmp,Pillows-Elton John,spray
51,761,5, 1 ,O_Image_49.bmp-F_Lure_15.bmp,Anchor-Fidel Castro,honeymoon
51,762,5, 1 ,O_Image_76.bmp-F_Lure_13.bmp,Pillows-Elton John,spray
51,763,5, 1 ,O_Image_64.bmp-F_Lure_9.bmp,Goggles-Charlie Chaplin,ghost
51,764,5, 1 ,S_Image_103.bmp-F_Lure_30.bmp,Big Ben-Meryl Streep,money
51,765,5, 1 ,F_Image_21.bmp-O_Lure_94.bmp,John Lennon-Watch,laundry
51,766,5, 1 ,S_Image_135.bmp-O_Lure_69.bmp,Sahara Desert-Headphones,crumb
51,767,5, 1 ,S_Image_132.bmp-F_Lure_44.bmp,Red Square-Tom Hanks,hurricane
51,768,5, 1 ,S_Image_98.bmp-O_Lure_50.bmp,Alcatraz-Barbecue,breakfast
51,769,5, 1 ,O_Image_90.bmp-S_Lure_111.bmp,Telephone-Gizeh Pyramids,corpse
51,770,5, 1 ,F_Image_43.bmp-S_Lure_130.bmp,Tom Cruise-Potala Palace,menu
51,771,5, 1 ,S_Image_137.bmp-O_Lure_57.bmp,Statue Of Liberty-Brush,drizzle
51,772,5, 1 ,O_Image_85.bmp-F_Lure_17.bmp,Sock-George Clooney,wound
51,773,5, 1 ,O_Image_92.bmp-S_Lure_118.bmp,Trophy-Leaning Tower,cloud
51,774,5, 1 ,F_Image_39.bmp-S_Lure_127.bmp,Robbie Williams-Niagara Falls,attack
51,775,5, 1 ,O_Image_77.bmp-S_Lure_102.bmp,Radio-Ayers Rock,giant
51,776,5, 1 ,F_Image_35.bmp-S_Lure_144.bmp,Nikola Sarkozy-White House,stripe
51,777,5, 1 ,F_Image_21.bmp-O_Lure_94.bmp,John Lennon-Watch,laundry
51,778,5, 1 ,S_Image_109.bmp-O_Lure_61.bmp,Eiffel Tower-Football,angel
51,779,5, 1 ,F_Image_29.bmp-S_Lure_134.bmp,Marilyn Monroe-Sagrada Familia,water
51,780,5, 1 ,S_Image_126.bmp-F_Lure_22.bmp,Neu schwanstein Castle-Judi Dench,arch
51,781,5, 1 ,F_Image_40.bmp-S_Lure_129.bmp,Robert De Niro-Petra,magnet
51,782,5, 1 ,F_Image_29.bmp-S_Lure_134.bmp,Marilyn Monroe-Sagrada Familia,water
51,783,5, 1 ,S_Image_132.bmp-F_Lure_44.bmp,Red Square-Tom Hanks,hurricane
51,784,5, 1 ,F_Image_21.bmp-O_Lure_94.bmp,John Lennon-Watch,laundry
51,785,5, 1 ,O_Image_58.bmp-F_Lure_12.bmp,Canoe-David Beckham,rock
51,786,5, 1 ,O_Image_83.bmp-F_Lure_10.bmp,Shoe-Dalai Lama,triangle
51,787,5, 1 ,O_Image_67.bmp-F_Lure_19.bmp,Hammock-James Dean,snow
51,788,5, 1 ,O_Image_77.bmp-S_Lure_102.bmp,Radio-Ayers Rock,giant
51,789,5, 1 ,S_Image_136.bmp-O_Lure_59.bmp,Sistine Chapel-Fan,board
51,790,5, 1 ,F_Image_31.bmp-O_Lure_74.bmp,Michael Jackson-Mirror,orchestra
51,791,5, 1 ,S_Image_126.bmp-F_Lure_22.bmp,Neu schwanstein Castle-Judi Dench,arch
51,792,5, 1 ,S_Image_121.bmp-O_Lure_65.bmp,Mecca-GrandPiano,fuel
51,793,5, 1 ,F_Image_43.bmp-S_Lure_130.bmp,Tom Cruise-Potala Palace,menu
51,794,5, 1 ,O_Image_81.bmp-S_Lure_116.bmp,Scale-Hollywood Sign,quake
51,795,5, 1 ,F_Image_39.bmp-S_Lure_127.bmp,Robbie Williams-Niagara Falls,attack
51,796,5, 1 ,S_Image_136.bmp-O_Lure_59.bmp,Sistine Chapel-Fan,board
51,797,5, 1 ,F_Image_46.bmp-O_Lure_95.bmp,Wayne Rooney-Wheelchair,harem
51,798,5, 1 ,S_Image_121.bmp-O_Lure_65.bmp,Mecca-GrandPiano,fuel
51,799,5, 1 ,F_Image_33.bmp-O_Lure_87.bmp,Mother Teresa-Stapler,tear
51,800,5, 1 ,S_Image_115.bmp-F_Lure_23.bmp,Hagia Sophia-Julia Roberts,tube
51,801,5, 1 ,S_Image_138.bmp-F_Lure_36.bmp,Stonehenge-Penelope Cruz,black
51,802,5, 1 ,S_Image_98.bmp-O_Lure_50.bmp,Alcatraz-Barbecue,breakfast
51,803,5, 1 ,F_Image_20.bmp-O_Lure_73.bmp,Jennifer Lopez-Microscope,seed
51,804,5, 1 ,F_Image_3.bmp-O_Lure_86.bmp,Angela Merkel-Soother,sunshine
51,805,5, 1 ,S_Image_138.bmp-F_Lure_36.bmp,Stonehenge-Penelope Cruz,black
51,806,5, 1 ,F_Image_3.bmp-O_Lure_86.bmp,Angela Merkel-Soother,sunshine
51,807,5, 1 ,S_Image_109.bmp-O_Lure_61.bmp,Eiffel Tower-Football,angel
51,808,5, 1 ,O_Image_71.bmp-F_Lure_6.bmp,Ladder-Brad Pitt,vegetable
51,809,5, 1 ,F_Image_35.bmp-S_Lure_144.bmp,Nikola Sarkozy-White House,stripe
51,810,5, 1 ,F_Image_3.bmp-O_Lure_86.bmp,Angela Merkel-Soother,sunshine
51,811,5, 1 ,O_Image_89.bmp-S_Lure_110.bmp,Teddybear-Forbidden City,paper
51,812,5, 1 ,S_Image_125.bmp-F_Lure_26.bmp,Mount Rushmore-Madonna,slope
51,813,5, 1 ,O_Image_90.bmp-S_Lure_111.bmp,Telephone-Gizeh Pyramids,corpse
51,814,5, 1 ,F_Image_35.bmp-S_Lure_144.bmp,Nikola Sarkozy-White House,stripe
51,815,5, 1 ,O_Image_90.bmp-S_Lure_111.bmp,Telephone-Gizeh Pyramids,corpse
51,816,5, 1 ,F_Image_20.bmp-O_Lure_73.bmp,Jennifer Lopez-Microscope,seed
51,817,5, 1 ,S_Image_126.bmp-F_Lure_22.bmp,Neu schwanstein Castle-Judi Dench,arch
51,818,5, 1 ,S_Image_137.bmp-O_Lure_57.bmp,Statue Of Liberty-Brush,drizzle
51,819,5, 1 ,S_Image_112.bmp-O_Lure_63.bmp,Golden Gate Bridge-Globe,poison
51,820,5, 1 ,O_Image_92.bmp-S_Lure_118.bmp,Trophy-Leaning Tower,cloud
51,821,5, 1 ,F_Image_33.bmp-O_Lure_87.bmp,Mother Teresa-Stapler,tear
51,822,5, 1 ,O_Image_81.bmp-S_Lure_116.bmp,Scale-Hollywood Sign,quake
51,823,5, 1 ,O_Image_76.bmp-F_Lure_13.bmp,Pillows-Elton John,spray
51,824,5, 1 ,F_Image_24.bmp-O_Lure_78.bmp,Keanu Reeves-Razor,shadow
51,825,5, 1 ,F_Image_38.bmp-S_Lure_123.bmp,Queen Elisabeth-Mount Everest,corner
51,826,5, 1 ,O_Image_49.bmp-F_Lure_15.bmp,Anchor-Fidel Castro,honeymoon
51,827,5, 1 ,O_Image_66.bmp-F_Lure_18.bmp,Guitar-Jack Nicholson,arrow
51,828,5, 1 ,F_Image_4.bmp-S_Lure_141.bmp,Barack Obama-Time Square,signal
51,829,5, 1 ,O_Image_89.bmp-S_Lure_110.bmp,Teddybear-Forbidden City,paper
51,830,5, 1 ,O_Image_83.bmp-F_Lure_10.bmp,Shoe-Dalai Lama,triangle
51,831,5, 1 ,O_Image_92.bmp-S_Lure_118.bmp,Trophy-Leaning Tower,cloud
51,832,5, 1 ,S_Image_112.bmp-O_Lure_63.bmp,Golden Gate Bridge-Globe,poison
51,833,5, 1 ,O_Image_91.bmp-S_Lure_113.bmp,Torch-Grand Canyon,rust
51,834,5, 1 ,O_Image_55.bmp-S_Lure_108.bmp,Binoculars-Dover Cliffs,sand
51,835,5, 1 ,S_Image_124.bmp-F_Lure_37.bmp,Mount Fuji-Pierce Brosnan,shell
51,836,5, 1 ,F_Image_2.bmp-O_Lure_80.bmp,Amy Winehouse-Rope,wreck
51,837,5, 1 ,S_Image_137.bmp-O_Lure_57.bmp,Statue Of Liberty-Brush,drizzle
51,838,5, 1 ,F_Image_20.bmp-O_Lure_73.bmp,Jennifer Lopez-Microscope,seed
51,839,5, 1 ,O_Image_84.bmp-S_Lure_122.bmp,Skirt-Mont Saint Michel,galaxy
51,840,5, 1 ,S_Image_119.bmp-O_Lure_62.bmp,Louvre-FryingPan,spike
51,841,5, 1 ,O_Image_67.bmp-F_Lure_19.bmp,Hammock-James Dean,snow
51,842,5, 1 ,O_Image_84.bmp-S_Lure_122.bmp,Skirt-Mont Saint Michel,galaxy
51,843,5, 1 ,O_Image_85.bmp-F_Lure_17.bmp,Sock-George Clooney,wound
51,844,5, 1 ,O_Image_64.bmp-F_Lure_9.bmp,Goggles-Charlie Chaplin,ghost
51,845,5, 1 ,F_Image_2.bmp-O_Lure_80.bmp,Amy Winehouse-Rope,wreck
51,846,5, 1 ,F_Image_1.bmp-O_Lure_72.bmp,Albert Einstein-Lightbulb,alien
51,847,5, 1 ,F_Image_29.bmp-S_Lure_134.bmp,Marilyn Monroe-Sagrada Familia,water
51,848,5, 1 ,F_Image_38.bmp-S_Lure_123.bmp,Queen Elisabeth-Mount Everest,corner
51,849,5, 1 ,O_Image_71.bmp-F_Lure_6.bmp,Ladder-Brad Pitt,vegetable
51,850,5, 1 ,F_Image_40.bmp-S_Lure_129.bmp,Robert De Niro-Petra,magnet
51,851,5, 1 ,S_Image_135.bmp-O_Lure_69.bmp,Sahara Desert-Headphones,crumb
51,852,5, 1 ,F_Image_42.bmp-S_Lure_133.bmp,Scarlett Johansson-Rialto Bridge,witch
51,853,5, 1 ,O_Image_67.bmp-F_Lure_19.bmp,Hammock-James Dean,snow
51,854,5, 1 ,F_Image_1.bmp-O_Lure_72.bmp,Albert Einstein-Lightbulb,alien
51,855,5, 1 ,F_Image_31.bmp-O_Lure_74.bmp,Michael Jackson-Mirror,orchestra
51,856,5, 1 ,O_Image_55.bmp-S_Lure_108.bmp,Binoculars-Dover Cliffs,sand
51,857,5, 1 ,O_Image_49.bmp-F_Lure_15.bmp,Anchor-Fidel Castro,honeymoon
51,858,5, 1 ,S_Image_121.bmp-O_Lure_65.bmp,Mecca-GrandPiano,fuel
51,859,5, 1 ,S_Image_99.bmp-F_Lure_41.bmp,Alhambra-Rod Steward,tail
51,860,5, 1 ,F_Image_38.bmp-S_Lure_123.bmp,Queen Elisabeth-Mount Everest,corner
51,861,5, 1 ,S_Image_125.bmp-F_Lure_26.bmp,Mount Rushmore-Madonna,slope
51,862,5, 1 ,S_Image_99.bmp-F_Lure_41.bmp,Alhambra-Rod Steward,tail
51,863,5, 1 ,S_Image_132.bmp-F_Lure_44.bmp,Red Square-Tom Hanks,hurricane
51,864,5, 1 ,F_Image_40.bmp-S_Lure_129.bmp,Robert De Niro-Petra,magnet
51,865,5, 1 ,O_Image_76.bmp-F_Lure_13.bmp,Pillows-Elton John,spray
51,866,5, 1 ,F_Image_1.bmp-O_Lure_72.bmp,Albert Einstein-Lightbulb,alien
51,867,5, 1 ,O_Image_89.bmp-S_Lure_110.bmp,Teddybear-Forbidden City,paper
51,868,5, 1 ,O_Image_93.bmp-F_Lure_11.bmp,Umbrella-Daniel Radcliffe,bubble
51,869,5, 1 ,S_Image_132.bmp-F_Lure_44.bmp,Red Square-Tom Hanks,hurricane
51,870,5, 1 ,O_Image_58.bmp-F_Lure_12.bmp,Canoe-David Beckham,rock
51,871,5, 1 ,O_Image_81.bmp-S_Lure_116.bmp,Scale-Hollywood Sign,quake
51,872,5, 1 ,O_Image_83.bmp-F_Lure_10.bmp,Shoe-Dalai Lama,triangle
51,873,5, 1 ,O_Image_58.bmp-F_Lure_12.bmp,Canoe-David Beckham,rock
51,874,5, 1 ,O_Image_91.bmp-S_Lure_113.bmp,Torch-Grand Canyon,rust
51,875,5, 1 ,O_Image_84.bmp-S_Lure_122.bmp,Skirt-Mont Saint Michel,galaxy
51,876,5, 1 ,S_Image_119.bmp-O_Lure_62.bmp,Louvre-FryingPan,spike
51,877,5, 1 ,S_Image_121.bmp-O_Lure_65.bmp,Mecca-GrandPiano,fuel
51,878,5, 1 ,S_Image_115.bmp-F_Lure_23.bmp,Hagia Sophia-Julia Roberts,tube
51,879,5, 1 ,F_Image_35.bmp-S_Lure_144.bmp,Nikola Sarkozy-White House,stripe
51,880,5, 1 ,F_Image_46.bmp-O_Lure_95.bmp,Wayne Rooney-Wheelchair,harem
51,881,5, 1 ,F_Image_47.bmp-S_Lure_139.bmp,Whoopi Goldberg-Sydney Opera,steam
51,882,5, 1 ,F_Image_4.bmp-S_Lure_141.bmp,Barack Obama-Time Square,signal
51,883,5, 1 ,O_Image_93.bmp-F_Lure_11.bmp,Umbrella-Daniel Radcliffe,bubble
51,884,5, 1 ,O_Image_71.bmp-F_Lure_6.bmp,Ladder-Brad Pitt,vegetable
51,885,5, 1 ,F_Image_38.bmp-S_Lure_123.bmp,Queen Elisabeth-Mount Everest,corner
51,886,5, 1 ,O_Image_66.bmp-F_Lure_18.bmp,Guitar-Jack Nicholson,arrow
51,887,5, 1 ,F_Image_1.bmp-O_Lure_72.bmp,Albert Einstein-Lightbulb,alien
51,888,5, 1 ,F_Image_31.bmp-O_Lure_74.bmp,Michael Jackson-Mirror,orchestra
51,889,5, 1 ,S_Image_109.bmp-O_Lure_61.bmp,Eiffel Tower-Football,angel
51,890,5, 1 ,S_Image_115.bmp-F_Lure_23.bmp,Hagia Sophia-Julia Roberts,tube
51,891,5, 1 ,F_Image_8.bmp-S_Lure_140.bmp,Cameron Diaz-Taj Mahal,sweat
51,892,5, 1 ,S_Image_119.bmp-O_Lure_62.bmp,Louvre-FryingPan,spike
51,893,5, 1 ,F_Image_43.bmp-S_Lure_130.bmp,Tom Cruise-Potala Palace,menu
51,894,5, 1 ,F_Image_29.bmp-S_Lure_134.bmp,Marilyn Monroe-Sagrada Familia,water
51,895,5, 1 ,O_Image_93.bmp-F_Lure_11.bmp,Umbrella-Daniel Radcliffe,bubble
51,896,5, 1 ,S_Image_124.bmp-F_Lure_37.bmp,Mount Fuji-Pierce Brosnan,shell
51,897,5, 1 ,O_Image_67.bmp-F_Lure_19.bmp,Hammock-James Dean,snow
51,898,5, 1 ,O_Image_91.bmp-S_Lure_113.bmp,Torch-Grand Canyon,rust
51,899,5, 1 ,O_Image_55.bmp-S_Lure_108.bmp,Binoculars-Dover Cliffs,sand
51,900,5, 1 ,S_Image_98.bmp-O_Lure_50.bmp,Alcatraz-Barbecue,breakfast
51,901,5, 1 ,F_Image_31.bmp-O_Lure_74.bmp,Michael Jackson-Mirror,orchestra
51,902,5, 1 ,O_Image_85.bmp-F_Lure_17.bmp,Sock-George Clooney,wound
51,903,5, 1 ,O_Image_71.bmp-F_Lure_6.bmp,Ladder-Brad Pitt,vegetable
51,904,5, 1 ,S_Image_125.bmp-F_Lure_26.bmp,Mount Rushmore-Madonna,slope
51,905,5, 1 ,O_Image_66.bmp-F_Lure_18.bmp,Guitar-Jack Nicholson,arrow
51,906,5, 1 ,S_Image_137.bmp-O_Lure_57.bmp,Statue Of Liberty-Brush,drizzle
51,907,5, 1 ,O_Image_49.bmp-F_Lure_15.bmp,Anchor-Fidel Castro,honeymoon
51,908,5, 1 ,F_Image_43.bmp-S_Lure_130.bmp,Tom Cruise-Potala Palace,menu
51,909,5, 1 ,F_Image_33.bmp-O_Lure_87.bmp,Mother Teresa-Stapler,tear
51,910,5, 1 ,S_Image_112.bmp-O_Lure_63.bmp,Golden Gate Bridge-Globe,poison
51,911,5, 1 ,O_Image_85.bmp-F_Lure_17.bmp,Sock-George Clooney,wound
51,912,5, 1 ,S_Image_99.bmp-F_Lure_41.bmp,Alhambra-Rod Steward,tail
51,913,5, 1 ,S_Image_112.bmp-O_Lure_63.bmp,Golden Gate Bridge-Globe,poison
51,914,5, 1 ,F_Image_42.bmp-S_Lure_133.bmp,Scarlett Johansson-Rialto Bridge,witch
51,915,5, 1 ,O_Image_77.bmp-S_Lure_102.bmp,Radio-Ayers Rock,giant
51,916,5, 1 ,O_Image_66.bmp-F_Lure_18.bmp,Guitar-Jack Nicholson,arrow
51,917,5, 1 ,S_Image_124.bmp-F_Lure_37.bmp,Mount Fuji-Pierce Brosnan,shell
51,918,5, 1 ,F_Image_32.bmp-O_Lure_96.bmp,Mick Jagger-Wineglass,army
51,919,5, 1 ,O_Image_58.bmp-F_Lure_12.bmp,Canoe-David Beckham,rock
51,920,5, 1 ,F_Image_32.bmp-O_Lure_96.bmp,Mick Jagger-Wineglass,army
51,921,5, 1 ,S_Image_103.bmp-F_Lure_30.bmp,Big Ben-Meryl Streep,money
51,922,5, 1 ,S_Image_126.bmp-F_Lure_22.bmp,Neu schwanstein Castle-Judi Dench,arch
51,923,5, 1 ,S_Image_98.bmp-O_Lure_50.bmp,Alcatraz-Barbecue,breakfast
51,924,5, 1 ,S_Image_115.bmp-F_Lure_23.bmp,Hagia Sophia-Julia Roberts,tube
51,925,5, 1 ,S_Image_135.bmp-O_Lure_69.bmp,Sahara Desert-Headphones,crumb
51,926,5, 1 ,O_Image_81.bmp-S_Lure_116.bmp,Scale-Hollywood Sign,quake
51,927,5, 1 ,F_Image_46.bmp-O_Lure_95.bmp,Wayne Rooney-Wheelchair,harem
51,928,5, 1 ,F_Image_32.bmp-O_Lure_96.bmp,Mick Jagger-Wineglass,army
51,929,5, 1 ,F_Image_3.bmp-O_Lure_86.bmp,Angela Merkel-Soother,sunshine
51,930,5, 1 ,F_Image_4.bmp-S_Lure_141.bmp,Barack Obama-Time Square,signal
51,931,5, 1 ,S_Image_103.bmp-F_Lure_30.bmp,Big Ben-Meryl Streep,money
51,932,5, 1 ,S_Image_135.bmp-O_Lure_69.bmp,Sahara Desert-Headphones,crumb
51,933,5, 1 ,S_Image_109.bmp-O_Lure_61.bmp,Eiffel Tower-Football,angel
51,934,5, 1 ,F_Image_40.bmp-S_Lure_129.bmp,Robert De Niro-Petra,magnet
51,935,5, 1 ,S_Image_103.bmp-F_Lure_30.bmp,Big Ben-Meryl Streep,money
51,936,5, 1 ,F_Image_2.bmp-O_Lure_80.bmp,Amy Winehouse-Rope,wreck
51,937,5, 1 ,F_Image_47.bmp-S_Lure_139.bmp,Whoopi Goldberg-Sydney Opera,steam
51,938,5, 1 ,S_Image_138.bmp-F_Lure_36.bmp,Stonehenge-Penelope Cruz,black
51,939,5, 1 ,O_Image_55.bmp-S_Lure_108.bmp,Binoculars-Dover Cliffs,sand
51,940,5, 1 ,F_Image_46.bmp-O_Lure_95.bmp,Wayne Rooney-Wheelchair,harem
51,941,5, 1 ,F_Image_8.bmp-S_Lure_140.bmp,Cameron Diaz-Taj Mahal,sweat
51,942,5, 1 ,S_Image_136.bmp-O_Lure_59.bmp,Sistine Chapel-Fan,board
51,943,5, 1 ,O_Image_84.bmp-S_Lure_122.bmp,Skirt-Mont Saint Michel,galaxy
51,944,5, 1 ,O_Image_93.bmp-F_Lure_11.bmp,Umbrella-Daniel Radcliffe,bubble
51,945,5, 1 ,F_Image_39.bmp-S_Lure_127.bmp,Robbie Williams-Niagara Falls,attack
51,946,5, 1 ,F_Image_47.bmp-S_Lure_139.bmp,Whoopi Goldberg-Sydney Opera,steam
51,947,5, 1 ,F_Image_24.bmp-O_Lure_78.bmp,Keanu Reeves-Razor,shadow
51,948,5, 1 ,S_Image_138.bmp-F_Lure_36.bmp,Stonehenge-Penelope Cruz,black
51,949,5, 1 ,S_Image_124.bmp-F_Lure_37.bmp,Mount Fuji-Pierce Brosnan,shell
51,950,5, 1 ,F_Image_42.bmp-S_Lure_133.bmp,Scarlett Johansson-Rialto Bridge,witch
51,951,5, 1 ,S_Image_125.bmp-F_Lure_26.bmp,Mount Rushmore-Madonna,slope
51,952,5, 1 ,F_Image_2.bmp-O_Lure_80.bmp,Amy Winehouse-Rope,wreck
51,953,5, 1 ,S_Image_119.bmp-O_Lure_62.bmp,Louvre-FryingPan,spike
51,954,5, 1 ,F_Image_24.bmp-O_Lure_78.bmp,Keanu Reeves-Razor,shadow
51,955,5, 1 ,F_Image_24.bmp-O_Lure_78.bmp,Keanu Reeves-Razor,shadow
51,956,5, 1 ,S_Image_99.bmp-F_Lure_41.bmp,Alhambra-Rod Steward,tail
51,957,5, 1 ,F_Image_42.bmp-S_Lure_133.bmp,Scarlett Johansson-Rialto Bridge,witch
51,958,5, 1 ,O_Image_83.bmp-F_Lure_10.bmp,Shoe-Dalai Lama,triangle
51,959,5, 1 ,F_Image_20.bmp-O_Lure_73.bmp,Jennifer Lopez-Microscope,seed
51,960,5, 1 ,O_Image_91.bmp-S_Lure_113.bmp,Torch-Grand Canyon,rust
51,961,5, 1 ,O_Image_89.bmp-S_Lure_110.bmp,Teddybear-Forbidden City,paper
51,962,5, 1 ,F_Image_33.bmp-O_Lure_87.bmp,Mother Teresa-Stapler,tear
51,963,5, 1 ,F_Image_32.bmp-O_Lure_96.bmp,Mick Jagger-Wineglass,army
51,964,5, 1 ,F_Image_21.bmp-O_Lure_94.bmp,John Lennon-Watch,laundry
51,965,5, 1 ,F_Image_8.bmp-S_Lure_140.bmp,Cameron Diaz-Taj Mahal,sweat
51,966,6,1,S_Image_118.bmp-S_Lure_118.bmp,Leaning Tower,cloud
51,967,6,1,F_Image_15.bmp-F_Lure_15.bmp,Fidel Castro,honeymoon
51,968,6,1,F_Image_12.bmp-F_Lure_12.bmp,David Beckham,rock
51,969,6,1,S_Image_108.bmp-S_Lure_108.bmp,Dover Cliffs,sand
51,970,6,1,O_Image_70.bmp-O_Lure_70.bmp,Key,kiss
51,971,6,1,F_Image_6.bmp-F_Lure_6.bmp,Brad Pitt,vegetable
51,972,6,1,O_Image_78.bmp-O_Lure_78.bmp,Razor,shadow
51,973,6,1,O_Image_74.bmp-O_Lure_74.bmp,Mirror,orchestra
51,974,6,1,S_Image_139.bmp-S_Lure_139.bmp,Sydney Opera,steam
51,975,6,1,S_Image_141.bmp-S_Lure_141.bmp,Time Square,signal
51,976,6,1,O_Image_62.bmp-O_Lure_62.bmp,FryingPan,spike
51,977,6,1,S_Image_106.bmp-S_Lure_106.bmp,Christ The Redeemer,cone
51,978,6,1,O_Image_59.bmp-O_Lure_59.bmp,Fan,board
51,979,6,1,S_Image_110.bmp-S_Lure_110.bmp,Forbidden City,paper
51,980,6,1,F_Image_14.bmp-F_Lure_14.bmp,Elvis Presley,lever
51,981,6,1,F_Image_27.bmp-F_Lure_27.bmp,Mahadma Gandhi,fire
51,982,6,1,F_Image_5.bmp-F_Lure_5.bmp,Bill Clinton,animal
51,983,6,1,S_Image_144.bmp-S_Lure_144.bmp,White House,stripe
51,984,6,1,F_Image_11.bmp-F_Lure_11.bmp,Daniel Radcliffe,bubble
51,985,6,1,F_Image_19.bmp-F_Lure_19.bmp,James Dean,snow
51,986,6,1,F_Image_28.bmp-F_Lure_28.bmp,Margaret Thatcher,marble
51,987,6,1,O_Image_63.bmp-O_Lure_63.bmp,Globe,poison
51,988,6,1,S_Image_133.bmp-S_Lure_133.bmp,Rialto Bridge,witch
51,989,6,1,O_Image_94.bmp-O_Lure_94.bmp,Watch,laundry
51,990,6,1,F_Image_48.bmp-F_Lure_48.bmp,Will Smith,costume
51,991,6,1,S_Image_127.bmp-S_Lure_127.bmp,Niagara Falls,attack
51,992,6,1,F_Image_18.bmp-F_Lure_18.bmp,Jack Nicholson,arrow
51,993,6,1,S_Image_113.bmp-S_Lure_113.bmp,Grand Canyon,rust
51,994,6,1,S_Image_117.bmp-S_Lure_117.bmp,Kings College,wool
51,995,6,1,O_Image_65.bmp-O_Lure_65.bmp,GrandPiano,fuel
51,996,6,1,S_Image_122.bmp-S_Lure_122.bmp,Mont Saint Michel,galaxy
51,997,6,1,S_Image_128.bmp-S_Lure_128.bmp,Notre Dame,hostage
51,998,6,1,F_Image_26.bmp-F_Lure_26.bmp,Madonna,slope
51,999,6,1,O_Image_79.bmp-O_Lure_79.bmp,Remote Control,antique
51,1000,6,1,O_Image_50.bmp-O_Lure_50.bmp,Barbecue,breakfast
51,1001,6,1,O_Image_53.bmp-O_Lure_53.bmp,Belt,scar
51,1002,6,1,S_Image_143.bmp-S_Lure_143.bmp,Versailles,asphalt
51,1003,6,1,O_Image_87.bmp-O_Lure_87.bmp,Stapler,tear
51,1004,6,1,S_Image_140.bmp-S_Lure_140.bmp,Taj Mahal,sweat
51,1005,6,1,S_Image_102.bmp-S_Lure_102.bmp,Ayers Rock,giant
51,1006,6,1,O_Image_57.bmp-O_Lure_57.bmp,Brush,drizzle
51,1007,6,1,F_Image_44.bmp-F_Lure_44.bmp,Tom Hanks,hurricane
51,1008,6,1,S_Image_116.bmp-S_Lure_116.bmp,Hollywood Sign,quake
51,1009,6,1,O_Image_60.bmp-O_Lure_60.bmp,Flask,tourist
51,1010,6,1,S_Image_134.bmp-S_Lure_134.bmp,Sagrada Familia,water
51,1011,6,1,F_Image_23.bmp-F_Lure_23.bmp,Julia Roberts,tube
51,1012,6,1,O_Image_73.bmp-O_Lure_73.bmp,Microscope,seed
51,1013,6,1,F_Image_17.bmp-F_Lure_17.bmp,George Clooney,wound
51,1014,6,1,O_Image_95.bmp-O_Lure_95.bmp,Wheelchair,harem
51,1015,6,1,S_Image_100.bmp-S_Lure_100.bmp,Angkor Wat,measles
51,1016,6,1,S_Image_111.bmp-S_Lure_111.bmp,Gizeh Pyramids,corpse
51,1017,6,1,O_Image_52.bmp-O_Lure_52.bmp,Bed,alcohol
51,1018,6,1,F_Image_36.bmp-F_Lure_36.bmp,Penelope Cruz,black
51,1019,6,1,F_Image_13.bmp-F_Lure_13.bmp,Elton John,spray
51,1020,6,1,S_Image_129.bmp-S_Lure_129.bmp,Petra,magnet
51,1021,6,1,O_Image_80.bmp-O_Lure_80.bmp,Rope,wreck
51,1022,6,1,F_Image_34.bmp-F_Lure_34.bmp,Nelson Mandela,yellow
51,1023,6,1,F_Image_30.bmp-F_Lure_30.bmp,Meryl Streep,money
51,1024,6,1,S_Image_123.bmp-S_Lure_123.bmp,Mount Everest,corner
51,1025,6,1,S_Image_107.bmp-S_Lure_107.bmp,Colosseum,stem
51,1026,6,1,F_Image_9.bmp-F_Lure_9.bmp,Charlie Chaplin,ghost
51,1027,6,1,O_Image_61.bmp-O_Lure_61.bmp,Football,angel
51,1028,6,1,S_Image_130.bmp-S_Lure_130.bmp,Potala Palace,menu
51,1029,6,1,O_Image_82.bmp-O_Lure_82.bmp,Scissors,flood
51,1030,6,1,O_Image_86.bmp-O_Lure_86.bmp,Soother,sunshine
51,1031,6,1,O_Image_72.bmp-O_Lure_72.bmp,Lightbulb,alien
51,1032,6,1,F_Image_41.bmp-F_Lure_41.bmp,Rod Steward,tail
51,1033,6,1,O_Image_69.bmp-O_Lure_69.bmp,Headphones,crumb
51,1034,6,1,F_Image_22.bmp-F_Lure_22.bmp,Judi Dench,arch
51,1035,6,1,F_Image_37.bmp-F_Lure_37.bmp,Pierce Brosnan,shell
51,1036,6,1,O_Image_96.bmp-O_Lure_96.bmp,Wineglass,army
51,1037,6,1,F_Image_10.bmp-F_Lure_10.bmp,Dalai Lama,triangle
51,1038,6,1,S_Image_136.bmp-S_Lure_136.bmp,Sistine Chapel,board
51,1039,6,1,S_Image_99.bmp-S_Lure_99.bmp,Alhambra,tail
51,1040,6,1,O_Image_85.bmp-O_Lure_85.bmp,Sock,wound
51,1041,6,1,S_Image_115.bmp-S_Lure_115.bmp,Hagia Sophia,tube
51,1042,6,1,O_Image_58.bmp-O_Lure_58.bmp,Canoe,rock
51,1043,6,1,O_Image_55.bmp-O_Lure_55.bmp,Binoculars,sand
51,1044,6,1,F_Image_47.bmp-F_Lure_47.bmp,Whoopi Goldberg,steam
51,1045,6,1,F_Image_46.bmp-F_Lure_46.bmp,Wayne Rooney,harem
51,1046,6,1,O_Image_68.bmp-O_Lure_68.bmp,Hat,lever
51,1047,6,1,F_Image_38.bmp-F_Lure_38.bmp,Queen Elisabeth,corner
51,1048,6,1,F_Image_43.bmp-F_Lure_43.bmp,Tom Cruise,menu
51,1049,6,1,O_Image_76.bmp-O_Lure_76.bmp,Pillows,spray
51,1050,6,1,F_Image_42.bmp-F_Lure_42.bmp,Scarlett Johansson,witch
51,1051,6,1,O_Image_89.bmp-O_Lure_89.bmp,Teddybear,paper
51,1052,6,1,S_Image_126.bmp-S_Lure_126.bmp,Neu schwanstein Castle,arch
51,1053,6,1,S_Image_121.bmp-S_Lure_121.bmp,Mecca,fuel
51,1054,6,1,F_Image_4.bmp-F_Lure_4.bmp,Barack Obama,signal
51,1055,6,1,O_Image_51.bmp-O_Lure_51.bmp,Basket,wool
51,1056,6,1,F_Image_40.bmp-F_Lure_40.bmp,Robert De Niro,magnet
51,1057,6,1,O_Image_81.bmp-O_Lure_81.bmp,Scale,quake
51,1058,6,1,F_Image_3.bmp-F_Lure_3.bmp,Angela Merkel,sunshine
51,1059,6,1,S_Image_137.bmp-S_Lure_137.bmp,Statue Of Liberty,drizzle
51,1060,6,1,S_Image_131.bmp-S_Lure_131.bmp,Rapa Nui,scar
51,1061,6,1,O_Image_84.bmp-O_Lure_84.bmp,Skirt,galaxy
51,1062,6,1,F_Image_39.bmp-F_Lure_39.bmp,Robbie Williams,attack
51,1063,6,1,S_Image_109.bmp-S_Lure_109.bmp,Eiffel Tower,angel
51,1064,6,1,O_Image_93.bmp-O_Lure_93.bmp,Umbrella,bubble
51,1065,6,1,F_Image_29.bmp-F_Lure_29.bmp,Marilyn Monroe,water
51,1066,6,1,S_Image_114.bmp-S_Lure_114.bmp,Great Wall,kiss
51,1067,6,1,F_Image_20.bmp-F_Lure_20.bmp,Jennifer Lopez,seed
51,1068,6,1,S_Image_98.bmp-S_Lure_98.bmp,Alcatraz,breakfast
51,1069,6,1,S_Image_104.bmp-S_Lure_104.bmp,Brandenburg Gate,costume
51,1070,6,1,O_Image_64.bmp-O_Lure_64.bmp,Goggles,ghost
51,1071,6,1,S_Image_119.bmp-S_Lure_119.bmp,Louvre,spike
51,1072,6,1,O_Image_71.bmp-O_Lure_71.bmp,Ladder,vegetable
51,1073,6,1,F_Image_21.bmp-F_Lure_21.bmp,John Lennon,laundry
51,1074,6,1,F_Image_7.bmp-F_Lure_7.bmp,Britney Spears,hostage
51,1075,6,1,O_Image_83.bmp-O_Lure_83.bmp,Shoe,triangle
51,1076,6,1,S_Image_97.bmp-S_Lure_97.bmp,Akropolis,tourist
51,1077,6,1,F_Image_25.bmp-F_Lure_25.bmp,Leonardo DiCaprio,asphalt
51,1078,6,1,F_Image_45.bmp-F_Lure_45.bmp,Tony Blair,flood
51,1079,6,1,O_Image_77.bmp-O_Lure_77.bmp,Radio,giant
51,1080,6,1,S_Image_135.bmp-S_Lure_135.bmp,Sahara Desert,crumb
51,1081,6,1,O_Image_66.bmp-O_Lure_66.bmp,Guitar,arrow
51,1082,6,1,F_Image_32.bmp-F_Lure_32.bmp,Mick Jagger,army
51,1083,6,1,S_Image_124.bmp-S_Lure_124.bmp,Mount Fuji,shell
51,1084,6,1,F_Image_24.bmp-F_Lure_24.bmp,Keanu Reeves,shadow
51,1085,6,1,F_Image_1.bmp-F_Lure_1.bmp,Albert Einstein,alien
51,1086,6,1,S_Image_138.bmp-S_Lure_138.bmp,Stonehenge,black
51,1087,6,1,O_Image_91.bmp-O_Lure_91.bmp,Torch,rust
51,1088,6,1,O_Image_49.bmp-O_Lure_49.bmp,Anchor,honeymoon
51,1089,6,1,S_Image_103.bmp-S_Lure_103.bmp,Big Ben,money
51,1090,6,1,O_Image_90.bmp-O_Lure_90.bmp,Telephone,corpse
51,1091,6,1,F_Image_2.bmp-F_Lure_2.bmp,Amy Winehouse,wreck
51,1092,6,1,O_Image_67.bmp-O_Lure_67.bmp,Hammock,snow
51,1093,6,1,S_Image_132.bmp-S_Lure_132.bmp,Red Square,hurricane
51,1094,6,1,O_Image_56.bmp-O_Lure_56.bmp,Broom,animal
51,1095,6,1,S_Image_120.bmp-S_Lure_120.bmp,Machu Picchu,fire
51,1096,6,1,O_Image_75.bmp-O_Lure_75.bmp,Necklace,measles
51,1097,6,1,O_Image_88.bmp-O_Lure_88.bmp,Suitcase,cone
51,1098,6,1,S_Image_112.bmp-S_Lure_112.bmp,Golden Gate Bridge,poison
51,1099,6,1,S_Image_105.bmp-S_Lure_105.bmp,Chichen Itza,alcohol
51,1100,6,1,O_Image_54.bmp-O_Lure_54.bmp,Bicycle,stem
51,1101,6,1,S_Image_101.bmp-S_Lure_101.bmp,Atomium,marble
51,1102,6,1,S_Image_125.bmp-S_Lure_125.bmp,Mount Rushmore,slope
51,1103,6,1,F_Image_8.bmp-F_Lure_8.bmp,Cameron Diaz,sweat
51,1104,6,1,S_Image_142.bmp-S_Lure_142.bmp,Tower Bridge,yellow
51,1105,6,1,F_Image_35.bmp-F_Lure_35.bmp,Nikola Sarkozy,stripe
51,1106,6,1,F_Image_33.bmp-F_Lure_33.bmp,Mother Teresa,tear
51,1107,6,1,F_Image_31.bmp-F_Lure_31.bmp,Michael Jackson,orchestra
51,1108,6,1,F_Image_16.bmp-F_Lure_16.bmp,George Bush,antique
51,1109,6,1,O_Image_92.bmp-O_Lure_92.bmp,Trophy,cloud
