43,Trial,Cond,Block,ImageFiles,Labels,Cues
43,1,1,1,S_Image_113.bmp,Grand Canyon,NaN
43,2,1,1,S_Lure_131.bmp,Rapa Nui,NaN
43,3,1,1,O_Lure_64.bmp,Goggles,NaN
43,4,1,1,F_Lure_26.bmp,Madonna,NaN
43,5,1,1,O_Lure_75.bmp,Necklace,NaN
43,6,1,1,O_Lure_82.bmp,Scissors,NaN
43,7,1,1,F_Lure_29.bmp,Marilyn Monroe,NaN
43,8,1,1,O_Lure_79.bmp,Remote Control,NaN
43,9,1,1,F_Lure_38.bmp,Queen Elisabeth,NaN
43,10,1,1,S_Image_116.bmp,Hollywood Sign,NaN
43,11,1,1,O_Image_91.bmp,Torch,NaN
43,12,1,1,O_Image_70.bmp,Key,NaN
43,13,1,1,F_Lure_8.bmp,Cameron Diaz,NaN
43,14,1,1,S_Image_133.bmp,Rialto Bridge,NaN
43,15,1,1,O_Image_95.bmp,Wheelchair,NaN
43,16,1,1,O_Image_53.bmp,Belt,NaN
43,17,1,1,O_Image_77.bmp,Radio,NaN
43,18,1,1,S_Lure_142.bmp,Tower Bridge,NaN
43,19,1,1,S_Lure_126.bmp,Neu schwanstein Castle,NaN
43,20,1,1,O_Lure_50.bmp,Barbecue,NaN
43,21,1,1,F_Lure_33.bmp,Mother Teresa,NaN
43,22,1,1,O_Lure_49.bmp,Anchor,NaN
43,23,1,1,S_Lure_105.bmp,Chichen Itza,NaN
43,24,1,1,S_Image_125.bmp,Mount Rushmore,NaN
43,25,1,1,F_Image_4.bmp,Barack Obama,NaN
43,26,1,1,O_Image_90.bmp,Telephone,NaN
43,27,1,1,F_Image_36.bmp,Penelope Cruz,NaN
43,28,1,1,O_Lure_72.bmp,Lightbulb,NaN
43,29,1,1,O_Image_67.bmp,Hammock,NaN
43,30,1,1,F_Lure_17.bmp,George Clooney,NaN
43,31,1,1,F_Lure_5.bmp,Bill Clinton,NaN
43,32,1,1,O_Lure_86.bmp,Soother,NaN
43,33,1,1,S_Lure_133.bmp,Rialto Bridge,NaN
43,34,1,1,S_Lure_114.bmp,Great Wall,NaN
43,35,1,1,S_Image_134.bmp,Sagrada Familia,NaN
43,36,1,1,S_Image_101.bmp,Atomium,NaN
43,37,1,1,S_Image_129.bmp,Petra,NaN
43,38,1,1,O_Lure_85.bmp,Sock,NaN
43,39,1,1,O_Image_92.bmp,Trophy,NaN
43,40,1,1,S_Image_140.bmp,Taj Mahal,NaN
43,41,1,1,F_Image_22.bmp,Judi Dench,NaN
43,42,1,1,O_Image_78.bmp,Razor,NaN
43,43,1,1,S_Lure_136.bmp,Sistine Chapel,NaN
43,44,1,1,S_Image_130.bmp,Potala Palace,NaN
43,45,1,1,O_Image_74.bmp,Mirror,NaN
43,46,1,1,O_Image_55.bmp,Binoculars,NaN
43,47,1,1,S_Lure_121.bmp,Mecca,NaN
43,48,1,1,O_Image_71.bmp,Ladder,NaN
43,49,1,1,S_Lure_138.bmp,Stonehenge,NaN
43,50,1,1,S_Lure_144.bmp,White House,NaN
43,51,1,1,F_Image_20.bmp,Jennifer Lopez,NaN
43,52,1,1,O_Lure_58.bmp,Canoe,NaN
43,53,1,1,F_Lure_36.bmp,Penelope Cruz,NaN
43,54,1,1,F_Lure_12.bmp,David Beckham,NaN
43,55,1,1,S_Lure_99.bmp,Alhambra,NaN
43,56,1,1,F_Image_12.bmp,David Beckham,NaN
43,57,1,1,F_Image_10.bmp,Dalai Lama,NaN
43,58,1,1,S_Image_132.bmp,Red Square,NaN
43,59,1,1,O_Lure_52.bmp,Bed,NaN
43,60,1,1,O_Lure_53.bmp,Belt,NaN
43,61,1,1,O_Lure_74.bmp,Mirror,NaN
43,62,1,1,S_Image_135.bmp,Sahara Desert,NaN
43,63,1,1,F_Lure_3.bmp,Angela Merkel,NaN
43,64,1,1,F_Image_40.bmp,Robert De Niro,NaN
43,65,1,1,F_Image_5.bmp,Bill Clinton,NaN
43,66,1,1,O_Image_93.bmp,Umbrella,NaN
43,67,1,1,F_Image_48.bmp,Will Smith,NaN
43,68,1,1,S_Lure_135.bmp,Sahara Desert,NaN
43,69,1,1,S_Image_141.bmp,Time Square,NaN
43,70,1,1,S_Lure_104.bmp,Brandenburg Gate,NaN
43,71,1,1,O_Lure_78.bmp,Razor,NaN
43,72,1,1,O_Lure_56.bmp,Broom,NaN
43,73,1,1,O_Lure_80.bmp,Rope,NaN
43,74,1,1,F_Lure_23.bmp,Julia Roberts,NaN
43,75,1,1,F_Lure_46.bmp,Wayne Rooney,NaN
43,76,1,1,S_Lure_109.bmp,Eiffel Tower,NaN
43,77,1,1,O_Lure_63.bmp,Globe,NaN
43,78,1,1,S_Image_126.bmp,Neu schwanstein Castle,NaN
43,79,1,1,S_Image_144.bmp,White House,NaN
43,80,1,1,F_Image_44.bmp,Tom Hanks,NaN
43,81,1,1,F_Image_37.bmp,Pierce Brosnan,NaN
43,82,1,1,F_Image_26.bmp,Madonna,NaN
43,83,1,1,O_Lure_95.bmp,Wheelchair,NaN
43,84,1,1,F_Lure_37.bmp,Pierce Brosnan,NaN
43,85,1,1,F_Lure_15.bmp,Fidel Castro,NaN
43,86,1,1,O_Lure_81.bmp,Scale,NaN
43,87,1,1,O_Image_80.bmp,Rope,NaN
43,88,1,1,F_Image_30.bmp,Meryl Streep,NaN
43,89,1,1,S_Image_106.bmp,Christ The Redeemer,NaN
43,90,1,1,S_Image_108.bmp,Dover Cliffs,NaN
43,91,1,1,S_Lure_100.bmp,Angkor Wat,NaN
43,92,1,1,O_Image_72.bmp,Lightbulb,NaN
43,93,1,1,F_Lure_24.bmp,Keanu Reeves,NaN
43,94,1,1,O_Lure_90.bmp,Telephone,NaN
43,95,1,1,F_Lure_10.bmp,Dalai Lama,NaN
43,96,1,1,O_Image_76.bmp,Pillows,NaN
43,97,1,1,O_Image_96.bmp,Wineglass,NaN
43,98,1,1,O_Image_57.bmp,Brush,NaN
43,99,1,1,O_Image_50.bmp,Barbecue,NaN
43,100,1,1,S_Lure_140.bmp,Taj Mahal,NaN
43,101,1,1,O_Lure_67.bmp,Hammock,NaN
43,102,1,1,O_Lure_65.bmp,GrandPiano,NaN
43,103,1,1,S_Image_97.bmp,Akropolis,NaN
43,104,1,1,F_Lure_21.bmp,John Lennon,NaN
43,105,1,1,S_Image_137.bmp,Statue Of Liberty,NaN
43,106,1,1,S_Lure_106.bmp,Christ The Redeemer,NaN
43,107,1,1,S_Image_139.bmp,Sydney Opera,NaN
43,108,1,1,O_Image_69.bmp,Headphones,NaN
43,109,1,1,F_Image_2.bmp,Amy Winehouse,NaN
43,110,1,1,F_Lure_45.bmp,Tony Blair,NaN
43,111,1,1,O_Lure_54.bmp,Bicycle,NaN
43,112,1,1,S_Lure_127.bmp,Niagara Falls,NaN
43,113,1,1,F_Lure_7.bmp,Britney Spears,NaN
43,114,1,1,F_Image_46.bmp,Wayne Rooney,NaN
43,115,1,1,O_Image_61.bmp,Football,NaN
43,116,1,1,S_Image_143.bmp,Versailles,NaN
43,117,1,1,F_Image_3.bmp,Angela Merkel,NaN
43,118,1,1,S_Image_105.bmp,Chichen Itza,NaN
43,119,1,1,F_Image_23.bmp,Julia Roberts,NaN
43,120,1,1,O_Lure_68.bmp,Hat,NaN
43,121,1,1,O_Image_81.bmp,Scale,NaN
43,122,1,1,F_Lure_30.bmp,Meryl Streep,NaN
43,123,1,1,O_Lure_92.bmp,Trophy,NaN
43,124,1,1,O_Lure_62.bmp,FryingPan,NaN
43,125,1,1,F_Lure_42.bmp,Scarlett Johansson,NaN
43,126,1,1,S_Image_138.bmp,Stonehenge,NaN
43,127,1,1,O_Lure_66.bmp,Guitar,NaN
43,128,1,1,F_Lure_43.bmp,Tom Cruise,NaN
43,129,1,1,F_Lure_28.bmp,Margaret Thatcher,NaN
43,130,1,1,S_Lure_118.bmp,Leaning Tower,NaN
43,131,1,1,S_Lure_128.bmp,Notre Dame,NaN
43,132,1,1,F_Image_27.bmp,Mahadma Gandhi,NaN
43,133,1,1,O_Image_85.bmp,Sock,NaN
43,134,1,1,F_Image_17.bmp,George Clooney,NaN
43,135,1,1,O_Image_59.bmp,Fan,NaN
43,136,1,1,O_Image_63.bmp,Globe,NaN
43,137,1,1,F_Lure_14.bmp,Elvis Presley,NaN
43,138,1,1,S_Image_117.bmp,Kings College,NaN
43,139,1,1,O_Image_52.bmp,Bed,NaN
43,140,1,1,F_Lure_2.bmp,Amy Winehouse,NaN
43,141,1,1,S_Lure_143.bmp,Versailles,NaN
43,142,1,1,O_Lure_51.bmp,Basket,NaN
43,143,1,1,S_Image_104.bmp,Brandenburg Gate,NaN
43,144,1,1,S_Lure_130.bmp,Potala Palace,NaN
43,145,1,1,O_Image_82.bmp,Scissors,NaN
43,146,1,1,S_Image_112.bmp,Golden Gate Bridge,NaN
43,147,1,1,S_Image_109.bmp,Eiffel Tower,NaN
43,148,1,1,O_Image_84.bmp,Skirt,NaN
43,149,1,1,S_Lure_134.bmp,Sagrada Familia,NaN
43,150,1,1,S_Lure_108.bmp,Dover Cliffs,NaN
43,151,1,1,O_Image_51.bmp,Basket,NaN
43,152,1,1,F_Lure_19.bmp,James Dean,NaN
43,153,1,1,O_Image_94.bmp,Watch,NaN
43,154,1,1,O_Lure_60.bmp,Flask,NaN
43,155,1,1,O_Image_68.bmp,Hat,NaN
43,156,1,1,S_Image_99.bmp,Alhambra,NaN
43,157,1,1,S_Image_100.bmp,Angkor Wat,NaN
43,158,1,1,O_Image_73.bmp,Microscope,NaN
43,159,1,1,F_Image_34.bmp,Nelson Mandela,NaN
43,160,1,1,S_Image_118.bmp,Leaning Tower,NaN
43,161,1,1,S_Image_119.bmp,Louvre,NaN
43,162,1,1,F_Image_11.bmp,Daniel Radcliffe,NaN
43,163,1,1,F_Lure_6.bmp,Brad Pitt,NaN
43,164,1,1,F_Image_19.bmp,James Dean,NaN
43,165,1,1,S_Image_123.bmp,Mount Everest,NaN
43,166,1,1,F_Lure_32.bmp,Mick Jagger,NaN
43,167,1,1,F_Image_35.bmp,Nikola Sarkozy,NaN
43,168,1,1,O_Image_79.bmp,Remote Control,NaN
43,169,1,1,O_Lure_83.bmp,Shoe,NaN
43,170,1,1,F_Lure_18.bmp,Jack Nicholson,NaN
43,171,1,1,F_Lure_9.bmp,Charlie Chaplin,NaN
43,172,1,1,S_Lure_116.bmp,Hollywood Sign,NaN
43,173,1,1,F_Image_21.bmp,John Lennon,NaN
43,174,1,1,S_Lure_111.bmp,Gizeh Pyramids,NaN
43,175,1,1,O_Lure_94.bmp,Watch,NaN
43,176,1,1,S_Image_120.bmp,Machu Picchu,NaN
43,177,1,1,S_Lure_103.bmp,Big Ben,NaN
43,178,1,1,S_Image_103.bmp,Big Ben,NaN
43,179,1,1,S_Lure_110.bmp,Forbidden City,NaN
43,180,1,1,F_Image_39.bmp,Robbie Williams,NaN
43,181,1,1,O_Image_54.bmp,Bicycle,NaN
43,182,1,1,S_Lure_113.bmp,Grand Canyon,NaN
43,183,1,1,F_Lure_35.bmp,Nikola Sarkozy,NaN
43,184,1,1,S_Lure_102.bmp,Ayers Rock,NaN
43,185,1,1,S_Image_142.bmp,Tower Bridge,NaN
43,186,1,1,F_Image_33.bmp,Mother Teresa,NaN
43,187,1,1,S_Image_127.bmp,Niagara Falls,NaN
43,188,1,1,F_Image_42.bmp,Scarlett Johansson,NaN
43,189,1,1,F_Image_6.bmp,Brad Pitt,NaN
43,190,1,1,S_Lure_115.bmp,Hagia Sophia,NaN
43,191,1,1,S_Image_115.bmp,Hagia Sophia,NaN
43,192,1,1,F_Image_14.bmp,Elvis Presley,NaN
43,193,1,1,F_Lure_16.bmp,George Bush,NaN
43,194,1,1,O_Lure_70.bmp,Key,NaN
43,195,1,1,F_Image_15.bmp,Fidel Castro,NaN
43,196,1,1,O_Image_60.bmp,Flask,NaN
43,197,1,1,F_Image_32.bmp,Mick Jagger,NaN
43,198,1,1,F_Image_38.bmp,Queen Elisabeth,NaN
43,199,1,1,S_Lure_98.bmp,Alcatraz,NaN
43,200,1,1,F_Lure_27.bmp,Mahadma Gandhi,NaN
43,201,1,1,S_Lure_124.bmp,Mount Fuji,NaN
43,202,1,1,O_Lure_93.bmp,Umbrella,NaN
43,203,1,1,S_Lure_125.bmp,Mount Rushmore,NaN
43,204,1,1,S_Image_110.bmp,Forbidden City,NaN
43,205,1,1,F_Lure_25.bmp,Leonardo DiCaprio,NaN
43,206,1,1,O_Lure_87.bmp,Stapler,NaN
43,207,1,1,S_Image_114.bmp,Great Wall,NaN
43,208,1,1,O_Lure_96.bmp,Wineglass,NaN
43,209,1,1,O_Image_86.bmp,Soother,NaN
43,210,1,1,S_Image_122.bmp,Mont Saint Michel,NaN
43,211,1,1,F_Image_24.bmp,Keanu Reeves,NaN
43,212,1,1,S_Lure_129.bmp,Petra,NaN
43,213,1,1,S_Lure_119.bmp,Louvre,NaN
43,214,1,1,F_Image_9.bmp,Charlie Chaplin,NaN
43,215,1,1,F_Image_13.bmp,Elton John,NaN
43,216,1,1,O_Lure_61.bmp,Football,NaN
43,217,1,1,O_Image_89.bmp,Teddybear,NaN
43,218,1,1,F_Image_28.bmp,Margaret Thatcher,NaN
43,219,1,1,F_Image_29.bmp,Marilyn Monroe,NaN
43,220,1,1,S_Lure_101.bmp,Atomium,NaN
43,221,1,1,O_Lure_77.bmp,Radio,NaN
43,222,1,1,O_Lure_59.bmp,Fan,NaN
43,223,1,1,F_Image_31.bmp,Michael Jackson,NaN
43,224,1,1,O_Image_64.bmp,Goggles,NaN
43,225,1,1,S_Lure_107.bmp,Colosseum,NaN
43,226,1,1,F_Lure_20.bmp,Jennifer Lopez,NaN
43,227,1,1,F_Lure_41.bmp,Rod Steward,NaN
43,228,1,1,F_Image_18.bmp,Jack Nicholson,NaN
43,229,1,1,O_Image_62.bmp,FryingPan,NaN
43,230,1,1,O_Image_83.bmp,Shoe,NaN
43,231,1,1,S_Lure_139.bmp,Sydney Opera,NaN
43,232,1,1,S_Image_131.bmp,Rapa Nui,NaN
43,233,1,1,F_Image_43.bmp,Tom Cruise,NaN
43,234,1,1,F_Lure_34.bmp,Nelson Mandela,NaN
43,235,1,1,S_Lure_117.bmp,Kings College,NaN
43,236,1,1,S_Lure_132.bmp,Red Square,NaN
43,237,1,1,O_Lure_73.bmp,Microscope,NaN
43,238,1,1,O_Image_65.bmp,GrandPiano,NaN
43,239,1,1,S_Lure_122.bmp,Mont Saint Michel,NaN
43,240,1,1,S_Image_136.bmp,Sistine Chapel,NaN
43,241,1,1,F_Lure_47.bmp,Whoopi Goldberg,NaN
43,242,1,1,S_Lure_112.bmp,Golden Gate Bridge,NaN
43,243,1,1,F_Lure_44.bmp,Tom Hanks,NaN
43,244,1,1,O_Image_75.bmp,Necklace,NaN
43,245,1,1,O_Image_49.bmp,Anchor,NaN
43,246,1,1,O_Lure_71.bmp,Ladder,NaN
43,247,1,1,F_Lure_39.bmp,Robbie Williams,NaN
43,248,1,1,S_Image_121.bmp,Mecca,NaN
43,249,1,1,F_Image_16.bmp,George Bush,NaN
43,250,1,1,S_Image_128.bmp,Notre Dame,NaN
43,251,1,1,S_Lure_120.bmp,Machu Picchu,NaN
43,252,1,1,O_Image_56.bmp,Broom,NaN
43,253,1,1,O_Lure_89.bmp,Teddybear,NaN
43,254,1,1,S_Lure_97.bmp,Akropolis,NaN
43,255,1,1,O_Lure_76.bmp,Pillows,NaN
43,256,1,1,O_Image_88.bmp,Suitcase,NaN
43,257,1,1,S_Image_111.bmp,Gizeh Pyramids,NaN
43,258,1,1,F_Lure_48.bmp,Will Smith,NaN
43,259,1,1,O_Image_87.bmp,Stapler,NaN
43,260,1,1,S_Lure_137.bmp,Statue Of Liberty,NaN
43,261,1,1,O_Lure_91.bmp,Torch,NaN
43,262,1,1,F_Lure_31.bmp,Michael Jackson,NaN
43,263,1,1,O_Lure_55.bmp,Binoculars,NaN
43,264,1,1,S_Lure_123.bmp,Mount Everest,NaN
43,265,1,1,O_Lure_88.bmp,Suitcase,NaN
43,266,1,1,F_Image_25.bmp,Leonardo DiCaprio,NaN
43,267,1,1,O_Lure_69.bmp,Headphones,NaN
43,268,1,1,F_Image_7.bmp,Britney Spears,NaN
43,269,1,1,F_Lure_22.bmp,Judi Dench,NaN
43,270,1,1,S_Image_102.bmp,Ayers Rock,NaN
43,271,1,1,S_Lure_141.bmp,Time Square,NaN
43,272,1,1,F_Image_1.bmp,Albert Einstein,NaN
43,273,1,1,O_Lure_57.bmp,Brush,NaN
43,274,1,1,F_Image_8.bmp,Cameron Diaz,NaN
43,275,1,1,F_Lure_4.bmp,Barack Obama,NaN
43,276,1,1,O_Image_58.bmp,Canoe,NaN
43,277,1,1,F_Image_45.bmp,Tony Blair,NaN
43,278,1,1,F_Lure_13.bmp,Elton John,NaN
43,279,1,1,F_Image_41.bmp,Rod Steward,NaN
43,280,1,1,F_Lure_40.bmp,Robert De Niro,NaN
43,281,1,1,O_Lure_84.bmp,Skirt,NaN
43,282,1,1,S_Image_98.bmp,Alcatraz,NaN
43,283,1,1,F_Image_47.bmp,Whoopi Goldberg,NaN
43,284,1,1,F_Lure_11.bmp,Daniel Radcliffe,NaN
43,285,1,1,O_Image_66.bmp,Guitar,NaN
43,286,1,1,F_Lure_1.bmp,Albert Einstein,NaN
43,287,1,1,S_Image_107.bmp,Colosseum,NaN
43,288,1,1,S_Image_124.bmp,Mount Fuji,NaN
43,289,1,1,S_Image_133.bmp,Rialto Bridge,NaN
43,290,1,1,S_Lure_142.bmp,Tower Bridge,NaN
43,291,1,1,S_Lure_126.bmp,Neu schwanstein Castle,NaN
43,292,1,1,F_Image_36.bmp,Penelope Cruz,NaN
43,293,1,1,S_Image_101.bmp,Atomium,NaN
43,294,1,1,S_Lure_99.bmp,Alhambra,NaN
43,295,1,1,S_Lure_104.bmp,Brandenburg Gate,NaN
43,296,1,1,F_Lure_46.bmp,Wayne Rooney,NaN
43,297,1,1,S_Image_126.bmp,Neu schwanstein Castle,NaN
43,298,1,1,F_Image_37.bmp,Pierce Brosnan,NaN
43,299,1,1,F_Lure_37.bmp,Pierce Brosnan,NaN
43,300,1,1,F_Image_30.bmp,Meryl Streep,NaN
43,301,1,1,S_Image_106.bmp,Christ The Redeemer,NaN
43,302,1,1,S_Image_108.bmp,Dover Cliffs,NaN
43,303,1,1,S_Lure_100.bmp,Angkor Wat,NaN
43,304,1,1,S_Image_139.bmp,Sydney Opera,NaN
43,305,1,1,F_Lure_45.bmp,Tony Blair,NaN
43,306,1,1,F_Image_46.bmp,Wayne Rooney,NaN
43,307,1,1,F_Lure_42.bmp,Scarlett Johansson,NaN
43,308,1,1,F_Lure_28.bmp,Margaret Thatcher,NaN
43,309,1,1,S_Lure_128.bmp,Notre Dame,NaN
43,310,1,1,S_Image_117.bmp,Kings College,NaN
43,311,1,1,S_Lure_143.bmp,Versailles,NaN
43,312,1,1,S_Image_104.bmp,Brandenburg Gate,NaN
43,313,1,1,S_Lure_130.bmp,Potala Palace,NaN
43,314,1,1,F_Lure_19.bmp,James Dean,NaN
43,315,1,1,S_Image_99.bmp,Alhambra,NaN
43,316,1,1,S_Image_100.bmp,Angkor Wat,NaN
43,317,1,1,S_Image_123.bmp,Mount Everest,NaN
43,318,1,1,S_Lure_110.bmp,Forbidden City,NaN
43,319,1,1,F_Image_39.bmp,Robbie Williams,NaN
43,320,1,1,S_Lure_102.bmp,Ayers Rock,NaN
43,321,1,1,S_Image_142.bmp,Tower Bridge,NaN
43,322,1,1,S_Image_122.bmp,Mont Saint Michel,NaN
43,323,1,1,F_Image_28.bmp,Margaret Thatcher,NaN
43,324,1,1,S_Lure_101.bmp,Atomium,NaN
43,325,1,1,F_Lure_41.bmp,Rod Steward,NaN
43,326,1,1,S_Lure_139.bmp,Sydney Opera,NaN
43,327,1,1,S_Lure_117.bmp,Kings College,NaN
43,328,1,1,S_Lure_122.bmp,Mont Saint Michel,NaN
43,329,1,1,F_Lure_39.bmp,Robbie Williams,NaN
43,330,1,1,S_Image_128.bmp,Notre Dame,NaN
43,331,1.5,1,F_Image_42.bmp,Scarlett Johansson,bubble
43,332,1.5,1,O_Image_96.bmp,Wineglass,tube
43,333,1.5,1,O_Image_60.bmp,Flask,attack
43,334,1.5,1,O_Image_95.bmp,Wheelchair,sand
43,335,1.5,1,S_Image_139.bmp,Sydney Opera,laundry
43,336,1.5,1,S_Image_107.bmp,Colosseum,wreck
43,337,1.5,1,F_Image_18.bmp,Jack Nicholson,asphalt
43,338,1.5,1,S_Image_133.bmp,Rialto Bridge,sweat
43,339,1.5,1,F_Image_2.bmp,Amy Winehouse,tear
43,340,1.5,1,O_Image_50.bmp,Barbecue,tail
43,341,1.5,1,O_Image_64.bmp,Goggles,shell
43,342,1.5,1,O_Image_87.bmp,Stapler,signal
43,343,1.5,1,F_Image_4.bmp,Barack Obama,giant
43,344,1.5,1,O_Image_56.bmp,Broom,animal
43,345,1.5,1,O_Image_94.bmp,Watch,fire
43,346,1.5,1,F_Image_15.bmp,Fidel Castro,army
43,347,1.5,1,S_Image_143.bmp,Versailles,corpse
43,348,1.5,1,O_Image_83.bmp,Shoe,sunshine
43,349,1.5,1,F_Image_25.bmp,Leonardo DiCaprio,scar
43,350,1.5,1,S_Image_108.bmp,Dover Cliffs,arrow
43,351,1.5,1,F_Image_46.bmp,Wayne Rooney,rust
43,352,1.5,1,F_Image_19.bmp,James Dean,angel
43,353,1.5,1,S_Image_131.bmp,Rapa Nui,measles
43,354,1.5,1,S_Image_127.bmp,Niagara Falls,wool
43,355,2,1,O_Image_96.bmp-O_Lure_96.bmp,Wineglass,tube
43,356,2,1,O_Image_95.bmp-O_Lure_95.bmp,Wheelchair,sand
43,357,2,1,S_Image_143.bmp-S_Lure_143.bmp,Versailles,corpse
43,358,2,1,S_Image_127.bmp-S_Lure_127.bmp,Niagara Falls,wool
43,359,2,1,F_Image_42.bmp-F_Lure_42.bmp,Scarlett Johansson,bubble
43,360,2,1,F_Image_2.bmp-F_Lure_2.bmp,Amy Winehouse,tear
43,361,2,1,O_Image_50.bmp-O_Lure_50.bmp,Barbecue,tail
43,362,2,1,O_Image_87.bmp-O_Lure_87.bmp,Stapler,signal
43,363,2,1,S_Image_108.bmp-S_Lure_108.bmp,Dover Cliffs,arrow
43,364,2,1,O_Image_64.bmp-O_Lure_64.bmp,Goggles,shell
43,365,2,1,S_Image_131.bmp-S_Lure_131.bmp,Rapa Nui,measles
43,366,2,1,F_Image_19.bmp-F_Lure_19.bmp,James Dean,angel
43,367,2,1,F_Image_15.bmp-F_Lure_15.bmp,Fidel Castro,army
43,368,2,1,S_Image_133.bmp-S_Lure_133.bmp,Rialto Bridge,sweat
43,369,2,1,F_Image_18.bmp-F_Lure_18.bmp,Jack Nicholson,asphalt
43,370,2,1,F_Image_25.bmp-F_Lure_25.bmp,Leonardo DiCaprio,scar
43,371,2,1,O_Image_56.bmp-O_Lure_56.bmp,Broom,animal
43,372,2,1,S_Image_139.bmp-S_Lure_139.bmp,Sydney Opera,laundry
43,373,2,1,O_Image_83.bmp-O_Lure_83.bmp,Shoe,sunshine
43,374,2,1,S_Image_107.bmp-S_Lure_107.bmp,Colosseum,wreck
43,375,2,1,O_Image_94.bmp-O_Lure_94.bmp,Watch,fire
43,376,2,1,F_Image_4.bmp-F_Lure_4.bmp,Barack Obama,giant
43,377,2,1,O_Image_60.bmp-O_Lure_60.bmp,Flask,attack
43,378,2,1,F_Image_46.bmp-F_Lure_46.bmp,Wayne Rooney,rust
43,379,3,1,S_Image_139.bmp-S_Lure_139.bmp,Sydney Opera,laundry
43,380,3,1,F_Image_2.bmp-F_Lure_2.bmp,Amy Winehouse,tear
43,381,3,1,F_Image_25.bmp-F_Lure_25.bmp,Leonardo DiCaprio,scar
43,382,3,1,O_Image_87.bmp-O_Lure_87.bmp,Stapler,signal
43,383,3,1,S_Image_131.bmp-S_Lure_131.bmp,Rapa Nui,measles
43,384,3,1,O_Image_83.bmp-O_Lure_83.bmp,Shoe,sunshine
43,385,3,1,F_Image_46.bmp-F_Lure_46.bmp,Wayne Rooney,rust
43,386,3,1,S_Image_133.bmp-S_Lure_133.bmp,Rialto Bridge,sweat
43,387,3,1,S_Image_143.bmp-S_Lure_143.bmp,Versailles,corpse
43,388,3,1,F_Image_19.bmp-F_Lure_19.bmp,James Dean,angel
43,389,3,1,O_Image_96.bmp-O_Lure_96.bmp,Wineglass,tube
43,390,3,1,S_Image_107.bmp-S_Lure_107.bmp,Colosseum,wreck
43,391,3,1,F_Image_15.bmp-F_Lure_15.bmp,Fidel Castro,army
43,392,3,1,O_Image_95.bmp-O_Lure_95.bmp,Wheelchair,sand
43,393,3,1,F_Image_4.bmp-F_Lure_4.bmp,Barack Obama,giant
43,394,3,1,O_Image_56.bmp-O_Lure_56.bmp,Broom,animal
43,395,3,1,O_Image_60.bmp-O_Lure_60.bmp,Flask,attack
43,396,3,1,S_Image_108.bmp-S_Lure_108.bmp,Dover Cliffs,arrow
43,397,3,1,O_Image_94.bmp-O_Lure_94.bmp,Watch,fire
43,398,3,1,F_Image_42.bmp-F_Lure_42.bmp,Scarlett Johansson,bubble
43,399,3,1,O_Image_64.bmp-O_Lure_64.bmp,Goggles,shell
43,400,3,1,F_Image_18.bmp-F_Lure_18.bmp,Jack Nicholson,asphalt
43,401,3,1,S_Image_127.bmp-S_Lure_127.bmp,Niagara Falls,wool
43,402,3,1,O_Image_50.bmp-O_Lure_50.bmp,Barbecue,tail
43,403,1.5,2,S_Image_125.bmp,Mount Rushmore,spray
43,404,1.5,2,S_Image_116.bmp,Hollywood Sign,cloud
43,405,1.5,2,S_Image_118.bmp,Leaning Tower,steam
43,406,1.5,2,S_Image_98.bmp,Alcatraz,triangle
43,407,1.5,2,S_Image_99.bmp,Alhambra,money
43,408,1.5,2,S_Image_105.bmp,Chichen Itza,water
43,409,1.5,2,F_Image_41.bmp,Rod Steward,breakfast
43,410,1.5,2,O_Image_59.bmp,Fan,harem
43,411,1.5,2,F_Image_39.bmp,Robbie Williams,corner
43,412,1.5,2,F_Image_17.bmp,George Clooney,ghost
43,413,1.5,2,S_Image_109.bmp,Eiffel Tower,galaxy
43,414,1.5,2,O_Image_76.bmp,Pillows,shadow
43,415,1.5,2,S_Image_136.bmp,Sistine Chapel,tourist
43,416,1.5,2,O_Image_51.bmp,Basket,black
43,417,1.5,2,S_Image_130.bmp,Potala Palace,paper
43,418,1.5,2,S_Image_142.bmp,Tower Bridge,alcohol
43,419,1.5,2,F_Image_24.bmp,Keanu Reeves,poison
43,420,1.5,2,S_Image_97.bmp,Akropolis,alien
43,421,1.5,2,O_Image_91.bmp,Torch,menu
43,422,1.5,2,S_Image_101.bmp,Atomium,arch
43,423,1.5,2,S_Image_121.bmp,Mecca,antique
43,424,1.5,2,O_Image_88.bmp,Suitcase,slope
43,425,1.5,2,F_Image_45.bmp,Tony Blair,drizzle
43,426,1.5,2,O_Image_58.bmp,Canoe,rock
43,427,2,2,O_Image_76.bmp-O_Lure_76.bmp,Pillows,shadow
43,428,2,2,S_Image_142.bmp-S_Lure_142.bmp,Tower Bridge,alcohol
43,429,2,2,F_Image_39.bmp-F_Lure_39.bmp,Robbie Williams,corner
43,430,2,2,S_Image_97.bmp-S_Lure_97.bmp,Akropolis,alien
43,431,2,2,O_Image_58.bmp-O_Lure_58.bmp,Canoe,rock
43,432,2,2,S_Image_116.bmp-S_Lure_116.bmp,Hollywood Sign,cloud
43,433,2,2,F_Image_41.bmp-F_Lure_41.bmp,Rod Steward,breakfast
43,434,2,2,S_Image_99.bmp-S_Lure_99.bmp,Alhambra,money
43,435,2,2,O_Image_88.bmp-O_Lure_88.bmp,Suitcase,slope
43,436,2,2,S_Image_101.bmp-S_Lure_101.bmp,Atomium,arch
43,437,2,2,S_Image_98.bmp-S_Lure_98.bmp,Alcatraz,triangle
43,438,2,2,O_Image_91.bmp-O_Lure_91.bmp,Torch,menu
43,439,2,2,S_Image_125.bmp-S_Lure_125.bmp,Mount Rushmore,spray
43,440,2,2,S_Image_130.bmp-S_Lure_130.bmp,Potala Palace,paper
43,441,2,2,O_Image_51.bmp-O_Lure_51.bmp,Basket,black
43,442,2,2,S_Image_118.bmp-S_Lure_118.bmp,Leaning Tower,steam
43,443,2,2,S_Image_109.bmp-S_Lure_109.bmp,Eiffel Tower,galaxy
43,444,2,2,F_Image_17.bmp-F_Lure_17.bmp,George Clooney,ghost
43,445,2,2,F_Image_45.bmp-F_Lure_45.bmp,Tony Blair,drizzle
43,446,2,2,O_Image_59.bmp-O_Lure_59.bmp,Fan,harem
43,447,2,2,S_Image_121.bmp-S_Lure_121.bmp,Mecca,antique
43,448,2,2,S_Image_136.bmp-S_Lure_136.bmp,Sistine Chapel,tourist
43,449,2,2,F_Image_24.bmp-F_Lure_24.bmp,Keanu Reeves,poison
43,450,2,2,S_Image_105.bmp-S_Lure_105.bmp,Chichen Itza,water
43,451,3,2,S_Image_136.bmp-S_Lure_136.bmp,Sistine Chapel,tourist
43,452,3,2,S_Image_130.bmp-S_Lure_130.bmp,Potala Palace,paper
43,453,3,2,S_Image_98.bmp-S_Lure_98.bmp,Alcatraz,triangle
43,454,3,2,F_Image_39.bmp-F_Lure_39.bmp,Robbie Williams,corner
43,455,3,2,S_Image_99.bmp-S_Lure_99.bmp,Alhambra,money
43,456,3,2,S_Image_116.bmp-S_Lure_116.bmp,Hollywood Sign,cloud
43,457,3,2,O_Image_59.bmp-O_Lure_59.bmp,Fan,harem
43,458,3,2,S_Image_105.bmp-S_Lure_105.bmp,Chichen Itza,water
43,459,3,2,S_Image_109.bmp-S_Lure_109.bmp,Eiffel Tower,galaxy
43,460,3,2,S_Image_97.bmp-S_Lure_97.bmp,Akropolis,alien
43,461,3,2,F_Image_41.bmp-F_Lure_41.bmp,Rod Steward,breakfast
43,462,3,2,S_Image_121.bmp-S_Lure_121.bmp,Mecca,antique
43,463,3,2,O_Image_91.bmp-O_Lure_91.bmp,Torch,menu
43,464,3,2,S_Image_125.bmp-S_Lure_125.bmp,Mount Rushmore,spray
43,465,3,2,O_Image_58.bmp-O_Lure_58.bmp,Canoe,rock
43,466,3,2,F_Image_24.bmp-F_Lure_24.bmp,Keanu Reeves,poison
43,467,3,2,S_Image_118.bmp-S_Lure_118.bmp,Leaning Tower,steam
43,468,3,2,S_Image_101.bmp-S_Lure_101.bmp,Atomium,arch
43,469,3,2,F_Image_17.bmp-F_Lure_17.bmp,George Clooney,ghost
43,470,3,2,O_Image_51.bmp-O_Lure_51.bmp,Basket,black
43,471,3,2,S_Image_142.bmp-S_Lure_142.bmp,Tower Bridge,alcohol
43,472,3,2,O_Image_76.bmp-O_Lure_76.bmp,Pillows,shadow
43,473,3,2,O_Image_88.bmp-O_Lure_88.bmp,Suitcase,slope
43,474,3,2,F_Image_45.bmp-F_Lure_45.bmp,Tony Blair,drizzle
43,475,1.5,3,F_Image_31.bmp,Michael Jackson,hurricane
43,476,1.5,3,O_Image_71.bmp,Ladder,snow
43,477,1.5,3,F_Image_14.bmp,Elvis Presley,lever
43,478,1.5,3,O_Image_89.bmp,Teddybear,marble
43,479,1.5,3,O_Image_92.bmp,Trophy,wound
43,480,1.5,3,O_Image_61.bmp,Football,stem
43,481,1.5,3,F_Image_7.bmp,Britney Spears,orchestra
43,482,1.5,3,S_Image_103.bmp,Big Ben,vegetable
43,483,1.5,3,S_Image_115.bmp,Hagia Sophia,spike
43,484,1.5,3,F_Image_47.bmp,Whoopi Goldberg,stripe
43,485,1.5,3,O_Image_55.bmp,Binoculars,crumb
43,486,1.5,3,F_Image_34.bmp,Nelson Mandela,cone
43,487,1.5,3,F_Image_48.bmp,Will Smith,hostage
43,488,1.5,3,S_Image_113.bmp,Grand Canyon,kiss
43,489,1.5,3,O_Image_62.bmp,FryingPan,costume
43,490,1.5,3,O_Image_72.bmp,Lightbulb,honeymoon
43,491,1.5,3,S_Image_138.bmp,Stonehenge,fuel
43,492,1.5,3,F_Image_8.bmp,Cameron Diaz,board
43,493,1.5,3,F_Image_30.bmp,Meryl Streep,seed
43,494,1.5,3,O_Image_57.bmp,Brush,magnet
43,495,1.5,3,F_Image_33.bmp,Mother Teresa,flood
43,496,1.5,3,F_Image_12.bmp,David Beckham,yellow
43,497,1.5,3,O_Image_85.bmp,Sock,witch
43,498,1.5,3,F_Image_6.bmp,Brad Pitt,quake
43,499,2,3,F_Image_12.bmp-F_Lure_12.bmp,David Beckham,yellow
43,500,2,3,O_Image_57.bmp-O_Lure_57.bmp,Brush,magnet
43,501,2,3,O_Image_62.bmp-O_Lure_62.bmp,FryingPan,costume
43,502,2,3,S_Image_113.bmp-S_Lure_113.bmp,Grand Canyon,kiss
43,503,2,3,F_Image_14.bmp-F_Lure_14.bmp,Elvis Presley,lever
43,504,2,3,F_Image_48.bmp-F_Lure_48.bmp,Will Smith,hostage
43,505,2,3,O_Image_72.bmp-O_Lure_72.bmp,Lightbulb,honeymoon
43,506,2,3,O_Image_92.bmp-O_Lure_92.bmp,Trophy,wound
43,507,2,3,F_Image_31.bmp-F_Lure_31.bmp,Michael Jackson,hurricane
43,508,2,3,S_Image_138.bmp-S_Lure_138.bmp,Stonehenge,fuel
43,509,2,3,F_Image_6.bmp-F_Lure_6.bmp,Brad Pitt,quake
43,510,2,3,O_Image_61.bmp-O_Lure_61.bmp,Football,stem
43,511,2,3,O_Image_85.bmp-O_Lure_85.bmp,Sock,witch
43,512,2,3,O_Image_55.bmp-O_Lure_55.bmp,Binoculars,crumb
43,513,2,3,F_Image_8.bmp-F_Lure_8.bmp,Cameron Diaz,board
43,514,2,3,F_Image_7.bmp-F_Lure_7.bmp,Britney Spears,orchestra
43,515,2,3,S_Image_115.bmp-S_Lure_115.bmp,Hagia Sophia,spike
43,516,2,3,O_Image_89.bmp-O_Lure_89.bmp,Teddybear,marble
43,517,2,3,F_Image_47.bmp-F_Lure_47.bmp,Whoopi Goldberg,stripe
43,518,2,3,F_Image_33.bmp-F_Lure_33.bmp,Mother Teresa,flood
43,519,2,3,O_Image_71.bmp-O_Lure_71.bmp,Ladder,snow
43,520,2,3,F_Image_30.bmp-F_Lure_30.bmp,Meryl Streep,seed
43,521,2,3,F_Image_34.bmp-F_Lure_34.bmp,Nelson Mandela,cone
43,522,2,3,S_Image_103.bmp-S_Lure_103.bmp,Big Ben,vegetable
43,523,3,3,F_Image_8.bmp-F_Lure_8.bmp,Cameron Diaz,board
43,524,3,3,O_Image_71.bmp-O_Lure_71.bmp,Ladder,snow
43,525,3,3,O_Image_89.bmp-O_Lure_89.bmp,Teddybear,marble
43,526,3,3,F_Image_34.bmp-F_Lure_34.bmp,Nelson Mandela,cone
43,527,3,3,F_Image_47.bmp-F_Lure_47.bmp,Whoopi Goldberg,stripe
43,528,3,3,O_Image_72.bmp-O_Lure_72.bmp,Lightbulb,honeymoon
43,529,3,3,O_Image_61.bmp-O_Lure_61.bmp,Football,stem
43,530,3,3,F_Image_7.bmp-F_Lure_7.bmp,Britney Spears,orchestra
43,531,3,3,O_Image_57.bmp-O_Lure_57.bmp,Brush,magnet
43,532,3,3,S_Image_103.bmp-S_Lure_103.bmp,Big Ben,vegetable
43,533,3,3,S_Image_115.bmp-S_Lure_115.bmp,Hagia Sophia,spike
43,534,3,3,F_Image_14.bmp-F_Lure_14.bmp,Elvis Presley,lever
43,535,3,3,O_Image_85.bmp-O_Lure_85.bmp,Sock,witch
43,536,3,3,F_Image_12.bmp-F_Lure_12.bmp,David Beckham,yellow
43,537,3,3,O_Image_55.bmp-O_Lure_55.bmp,Binoculars,crumb
43,538,3,3,F_Image_33.bmp-F_Lure_33.bmp,Mother Teresa,flood
43,539,3,3,F_Image_30.bmp-F_Lure_30.bmp,Meryl Streep,seed
43,540,3,3,O_Image_92.bmp-O_Lure_92.bmp,Trophy,wound
43,541,3,3,F_Image_31.bmp-F_Lure_31.bmp,Michael Jackson,hurricane
43,542,3,3,F_Image_6.bmp-F_Lure_6.bmp,Brad Pitt,quake
43,543,3,3,F_Image_48.bmp-F_Lure_48.bmp,Will Smith,hostage
43,544,3,3,S_Image_113.bmp-S_Lure_113.bmp,Grand Canyon,kiss
43,545,3,3,O_Image_62.bmp-O_Lure_62.bmp,FryingPan,costume
43,546,3,3,S_Image_138.bmp-S_Lure_138.bmp,Stonehenge,fuel
43,547,3.5,1,F_Image_9.bmp,Charlie Chaplin,laundry
43,548,3.5,1,S_Image_124.bmp,Mount Fuji,rust
43,549,3.5,1,F_Image_13.bmp,Elton John,sweat
43,550,3.5,1,F_Image_43.bmp,Tom Cruise,slope
43,551,3.5,1,F_Image_10.bmp,Dalai Lama,galaxy
43,552,3.5,1,S_Image_144.bmp,White House,army
43,553,3.5,1,O_Image_75.bmp,Necklace,kiss
43,554,3.5,1,S_Image_119.bmp,Louvre,marble
43,555,3.5,1,F_Image_16.bmp,George Bush,water
43,556,3.5,1,O_Image_79.bmp,Remote Control,alcohol
43,557,3.5,1,F_Image_23.bmp,Julia Roberts,spray
43,558,3.5,1,F_Image_11.bmp,Daniel Radcliffe,paper
43,559,3.5,1,F_Image_5.bmp,Bill Clinton,steam
43,560,3.5,1,S_Image_114.bmp,Great Wall,tube
43,561,3.5,1,S_Image_135.bmp,Sahara Desert,flood
43,562,3.5,1,S_Image_137.bmp,Statue Of Liberty,hurricane
43,563,3.5,1,S_Image_128.bmp,Notre Dame,asphalt
43,564,3.5,1,S_Image_129.bmp,Petra,stripe
43,565,3.5,1,F_Image_27.bmp,Mahadma Gandhi,rock
43,566,3.5,1,S_Image_123.bmp,Mount Everest,quake
43,567,3.5,1,O_Image_49.bmp,Anchor,giant
43,568,3.5,1,O_Image_81.bmp,Scale,fuel
43,569,3.5,1,O_Image_66.bmp,Guitar,cone
43,570,3.5,1,O_Image_67.bmp,Hammock,seed
43,571,4,1,F_Image_11.bmp-F_Lure_11.bmp,Daniel Radcliffe,paper
43,572,4,1,S_Image_135.bmp-S_Lure_135.bmp,Sahara Desert,flood
43,573,4,1,F_Image_9.bmp-F_Lure_9.bmp,Charlie Chaplin,laundry
43,574,4,1,F_Image_16.bmp-F_Lure_16.bmp,George Bush,water
43,575,4,1,F_Image_23.bmp-F_Lure_23.bmp,Julia Roberts,spray
43,576,4,1,S_Image_119.bmp-S_Lure_119.bmp,Louvre,marble
43,577,4,1,O_Image_49.bmp-O_Lure_49.bmp,Anchor,giant
43,578,4,1,O_Image_75.bmp-O_Lure_75.bmp,Necklace,kiss
43,579,4,1,O_Image_79.bmp-O_Lure_79.bmp,Remote Control,alcohol
43,580,4,1,F_Image_5.bmp-F_Lure_5.bmp,Bill Clinton,steam
43,581,4,1,S_Image_114.bmp-S_Lure_114.bmp,Great Wall,tube
43,582,4,1,O_Image_66.bmp-O_Lure_66.bmp,Guitar,cone
43,583,4,1,S_Image_129.bmp-S_Lure_129.bmp,Petra,stripe
43,584,4,1,S_Image_144.bmp-S_Lure_144.bmp,White House,army
43,585,4,1,S_Image_123.bmp-S_Lure_123.bmp,Mount Everest,quake
43,586,4,1,S_Image_124.bmp-S_Lure_124.bmp,Mount Fuji,rust
43,587,4,1,F_Image_43.bmp-F_Lure_43.bmp,Tom Cruise,slope
43,588,4,1,O_Image_67.bmp-O_Lure_67.bmp,Hammock,seed
43,589,4,1,S_Image_128.bmp-S_Lure_128.bmp,Notre Dame,asphalt
43,590,4,1,F_Image_13.bmp-F_Lure_13.bmp,Elton John,sweat
43,591,4,1,O_Image_81.bmp-O_Lure_81.bmp,Scale,fuel
43,592,4,1,F_Image_10.bmp-F_Lure_10.bmp,Dalai Lama,galaxy
43,593,4,1,S_Image_137.bmp-S_Lure_137.bmp,Statue Of Liberty,hurricane
43,594,4,1,F_Image_27.bmp-F_Lure_27.bmp,Mahadma Gandhi,rock
43,595,3.5,2,F_Image_40.bmp,Robert De Niro,shadow
43,596,3.5,2,O_Image_84.bmp,Skirt,corpse
43,597,3.5,2,O_Image_73.bmp,Microscope,tear
43,598,3.5,2,O_Image_93.bmp,Umbrella,triangle
43,599,3.5,2,F_Image_36.bmp,Penelope Cruz,stem
43,600,3.5,2,S_Image_102.bmp,Ayers Rock,black
43,601,3.5,2,F_Image_44.bmp,Tom Hanks,magnet
43,602,3.5,2,O_Image_53.bmp,Belt,ghost
43,603,3.5,2,S_Image_141.bmp,Time Square,board
43,604,3.5,2,S_Image_140.bmp,Taj Mahal,drizzle
43,605,3.5,2,O_Image_74.bmp,Mirror,money
43,606,3.5,2,O_Image_77.bmp,Radio,wreck
43,607,3.5,2,F_Image_32.bmp,Mick Jagger,honeymoon
43,608,3.5,2,S_Image_106.bmp,Christ The Redeemer,costume
43,609,3.5,2,O_Image_86.bmp,Soother,tourist
43,610,3.5,2,S_Image_117.bmp,Kings College,harem
43,611,3.5,2,O_Image_54.bmp,Bicycle,scar
43,612,3.5,2,O_Image_78.bmp,Razor,arrow
43,613,3.5,2,O_Image_63.bmp,Globe,poison
43,614,3.5,2,F_Image_21.bmp,John Lennon,spike
43,615,3.5,2,S_Image_104.bmp,Brandenburg Gate,crumb
43,616,3.5,2,S_Image_122.bmp,Mont Saint Michel,shell
43,617,3.5,2,S_Image_112.bmp,Golden Gate Bridge,animal
43,618,3.5,2,F_Image_37.bmp,Pierce Brosnan,wound
43,619,4,2,S_Image_104.bmp-S_Lure_104.bmp,Brandenburg Gate,crumb
43,620,4,2,F_Image_32.bmp-F_Lure_32.bmp,Mick Jagger,honeymoon
43,621,4,2,S_Image_117.bmp-S_Lure_117.bmp,Kings College,harem
43,622,4,2,S_Image_140.bmp-S_Lure_140.bmp,Taj Mahal,drizzle
43,623,4,2,S_Image_102.bmp-S_Lure_102.bmp,Ayers Rock,black
43,624,4,2,O_Image_93.bmp-O_Lure_93.bmp,Umbrella,triangle
43,625,4,2,O_Image_84.bmp-O_Lure_84.bmp,Skirt,corpse
43,626,4,2,F_Image_36.bmp-F_Lure_36.bmp,Penelope Cruz,stem
43,627,4,2,S_Image_112.bmp-S_Lure_112.bmp,Golden Gate Bridge,animal
43,628,4,2,O_Image_86.bmp-O_Lure_86.bmp,Soother,tourist
43,629,4,2,F_Image_37.bmp-F_Lure_37.bmp,Pierce Brosnan,wound
43,630,4,2,S_Image_106.bmp-S_Lure_106.bmp,Christ The Redeemer,costume
43,631,4,2,O_Image_53.bmp-O_Lure_53.bmp,Belt,ghost
43,632,4,2,F_Image_44.bmp-F_Lure_44.bmp,Tom Hanks,magnet
43,633,4,2,O_Image_74.bmp-O_Lure_74.bmp,Mirror,money
43,634,4,2,S_Image_122.bmp-S_Lure_122.bmp,Mont Saint Michel,shell
43,635,4,2,O_Image_78.bmp-O_Lure_78.bmp,Razor,arrow
43,636,4,2,F_Image_21.bmp-F_Lure_21.bmp,John Lennon,spike
43,637,4,2,O_Image_63.bmp-O_Lure_63.bmp,Globe,poison
43,638,4,2,S_Image_141.bmp-S_Lure_141.bmp,Time Square,board
43,639,4,2,F_Image_40.bmp-F_Lure_40.bmp,Robert De Niro,shadow
43,640,4,2,O_Image_54.bmp-O_Lure_54.bmp,Bicycle,scar
43,641,4,2,O_Image_73.bmp-O_Lure_73.bmp,Microscope,tear
43,642,4,2,O_Image_77.bmp-O_Lure_77.bmp,Radio,wreck
43,643,3.5,3,O_Image_69.bmp,Headphones,yellow
43,644,3.5,3,F_Image_3.bmp,Angela Merkel,cloud
43,645,3.5,3,F_Image_29.bmp,Marilyn Monroe,signal
43,646,3.5,3,S_Image_110.bmp,Forbidden City,tail
43,647,3.5,3,O_Image_70.bmp,Key,lever
43,648,3.5,3,F_Image_20.bmp,Jennifer Lopez,arch
43,649,3.5,3,O_Image_82.bmp,Scissors,wool
43,650,3.5,3,F_Image_22.bmp,Judi Dench,vegetable
43,651,3.5,3,F_Image_38.bmp,Queen Elisabeth,witch
43,652,3.5,3,O_Image_80.bmp,Rope,alien
43,653,3.5,3,F_Image_1.bmp,Albert Einstein,measles
43,654,3.5,3,O_Image_68.bmp,Hat,corner
43,655,3.5,3,F_Image_28.bmp,Margaret Thatcher,fire
43,656,3.5,3,F_Image_35.bmp,Nikola Sarkozy,sunshine
43,657,3.5,3,S_Image_132.bmp,Red Square,orchestra
43,658,3.5,3,S_Image_100.bmp,Angkor Wat,attack
43,659,3.5,3,S_Image_134.bmp,Sagrada Familia,bubble
43,660,3.5,3,F_Image_26.bmp,Madonna,snow
43,661,3.5,3,S_Image_111.bmp,Gizeh Pyramids,menu
43,662,3.5,3,O_Image_65.bmp,GrandPiano,hostage
43,663,3.5,3,S_Image_126.bmp,Neu schwanstein Castle,angel
43,664,3.5,3,S_Image_120.bmp,Machu Picchu,sand
43,665,3.5,3,O_Image_52.bmp,Bed,breakfast
43,666,3.5,3,O_Image_90.bmp,Telephone,antique
43,667,4,3,S_Image_100.bmp-S_Lure_100.bmp,Angkor Wat,attack
43,668,4,3,O_Image_65.bmp-O_Lure_65.bmp,GrandPiano,hostage
43,669,4,3,S_Image_110.bmp-S_Lure_110.bmp,Forbidden City,tail
43,670,4,3,F_Image_38.bmp-F_Lure_38.bmp,Queen Elisabeth,witch
43,671,4,3,F_Image_29.bmp-F_Lure_29.bmp,Marilyn Monroe,signal
43,672,4,3,S_Image_120.bmp-S_Lure_120.bmp,Machu Picchu,sand
43,673,4,3,O_Image_52.bmp-O_Lure_52.bmp,Bed,breakfast
43,674,4,3,S_Image_132.bmp-S_Lure_132.bmp,Red Square,orchestra
43,675,4,3,F_Image_35.bmp-F_Lure_35.bmp,Nikola Sarkozy,sunshine
43,676,4,3,S_Image_126.bmp-S_Lure_126.bmp,Neu schwanstein Castle,angel
43,677,4,3,F_Image_28.bmp-F_Lure_28.bmp,Margaret Thatcher,fire
43,678,4,3,O_Image_70.bmp-O_Lure_70.bmp,Key,lever
43,679,4,3,F_Image_20.bmp-F_Lure_20.bmp,Jennifer Lopez,arch
43,680,4,3,O_Image_90.bmp-O_Lure_90.bmp,Telephone,antique
43,681,4,3,O_Image_68.bmp-O_Lure_68.bmp,Hat,corner
43,682,4,3,S_Image_111.bmp-S_Lure_111.bmp,Gizeh Pyramids,menu
43,683,4,3,F_Image_22.bmp-F_Lure_22.bmp,Judi Dench,vegetable
43,684,4,3,O_Image_82.bmp-O_Lure_82.bmp,Scissors,wool
43,685,4,3,S_Image_134.bmp-S_Lure_134.bmp,Sagrada Familia,bubble
43,686,4,3,F_Image_3.bmp-F_Lure_3.bmp,Angela Merkel,cloud
43,687,4,3,F_Image_26.bmp-F_Lure_26.bmp,Madonna,snow
43,688,4,3,O_Image_80.bmp-O_Lure_80.bmp,Rope,alien
43,689,4,3,F_Image_1.bmp-F_Lure_1.bmp,Albert Einstein,measles
43,690,4,3,O_Image_69.bmp-O_Lure_69.bmp,Headphones,yellow
43,691,5, 1 ,S_Image_136.bmp-O_Lure_86.bmp,Sistine Chapel-Soother,tourist
43,692,5, 1 ,O_Image_87.bmp-F_Lure_29.bmp,Stapler-Marilyn Monroe,signal
43,693,5, 1 ,O_Image_91.bmp-S_Lure_111.bmp,Torch-Gizeh Pyramids,menu
43,694,5, 1 ,O_Image_62.bmp-S_Lure_106.bmp,FryingPan-Christ The Redeemer,costume
43,695,5, 1 ,S_Image_127.bmp-O_Lure_82.bmp,Niagara Falls-Scissors,wool
43,696,5, 1 ,S_Image_97.bmp-O_Lure_80.bmp,Akropolis-Rope,alien
43,697,5, 1 ,S_Image_143.bmp-O_Lure_84.bmp,Versailles-Skirt,corpse
43,698,5, 1 ,F_Image_48.bmp-O_Lure_65.bmp,Will Smith-GrandPiano,hostage
43,699,5, 1 ,O_Image_88.bmp-F_Lure_43.bmp,Suitcase-Tom Cruise,slope
43,700,5, 1 ,F_Image_46.bmp-S_Lure_124.bmp,Wayne Rooney-Mount Fuji,rust
43,701,5, 1 ,S_Image_138.bmp-O_Lure_81.bmp,Stonehenge-Scale,fuel
43,702,5, 1 ,S_Image_115.bmp-F_Lure_21.bmp,Hagia Sophia-John Lennon,spike
43,703,5, 1 ,O_Image_59.bmp-S_Lure_117.bmp,Fan-Kings College,harem
43,704,5, 1 ,S_Image_108.bmp-O_Lure_78.bmp,Dover Cliffs-Razor,arrow
43,705,5, 1 ,S_Image_138.bmp-O_Lure_81.bmp,Stonehenge-Scale,fuel
43,706,5, 1 ,F_Image_39.bmp-O_Lure_68.bmp,Robbie Williams-Hat,corner
43,707,5, 1 ,O_Image_50.bmp-S_Lure_110.bmp,Barbecue-Forbidden City,tail
43,708,5, 1 ,S_Image_115.bmp-F_Lure_21.bmp,Hagia Sophia-John Lennon,spike
43,709,5, 1 ,F_Image_6.bmp-S_Lure_123.bmp,Brad Pitt-Mount Everest,quake
43,710,5, 1 ,O_Image_76.bmp-F_Lure_40.bmp,Pillows-Robert De Niro,shadow
43,711,5, 1 ,F_Image_47.bmp-S_Lure_129.bmp,Whoopi Goldberg-Petra,stripe
43,712,5, 1 ,S_Image_108.bmp-O_Lure_78.bmp,Dover Cliffs-Razor,arrow
43,713,5, 1 ,O_Image_60.bmp-S_Lure_100.bmp,Flask-Angkor Wat,attack
43,714,5, 1 ,S_Image_98.bmp-O_Lure_93.bmp,Alcatraz-Umbrella,triangle
43,715,5, 1 ,S_Image_116.bmp-F_Lure_3.bmp,Hollywood Sign-Angela Merkel,cloud
43,716,5, 1 ,O_Image_87.bmp-F_Lure_29.bmp,Stapler-Marilyn Monroe,signal
43,717,5, 1 ,S_Image_99.bmp-O_Lure_74.bmp,Alhambra-Mirror,money
43,718,5, 1 ,F_Image_2.bmp-O_Lure_73.bmp,Amy Winehouse-Microscope,tear
43,719,5, 1 ,O_Image_71.bmp-F_Lure_26.bmp,Ladder-Madonna,snow
43,720,5, 1 ,F_Image_33.bmp-S_Lure_135.bmp,Mother Teresa-Sahara Desert,flood
43,721,5, 1 ,O_Image_56.bmp-S_Lure_112.bmp,Broom-Golden Gate Bridge,animal
43,722,5, 1 ,F_Image_46.bmp-S_Lure_124.bmp,Wayne Rooney-Mount Fuji,rust
43,723,5, 1 ,O_Image_50.bmp-S_Lure_110.bmp,Barbecue-Forbidden City,tail
43,724,5, 1 ,O_Image_55.bmp-S_Lure_104.bmp,Binoculars-Brandenburg Gate,crumb
43,725,5, 1 ,S_Image_136.bmp-O_Lure_86.bmp,Sistine Chapel-Soother,tourist
43,726,5, 1 ,F_Image_47.bmp-S_Lure_129.bmp,Whoopi Goldberg-Petra,stripe
43,727,5, 1 ,S_Image_98.bmp-O_Lure_93.bmp,Alcatraz-Umbrella,triangle
43,728,5, 1 ,O_Image_60.bmp-S_Lure_100.bmp,Flask-Angkor Wat,attack
43,729,5, 1 ,F_Image_6.bmp-S_Lure_123.bmp,Brad Pitt-Mount Everest,quake
43,730,5, 1 ,F_Image_7.bmp-S_Lure_132.bmp,Britney Spears-Red Square,orchestra
43,731,5, 1 ,F_Image_15.bmp-S_Lure_144.bmp,Fidel Castro-White House,army
43,732,5, 1 ,O_Image_76.bmp-F_Lure_40.bmp,Pillows-Robert De Niro,shadow
43,733,5, 1 ,O_Image_51.bmp-S_Lure_102.bmp,Basket-Ayers Rock,black
43,734,5, 1 ,S_Image_99.bmp-O_Lure_74.bmp,Alhambra-Mirror,money
43,735,5, 1 ,O_Image_91.bmp-S_Lure_111.bmp,Torch-Gizeh Pyramids,menu
43,736,5, 1 ,O_Image_89.bmp-S_Lure_119.bmp,Teddybear-Louvre,marble
43,737,5, 1 ,S_Image_142.bmp-O_Lure_79.bmp,Tower Bridge-Remote Control,alcohol
43,738,5, 1 ,O_Image_62.bmp-S_Lure_106.bmp,FryingPan-Christ The Redeemer,costume
43,739,5, 1 ,F_Image_48.bmp-O_Lure_65.bmp,Will Smith-GrandPiano,hostage
43,740,5, 1 ,O_Image_51.bmp-S_Lure_102.bmp,Basket-Ayers Rock,black
43,741,5, 1 ,S_Image_103.bmp-F_Lure_22.bmp,Big Ben-Judi Dench,vegetable
43,742,5, 1 ,F_Image_46.bmp-S_Lure_124.bmp,Wayne Rooney-Mount Fuji,rust
43,743,5, 1 ,S_Image_115.bmp-F_Lure_21.bmp,Hagia Sophia-John Lennon,spike
43,744,5, 1 ,O_Image_55.bmp-S_Lure_104.bmp,Binoculars-Brandenburg Gate,crumb
43,745,5, 1 ,S_Image_109.bmp-F_Lure_10.bmp,Eiffel Tower-Dalai Lama,galaxy
43,746,5, 1 ,O_Image_56.bmp-S_Lure_112.bmp,Broom-Golden Gate Bridge,animal
43,747,5, 1 ,O_Image_94.bmp-F_Lure_28.bmp,Watch-Margaret Thatcher,fire
43,748,5, 1 ,S_Image_125.bmp-F_Lure_23.bmp,Mount Rushmore-Julia Roberts,spray
43,749,5, 1 ,F_Image_2.bmp-O_Lure_73.bmp,Amy Winehouse-Microscope,tear
43,750,5, 1 ,O_Image_94.bmp-F_Lure_28.bmp,Watch-Margaret Thatcher,fire
43,751,5, 1 ,F_Image_15.bmp-S_Lure_144.bmp,Fidel Castro-White House,army
43,752,5, 1 ,O_Image_72.bmp-F_Lure_32.bmp,Lightbulb-Mick Jagger,honeymoon
43,753,5, 1 ,S_Image_109.bmp-F_Lure_10.bmp,Eiffel Tower-Dalai Lama,galaxy
43,754,5, 1 ,S_Image_107.bmp-O_Lure_77.bmp,Colosseum-Radio,wreck
43,755,5, 1 ,S_Image_131.bmp-F_Lure_1.bmp,Rapa Nui-Albert Einstein,measles
43,756,5, 1 ,O_Image_96.bmp-S_Lure_114.bmp,Wineglass-Great Wall,tube
43,757,5, 1 ,O_Image_91.bmp-S_Lure_111.bmp,Torch-Gizeh Pyramids,menu
43,758,5, 1 ,F_Image_39.bmp-O_Lure_68.bmp,Robbie Williams-Hat,corner
43,759,5, 1 ,S_Image_118.bmp-F_Lure_5.bmp,Leaning Tower-Bill Clinton,steam
43,760,5, 1 ,O_Image_88.bmp-F_Lure_43.bmp,Suitcase-Tom Cruise,slope
43,761,5, 1 ,S_Image_142.bmp-O_Lure_79.bmp,Tower Bridge-Remote Control,alcohol
43,762,5, 1 ,O_Image_72.bmp-F_Lure_32.bmp,Lightbulb-Mick Jagger,honeymoon
43,763,5, 1 ,O_Image_59.bmp-S_Lure_117.bmp,Fan-Kings College,harem
43,764,5, 1 ,F_Image_8.bmp-S_Lure_141.bmp,Cameron Diaz-Time Square,board
43,765,5, 1 ,O_Image_57.bmp-F_Lure_44.bmp,Brush-Tom Hanks,magnet
43,766,5, 1 ,S_Image_121.bmp-O_Lure_90.bmp,Mecca-Telephone,antique
43,767,5, 1 ,O_Image_50.bmp-S_Lure_110.bmp,Barbecue-Forbidden City,tail
43,768,5, 1 ,S_Image_116.bmp-F_Lure_3.bmp,Hollywood Sign-Angela Merkel,cloud
43,769,5, 1 ,O_Image_89.bmp-S_Lure_119.bmp,Teddybear-Louvre,marble
43,770,5, 1 ,F_Image_33.bmp-S_Lure_135.bmp,Mother Teresa-Sahara Desert,flood
43,771,5, 1 ,F_Image_2.bmp-O_Lure_73.bmp,Amy Winehouse-Microscope,tear
43,772,5, 1 ,O_Image_60.bmp-S_Lure_100.bmp,Flask-Angkor Wat,attack
43,773,5, 1 ,O_Image_96.bmp-S_Lure_114.bmp,Wineglass-Great Wall,tube
43,774,5, 1 ,F_Image_15.bmp-S_Lure_144.bmp,Fidel Castro-White House,army
43,775,5, 1 ,O_Image_88.bmp-F_Lure_43.bmp,Suitcase-Tom Cruise,slope
43,776,5, 1 ,S_Image_118.bmp-F_Lure_5.bmp,Leaning Tower-Bill Clinton,steam
43,777,5, 1 ,S_Image_142.bmp-O_Lure_79.bmp,Tower Bridge-Remote Control,alcohol
43,778,5, 1 ,S_Image_127.bmp-O_Lure_82.bmp,Niagara Falls-Scissors,wool
43,779,5, 1 ,O_Image_71.bmp-F_Lure_26.bmp,Ladder-Madonna,snow
43,780,5, 1 ,S_Image_99.bmp-O_Lure_74.bmp,Alhambra-Mirror,money
43,781,5, 1 ,O_Image_89.bmp-S_Lure_119.bmp,Teddybear-Louvre,marble
43,782,5, 1 ,O_Image_59.bmp-S_Lure_117.bmp,Fan-Kings College,harem
43,783,5, 1 ,S_Image_139.bmp-F_Lure_9.bmp,Sydney Opera-Charlie Chaplin,laundry
43,784,5, 1 ,S_Image_143.bmp-O_Lure_84.bmp,Versailles-Skirt,corpse
43,785,5, 1 ,S_Image_97.bmp-O_Lure_80.bmp,Akropolis-Rope,alien
43,786,5, 1 ,S_Image_143.bmp-O_Lure_84.bmp,Versailles-Skirt,corpse
43,787,5, 1 ,O_Image_58.bmp-F_Lure_27.bmp,Canoe-Mahadma Gandhi,rock
43,788,5, 1 ,O_Image_62.bmp-S_Lure_106.bmp,FryingPan-Christ The Redeemer,costume
43,789,5, 1 ,S_Image_109.bmp-F_Lure_10.bmp,Eiffel Tower-Dalai Lama,galaxy
43,790,5, 1 ,O_Image_88.bmp-F_Lure_43.bmp,Suitcase-Tom Cruise,slope
43,791,5, 1 ,F_Image_17.bmp-O_Lure_53.bmp,George Clooney-Belt,ghost
43,792,5, 1 ,S_Image_103.bmp-F_Lure_22.bmp,Big Ben-Judi Dench,vegetable
43,793,5, 1 ,O_Image_64.bmp-S_Lure_122.bmp,Goggles-Mont Saint Michel,shell
43,794,5, 1 ,S_Image_109.bmp-F_Lure_10.bmp,Eiffel Tower-Dalai Lama,galaxy
43,795,5, 1 ,O_Image_58.bmp-F_Lure_27.bmp,Canoe-Mahadma Gandhi,rock
43,796,5, 1 ,O_Image_60.bmp-S_Lure_100.bmp,Flask-Angkor Wat,attack
43,797,5, 1 ,F_Image_17.bmp-O_Lure_53.bmp,George Clooney-Belt,ghost
43,798,5, 1 ,F_Image_41.bmp-O_Lure_52.bmp,Rod Steward-Bed,breakfast
43,799,5, 1 ,F_Image_33.bmp-S_Lure_135.bmp,Mother Teresa-Sahara Desert,flood
43,800,5, 1 ,S_Image_116.bmp-F_Lure_3.bmp,Hollywood Sign-Angela Merkel,cloud
43,801,5, 1 ,O_Image_58.bmp-F_Lure_27.bmp,Canoe-Mahadma Gandhi,rock
43,802,5, 1 ,O_Image_91.bmp-S_Lure_111.bmp,Torch-Gizeh Pyramids,menu
43,803,5, 1 ,S_Image_99.bmp-O_Lure_74.bmp,Alhambra-Mirror,money
43,804,5, 1 ,F_Image_39.bmp-O_Lure_68.bmp,Robbie Williams-Hat,corner
43,805,5, 1 ,O_Image_62.bmp-S_Lure_106.bmp,FryingPan-Christ The Redeemer,costume
43,806,5, 1 ,S_Image_103.bmp-F_Lure_22.bmp,Big Ben-Judi Dench,vegetable
43,807,5, 1 ,S_Image_107.bmp-O_Lure_77.bmp,Colosseum-Radio,wreck
43,808,5, 1 ,F_Image_15.bmp-S_Lure_144.bmp,Fidel Castro-White House,army
43,809,5, 1 ,F_Image_7.bmp-S_Lure_132.bmp,Britney Spears-Red Square,orchestra
43,810,5, 1 ,S_Image_130.bmp-F_Lure_11.bmp,Potala Palace-Daniel Radcliffe,paper
43,811,5, 1 ,S_Image_131.bmp-F_Lure_1.bmp,Rapa Nui-Albert Einstein,measles
43,812,5, 1 ,S_Image_108.bmp-O_Lure_78.bmp,Dover Cliffs-Razor,arrow
43,813,5, 1 ,O_Image_72.bmp-F_Lure_32.bmp,Lightbulb-Mick Jagger,honeymoon
43,814,5, 1 ,O_Image_72.bmp-F_Lure_32.bmp,Lightbulb-Mick Jagger,honeymoon
43,815,5, 1 ,S_Image_138.bmp-O_Lure_81.bmp,Stonehenge-Scale,fuel
43,816,5, 1 ,S_Image_118.bmp-F_Lure_5.bmp,Leaning Tower-Bill Clinton,steam
43,817,5, 1 ,F_Image_8.bmp-S_Lure_141.bmp,Cameron Diaz-Time Square,board
43,818,5, 1 ,O_Image_58.bmp-F_Lure_27.bmp,Canoe-Mahadma Gandhi,rock
43,819,5, 1 ,S_Image_125.bmp-F_Lure_23.bmp,Mount Rushmore-Julia Roberts,spray
43,820,5, 1 ,O_Image_56.bmp-S_Lure_112.bmp,Broom-Golden Gate Bridge,animal
43,821,5, 1 ,S_Image_113.bmp-O_Lure_75.bmp,Grand Canyon-Necklace,kiss
43,822,5, 1 ,O_Image_57.bmp-F_Lure_44.bmp,Brush-Tom Hanks,magnet
43,823,5, 1 ,S_Image_125.bmp-F_Lure_23.bmp,Mount Rushmore-Julia Roberts,spray
43,824,5, 1 ,O_Image_83.bmp-F_Lure_35.bmp,Shoe-Nikola Sarkozy,sunshine
43,825,5, 1 ,S_Image_131.bmp-F_Lure_1.bmp,Rapa Nui-Albert Einstein,measles
43,826,5, 1 ,O_Image_87.bmp-F_Lure_29.bmp,Stapler-Marilyn Monroe,signal
43,827,5, 1 ,F_Image_17.bmp-O_Lure_53.bmp,George Clooney-Belt,ghost
43,828,5, 1 ,F_Image_47.bmp-S_Lure_129.bmp,Whoopi Goldberg-Petra,stripe
43,829,5, 1 ,F_Image_41.bmp-O_Lure_52.bmp,Rod Steward-Bed,breakfast
43,830,5, 1 ,F_Image_6.bmp-S_Lure_123.bmp,Brad Pitt-Mount Everest,quake
43,831,5, 1 ,O_Image_55.bmp-S_Lure_104.bmp,Binoculars-Brandenburg Gate,crumb
43,832,5, 1 ,F_Image_48.bmp-O_Lure_65.bmp,Will Smith-GrandPiano,hostage
43,833,5, 1 ,S_Image_130.bmp-F_Lure_11.bmp,Potala Palace-Daniel Radcliffe,paper
43,834,5, 1 ,F_Image_8.bmp-S_Lure_141.bmp,Cameron Diaz-Time Square,board
43,835,5, 1 ,O_Image_94.bmp-F_Lure_28.bmp,Watch-Margaret Thatcher,fire
43,836,5, 1 ,F_Image_2.bmp-O_Lure_73.bmp,Amy Winehouse-Microscope,tear
43,837,5, 1 ,O_Image_71.bmp-F_Lure_26.bmp,Ladder-Madonna,snow
43,838,5, 1 ,F_Image_7.bmp-S_Lure_132.bmp,Britney Spears-Red Square,orchestra
43,839,5, 1 ,S_Image_113.bmp-O_Lure_75.bmp,Grand Canyon-Necklace,kiss
43,840,5, 1 ,F_Image_8.bmp-S_Lure_141.bmp,Cameron Diaz-Time Square,board
43,841,5, 1 ,S_Image_136.bmp-O_Lure_86.bmp,Sistine Chapel-Soother,tourist
43,842,5, 1 ,F_Image_6.bmp-S_Lure_123.bmp,Brad Pitt-Mount Everest,quake
43,843,5, 1 ,S_Image_97.bmp-O_Lure_80.bmp,Akropolis-Rope,alien
43,844,5, 1 ,S_Image_97.bmp-O_Lure_80.bmp,Akropolis-Rope,alien
43,845,5, 1 ,F_Image_18.bmp-S_Lure_128.bmp,Jack Nicholson-Notre Dame,asphalt
43,846,5, 1 ,O_Image_96.bmp-S_Lure_114.bmp,Wineglass-Great Wall,tube
43,847,5, 1 ,S_Image_136.bmp-O_Lure_86.bmp,Sistine Chapel-Soother,tourist
43,848,5, 1 ,S_Image_143.bmp-O_Lure_84.bmp,Versailles-Skirt,corpse
43,849,5, 1 ,F_Image_18.bmp-S_Lure_128.bmp,Jack Nicholson-Notre Dame,asphalt
43,850,5, 1 ,F_Image_41.bmp-O_Lure_52.bmp,Rod Steward-Bed,breakfast
43,851,5, 1 ,S_Image_115.bmp-F_Lure_21.bmp,Hagia Sophia-John Lennon,spike
43,852,5, 1 ,O_Image_71.bmp-F_Lure_26.bmp,Ladder-Madonna,snow
43,853,5, 1 ,S_Image_121.bmp-O_Lure_90.bmp,Mecca-Telephone,antique
43,854,5, 1 ,O_Image_89.bmp-S_Lure_119.bmp,Teddybear-Louvre,marble
43,855,5, 1 ,O_Image_83.bmp-F_Lure_35.bmp,Shoe-Nikola Sarkozy,sunshine
43,856,5, 1 ,O_Image_57.bmp-F_Lure_44.bmp,Brush-Tom Hanks,magnet
43,857,5, 1 ,O_Image_76.bmp-F_Lure_40.bmp,Pillows-Robert De Niro,shadow
43,858,5, 1 ,S_Image_139.bmp-F_Lure_9.bmp,Sydney Opera-Charlie Chaplin,laundry
43,859,5, 1 ,S_Image_138.bmp-O_Lure_81.bmp,Stonehenge-Scale,fuel
43,860,5, 1 ,O_Image_59.bmp-S_Lure_117.bmp,Fan-Kings College,harem
43,861,5, 1 ,O_Image_64.bmp-S_Lure_122.bmp,Goggles-Mont Saint Michel,shell
43,862,5, 1 ,S_Image_108.bmp-O_Lure_78.bmp,Dover Cliffs-Razor,arrow
43,863,5, 1 ,F_Image_18.bmp-S_Lure_128.bmp,Jack Nicholson-Notre Dame,asphalt
43,864,5, 1 ,S_Image_118.bmp-F_Lure_5.bmp,Leaning Tower-Bill Clinton,steam
43,865,5, 1 ,O_Image_76.bmp-F_Lure_40.bmp,Pillows-Robert De Niro,shadow
43,866,5, 1 ,O_Image_55.bmp-S_Lure_104.bmp,Binoculars-Brandenburg Gate,crumb
43,867,5, 1 ,S_Image_107.bmp-O_Lure_77.bmp,Colosseum-Radio,wreck
43,868,5, 1 ,S_Image_121.bmp-O_Lure_90.bmp,Mecca-Telephone,antique
43,869,5, 1 ,S_Image_103.bmp-F_Lure_22.bmp,Big Ben-Judi Dench,vegetable
43,870,5, 1 ,F_Image_39.bmp-O_Lure_68.bmp,Robbie Williams-Hat,corner
43,871,5, 1 ,F_Image_48.bmp-O_Lure_65.bmp,Will Smith-GrandPiano,hostage
43,872,5, 1 ,F_Image_46.bmp-S_Lure_124.bmp,Wayne Rooney-Mount Fuji,rust
43,873,5, 1 ,O_Image_57.bmp-F_Lure_44.bmp,Brush-Tom Hanks,magnet
43,874,5, 1 ,O_Image_50.bmp-S_Lure_110.bmp,Barbecue-Forbidden City,tail
43,875,5, 1 ,O_Image_83.bmp-F_Lure_35.bmp,Shoe-Nikola Sarkozy,sunshine
43,876,5, 1 ,S_Image_139.bmp-F_Lure_9.bmp,Sydney Opera-Charlie Chaplin,laundry
43,877,5, 1 ,S_Image_127.bmp-O_Lure_82.bmp,Niagara Falls-Scissors,wool
43,878,5, 1 ,O_Image_83.bmp-F_Lure_35.bmp,Shoe-Nikola Sarkozy,sunshine
43,879,5, 1 ,F_Image_33.bmp-S_Lure_135.bmp,Mother Teresa-Sahara Desert,flood
43,880,5, 1 ,S_Image_142.bmp-O_Lure_79.bmp,Tower Bridge-Remote Control,alcohol
43,881,5, 1 ,O_Image_56.bmp-S_Lure_112.bmp,Broom-Golden Gate Bridge,animal
43,882,5, 1 ,S_Image_113.bmp-O_Lure_75.bmp,Grand Canyon-Necklace,kiss
43,883,5, 1 ,S_Image_116.bmp-F_Lure_3.bmp,Hollywood Sign-Angela Merkel,cloud
43,884,5, 1 ,S_Image_107.bmp-O_Lure_77.bmp,Colosseum-Radio,wreck
43,885,5, 1 ,S_Image_130.bmp-F_Lure_11.bmp,Potala Palace-Daniel Radcliffe,paper
43,886,5, 1 ,F_Image_17.bmp-O_Lure_53.bmp,George Clooney-Belt,ghost
43,887,5, 1 ,O_Image_51.bmp-S_Lure_102.bmp,Basket-Ayers Rock,black
43,888,5, 1 ,O_Image_64.bmp-S_Lure_122.bmp,Goggles-Mont Saint Michel,shell
43,889,5, 1 ,S_Image_131.bmp-F_Lure_1.bmp,Rapa Nui-Albert Einstein,measles
43,890,5, 1 ,S_Image_98.bmp-O_Lure_93.bmp,Alcatraz-Umbrella,triangle
43,891,5, 1 ,F_Image_7.bmp-S_Lure_132.bmp,Britney Spears-Red Square,orchestra
43,892,5, 1 ,S_Image_121.bmp-O_Lure_90.bmp,Mecca-Telephone,antique
43,893,5, 1 ,S_Image_130.bmp-F_Lure_11.bmp,Potala Palace-Daniel Radcliffe,paper
43,894,5, 1 ,O_Image_87.bmp-F_Lure_29.bmp,Stapler-Marilyn Monroe,signal
43,895,5, 1 ,O_Image_94.bmp-F_Lure_28.bmp,Watch-Margaret Thatcher,fire
43,896,5, 1 ,F_Image_18.bmp-S_Lure_128.bmp,Jack Nicholson-Notre Dame,asphalt
43,897,5, 1 ,S_Image_113.bmp-O_Lure_75.bmp,Grand Canyon-Necklace,kiss
43,898,5, 1 ,S_Image_139.bmp-F_Lure_9.bmp,Sydney Opera-Charlie Chaplin,laundry
43,899,5, 1 ,S_Image_127.bmp-O_Lure_82.bmp,Niagara Falls-Scissors,wool
43,900,5, 1 ,O_Image_51.bmp-S_Lure_102.bmp,Basket-Ayers Rock,black
43,901,5, 1 ,F_Image_47.bmp-S_Lure_129.bmp,Whoopi Goldberg-Petra,stripe
43,902,5, 1 ,S_Image_98.bmp-O_Lure_93.bmp,Alcatraz-Umbrella,triangle
43,903,5, 1 ,O_Image_64.bmp-S_Lure_122.bmp,Goggles-Mont Saint Michel,shell
43,904,5, 1 ,F_Image_41.bmp-O_Lure_52.bmp,Rod Steward-Bed,breakfast
43,905,5, 1 ,O_Image_96.bmp-S_Lure_114.bmp,Wineglass-Great Wall,tube
43,906,5, 1 ,S_Image_125.bmp-F_Lure_23.bmp,Mount Rushmore-Julia Roberts,spray
43,907,6,1,O_Image_79.bmp-O_Lure_79.bmp,Remote Control,alcohol
43,908,6,1,F_Image_20.bmp-F_Lure_20.bmp,Jennifer Lopez,arch
43,909,6,1,S_Image_112.bmp-S_Lure_112.bmp,Golden Gate Bridge,animal
43,910,6,1,S_Image_134.bmp-S_Lure_134.bmp,Sagrada Familia,bubble
43,911,6,1,S_Image_135.bmp-S_Lure_135.bmp,Sahara Desert,flood
43,912,6,1,S_Image_137.bmp-S_Lure_137.bmp,Statue Of Liberty,hurricane
43,913,6,1,F_Image_10.bmp-F_Lure_10.bmp,Dalai Lama,galaxy
43,914,6,1,O_Image_53.bmp-O_Lure_53.bmp,Belt,ghost
43,915,6,1,S_Image_120.bmp-S_Lure_120.bmp,Machu Picchu,sand
43,916,6,1,F_Image_43.bmp-F_Lure_43.bmp,Tom Cruise,slope
43,917,6,1,S_Image_129.bmp-S_Lure_129.bmp,Petra,stripe
43,918,6,1,F_Image_13.bmp-F_Lure_13.bmp,Elton John,sweat
43,919,6,1,S_Image_119.bmp-S_Lure_119.bmp,Louvre,marble
43,920,6,1,O_Image_77.bmp-O_Lure_77.bmp,Radio,wreck
43,921,6,1,O_Image_81.bmp-O_Lure_81.bmp,Scale,fuel
43,922,6,1,F_Image_22.bmp-F_Lure_22.bmp,Judi Dench,vegetable
43,923,6,1,F_Image_27.bmp-F_Lure_27.bmp,Mahadma Gandhi,rock
43,924,6,1,F_Image_37.bmp-F_Lure_37.bmp,Pierce Brosnan,wound
43,925,6,1,F_Image_5.bmp-F_Lure_5.bmp,Bill Clinton,steam
43,926,6,1,S_Image_110.bmp-S_Lure_110.bmp,Forbidden City,tail
43,927,6,1,F_Image_40.bmp-F_Lure_40.bmp,Robert De Niro,shadow
43,928,6,1,F_Image_28.bmp-F_Lure_28.bmp,Margaret Thatcher,fire
43,929,6,1,S_Image_141.bmp-S_Lure_141.bmp,Time Square,board
43,930,6,1,O_Image_86.bmp-O_Lure_86.bmp,Soother,tourist
43,931,6,1,F_Image_38.bmp-F_Lure_38.bmp,Queen Elisabeth,witch
43,932,6,1,F_Image_32.bmp-F_Lure_32.bmp,Mick Jagger,honeymoon
43,933,6,1,S_Image_100.bmp-S_Lure_100.bmp,Angkor Wat,attack
43,934,6,1,O_Image_93.bmp-O_Lure_93.bmp,Umbrella,triangle
43,935,6,1,F_Image_9.bmp-F_Lure_9.bmp,Charlie Chaplin,laundry
43,936,6,1,O_Image_67.bmp-O_Lure_67.bmp,Hammock,seed
43,937,6,1,S_Image_122.bmp-S_Lure_122.bmp,Mont Saint Michel,shell
43,938,6,1,O_Image_78.bmp-O_Lure_78.bmp,Razor,arrow
43,939,6,1,S_Image_144.bmp-S_Lure_144.bmp,White House,army
43,940,6,1,F_Image_3.bmp-F_Lure_3.bmp,Angela Merkel,cloud
43,941,6,1,O_Image_52.bmp-O_Lure_52.bmp,Bed,breakfast
43,942,6,1,O_Image_70.bmp-O_Lure_70.bmp,Key,lever
43,943,6,1,S_Image_106.bmp-S_Lure_106.bmp,Christ The Redeemer,costume
43,944,6,1,O_Image_66.bmp-O_Lure_66.bmp,Guitar,cone
43,945,6,1,S_Image_140.bmp-S_Lure_140.bmp,Taj Mahal,drizzle
43,946,6,1,O_Image_74.bmp-O_Lure_74.bmp,Mirror,money
43,947,6,1,O_Image_69.bmp-O_Lure_69.bmp,Headphones,yellow
43,948,6,1,S_Image_128.bmp-S_Lure_128.bmp,Notre Dame,asphalt
43,949,6,1,O_Image_82.bmp-O_Lure_82.bmp,Scissors,wool
43,950,6,1,S_Image_123.bmp-S_Lure_123.bmp,Mount Everest,quake
43,951,6,1,F_Image_23.bmp-F_Lure_23.bmp,Julia Roberts,spray
43,952,6,1,F_Image_11.bmp-F_Lure_11.bmp,Daniel Radcliffe,paper
43,953,6,1,F_Image_44.bmp-F_Lure_44.bmp,Tom Hanks,magnet
43,954,6,1,S_Image_126.bmp-S_Lure_126.bmp,Neu schwanstein Castle,angel
43,955,6,1,S_Image_124.bmp-S_Lure_124.bmp,Mount Fuji,rust
43,956,6,1,F_Image_21.bmp-F_Lure_21.bmp,John Lennon,spike
43,957,6,1,O_Image_75.bmp-O_Lure_75.bmp,Necklace,kiss
43,958,6,1,S_Image_114.bmp-S_Lure_114.bmp,Great Wall,tube
43,959,6,1,F_Image_26.bmp-F_Lure_26.bmp,Madonna,snow
43,960,6,1,O_Image_90.bmp-O_Lure_90.bmp,Telephone,antique
43,961,6,1,F_Image_36.bmp-F_Lure_36.bmp,Penelope Cruz,stem
43,962,6,1,O_Image_68.bmp-O_Lure_68.bmp,Hat,corner
43,963,6,1,O_Image_80.bmp-O_Lure_80.bmp,Rope,alien
43,964,6,1,F_Image_35.bmp-F_Lure_35.bmp,Nikola Sarkozy,sunshine
43,965,6,1,F_Image_16.bmp-F_Lure_16.bmp,George Bush,water
43,966,6,1,O_Image_54.bmp-O_Lure_54.bmp,Bicycle,scar
43,967,6,1,F_Image_1.bmp-F_Lure_1.bmp,Albert Einstein,measles
43,968,6,1,F_Image_29.bmp-F_Lure_29.bmp,Marilyn Monroe,signal
43,969,6,1,O_Image_65.bmp-O_Lure_65.bmp,GrandPiano,hostage
43,970,6,1,S_Image_111.bmp-S_Lure_111.bmp,Gizeh Pyramids,menu
43,971,6,1,S_Image_104.bmp-S_Lure_104.bmp,Brandenburg Gate,crumb
43,972,6,1,O_Image_63.bmp-O_Lure_63.bmp,Globe,poison
43,973,6,1,S_Image_117.bmp-S_Lure_117.bmp,Kings College,harem
43,974,6,1,O_Image_49.bmp-O_Lure_49.bmp,Anchor,giant
43,975,6,1,O_Image_84.bmp-O_Lure_84.bmp,Skirt,corpse
43,976,6,1,S_Image_132.bmp-S_Lure_132.bmp,Red Square,orchestra
43,977,6,1,S_Image_102.bmp-S_Lure_102.bmp,Ayers Rock,black
43,978,6,1,O_Image_73.bmp-O_Lure_73.bmp,Microscope,tear
43,979,6,1,O_Image_55.bmp-O_Lure_55.bmp,Binoculars,crumb
43,980,6,1,O_Image_88.bmp-O_Lure_88.bmp,Suitcase,slope
43,981,6,1,O_Image_61.bmp-O_Lure_61.bmp,Football,stem
43,982,6,1,S_Image_113.bmp-S_Lure_113.bmp,Grand Canyon,kiss
43,983,6,1,F_Image_14.bmp-F_Lure_14.bmp,Elvis Presley,lever
43,984,6,1,F_Image_12.bmp-F_Lure_12.bmp,David Beckham,yellow
43,985,6,1,S_Image_97.bmp-S_Lure_97.bmp,Akropolis,alien
43,986,6,1,O_Image_58.bmp-O_Lure_58.bmp,Canoe,rock
43,987,6,1,O_Image_59.bmp-O_Lure_59.bmp,Fan,harem
43,988,6,1,S_Image_142.bmp-S_Lure_142.bmp,Tower Bridge,alcohol
43,989,6,1,F_Image_34.bmp-F_Lure_34.bmp,Nelson Mandela,cone
43,990,6,1,O_Image_62.bmp-O_Lure_62.bmp,FryingPan,costume
43,991,6,1,O_Image_95.bmp-O_Lure_95.bmp,Wheelchair,sand
43,992,6,1,S_Image_131.bmp-S_Lure_131.bmp,Rapa Nui,measles
43,993,6,1,F_Image_46.bmp-F_Lure_46.bmp,Wayne Rooney,rust
43,994,6,1,O_Image_60.bmp-O_Lure_60.bmp,Flask,attack
43,995,6,1,S_Image_105.bmp-S_Lure_105.bmp,Chichen Itza,water
43,996,6,1,O_Image_89.bmp-O_Lure_89.bmp,Teddybear,marble
43,997,6,1,S_Image_143.bmp-S_Lure_143.bmp,Versailles,corpse
43,998,6,1,F_Image_42.bmp-F_Lure_42.bmp,Scarlett Johansson,bubble
43,999,6,1,F_Image_30.bmp-F_Lure_30.bmp,Meryl Streep,seed
43,1000,6,1,F_Image_25.bmp-F_Lure_25.bmp,Leonardo DiCaprio,scar
43,1001,6,1,F_Image_7.bmp-F_Lure_7.bmp,Britney Spears,orchestra
43,1002,6,1,S_Image_136.bmp-S_Lure_136.bmp,Sistine Chapel,tourist
43,1003,6,1,S_Image_138.bmp-S_Lure_138.bmp,Stonehenge,fuel
43,1004,6,1,F_Image_2.bmp-F_Lure_2.bmp,Amy Winehouse,tear
43,1005,6,1,S_Image_109.bmp-S_Lure_109.bmp,Eiffel Tower,galaxy
43,1006,6,1,F_Image_8.bmp-F_Lure_8.bmp,Cameron Diaz,board
43,1007,6,1,F_Image_19.bmp-F_Lure_19.bmp,James Dean,angel
43,1008,6,1,S_Image_108.bmp-S_Lure_108.bmp,Dover Cliffs,arrow
43,1009,6,1,F_Image_18.bmp-F_Lure_18.bmp,Jack Nicholson,asphalt
43,1010,6,1,F_Image_41.bmp-F_Lure_41.bmp,Rod Steward,breakfast
43,1011,6,1,S_Image_116.bmp-S_Lure_116.bmp,Hollywood Sign,cloud
43,1012,6,1,O_Image_57.bmp-O_Lure_57.bmp,Brush,magnet
43,1013,6,1,S_Image_115.bmp-S_Lure_115.bmp,Hagia Sophia,spike
43,1014,6,1,F_Image_39.bmp-F_Lure_39.bmp,Robbie Williams,corner
43,1015,6,1,O_Image_71.bmp-O_Lure_71.bmp,Ladder,snow
43,1016,6,1,S_Image_130.bmp-S_Lure_130.bmp,Potala Palace,paper
43,1017,6,1,O_Image_83.bmp-O_Lure_83.bmp,Shoe,sunshine
43,1018,6,1,F_Image_47.bmp-F_Lure_47.bmp,Whoopi Goldberg,stripe
43,1019,6,1,S_Image_101.bmp-S_Lure_101.bmp,Atomium,arch
43,1020,6,1,S_Image_99.bmp-S_Lure_99.bmp,Alhambra,money
43,1021,6,1,S_Image_139.bmp-S_Lure_139.bmp,Sydney Opera,laundry
43,1022,6,1,O_Image_96.bmp-O_Lure_96.bmp,Wineglass,tube
43,1023,6,1,S_Image_103.bmp-S_Lure_103.bmp,Big Ben,vegetable
43,1024,6,1,F_Image_45.bmp-F_Lure_45.bmp,Tony Blair,drizzle
43,1025,6,1,S_Image_127.bmp-S_Lure_127.bmp,Niagara Falls,wool
43,1026,6,1,F_Image_15.bmp-F_Lure_15.bmp,Fidel Castro,army
43,1027,6,1,O_Image_72.bmp-O_Lure_72.bmp,Lightbulb,honeymoon
43,1028,6,1,O_Image_76.bmp-O_Lure_76.bmp,Pillows,shadow
43,1029,6,1,F_Image_24.bmp-F_Lure_24.bmp,Keanu Reeves,poison
43,1030,6,1,F_Image_31.bmp-F_Lure_31.bmp,Michael Jackson,hurricane
43,1031,6,1,O_Image_92.bmp-O_Lure_92.bmp,Trophy,wound
43,1032,6,1,S_Image_98.bmp-S_Lure_98.bmp,Alcatraz,triangle
43,1033,6,1,F_Image_4.bmp-F_Lure_4.bmp,Barack Obama,giant
43,1034,6,1,O_Image_87.bmp-O_Lure_87.bmp,Stapler,signal
43,1035,6,1,O_Image_64.bmp-O_Lure_64.bmp,Goggles,shell
43,1036,6,1,S_Image_121.bmp-S_Lure_121.bmp,Mecca,antique
43,1037,6,1,S_Image_118.bmp-S_Lure_118.bmp,Leaning Tower,steam
43,1038,6,1,O_Image_51.bmp-O_Lure_51.bmp,Basket,black
43,1039,6,1,S_Image_125.bmp-S_Lure_125.bmp,Mount Rushmore,spray
43,1040,6,1,O_Image_91.bmp-O_Lure_91.bmp,Torch,menu
43,1041,6,1,O_Image_50.bmp-O_Lure_50.bmp,Barbecue,tail
43,1042,6,1,S_Image_133.bmp-S_Lure_133.bmp,Rialto Bridge,sweat
43,1043,6,1,S_Image_107.bmp-S_Lure_107.bmp,Colosseum,wreck
43,1044,6,1,O_Image_94.bmp-O_Lure_94.bmp,Watch,fire
43,1045,6,1,F_Image_6.bmp-F_Lure_6.bmp,Brad Pitt,quake
43,1046,6,1,F_Image_48.bmp-F_Lure_48.bmp,Will Smith,hostage
43,1047,6,1,F_Image_17.bmp-F_Lure_17.bmp,George Clooney,ghost
43,1048,6,1,F_Image_33.bmp-F_Lure_33.bmp,Mother Teresa,flood
43,1049,6,1,O_Image_85.bmp-O_Lure_85.bmp,Sock,witch
43,1050,6,1,O_Image_56.bmp-O_Lure_56.bmp,Broom,animal
