49,Trial,Cond,Block,ImageFiles,Labels,Cues
49,1,1,1,O_Lure_69.bmp,Headphones,NaN
49,2,1,1,O_Lure_74.bmp,Mirror,NaN
49,3,1,1,O_Image_79.bmp,Remote Control,NaN
49,4,1,1,F_Lure_12.bmp,David Beckham,NaN
49,5,1,1,F_Lure_5.bmp,Bill Clinton,NaN
49,6,1,1,O_Image_57.bmp,Brush,NaN
49,7,1,1,O_Image_55.bmp,Binoculars,NaN
49,8,1,1,F_Lure_45.bmp,Tony Blair,NaN
49,9,1,1,O_Image_71.bmp,Ladder,NaN
49,10,1,1,S_Lure_98.bmp,Alcatraz,NaN
49,11,1,1,O_Image_76.bmp,Pillows,NaN
49,12,1,1,F_Lure_18.bmp,Jack Nicholson,NaN
49,13,1,1,F_Image_36.bmp,Penelope Cruz,NaN
49,14,1,1,O_Lure_72.bmp,Lightbulb,NaN
49,15,1,1,F_Image_5.bmp,Bill Clinton,NaN
49,16,1,1,O_Lure_59.bmp,Fan,NaN
49,17,1,1,O_Lure_83.bmp,Shoe,NaN
49,18,1,1,S_Image_143.bmp,Versailles,NaN
49,19,1,1,F_Lure_21.bmp,John Lennon,NaN
49,20,1,1,S_Image_119.bmp,Louvre,NaN
49,21,1,1,F_Lure_38.bmp,Queen Elisabeth,NaN
49,22,1,1,F_Lure_15.bmp,Fidel Castro,NaN
49,23,1,1,O_Image_50.bmp,Barbecue,NaN
49,24,1,1,F_Lure_46.bmp,Wayne Rooney,NaN
49,25,1,1,O_Image_72.bmp,Lightbulb,NaN
49,26,1,1,O_Image_53.bmp,Belt,NaN
49,27,1,1,S_Image_126.bmp,Neu schwanstein Castle,NaN
49,28,1,1,O_Lure_61.bmp,Football,NaN
49,29,1,1,O_Image_90.bmp,Telephone,NaN
49,30,1,1,O_Lure_57.bmp,Brush,NaN
49,31,1,1,S_Image_107.bmp,Colosseum,NaN
49,32,1,1,F_Image_3.bmp,Angela Merkel,NaN
49,33,1,1,O_Image_86.bmp,Soother,NaN
49,34,1,1,S_Image_113.bmp,Grand Canyon,NaN
49,35,1,1,O_Image_65.bmp,GrandPiano,NaN
49,36,1,1,F_Image_17.bmp,George Clooney,NaN
49,37,1,1,F_Lure_39.bmp,Robbie Williams,NaN
49,38,1,1,O_Image_87.bmp,Stapler,NaN
49,39,1,1,O_Image_81.bmp,Scale,NaN
49,40,1,1,F_Image_27.bmp,Mahadma Gandhi,NaN
49,41,1,1,F_Lure_32.bmp,Mick Jagger,NaN
49,42,1,1,O_Lure_51.bmp,Basket,NaN
49,43,1,1,F_Lure_3.bmp,Angela Merkel,NaN
49,44,1,1,S_Lure_97.bmp,Akropolis,NaN
49,45,1,1,O_Lure_88.bmp,Suitcase,NaN
49,46,1,1,S_Image_109.bmp,Eiffel Tower,NaN
49,47,1,1,O_Lure_60.bmp,Flask,NaN
49,48,1,1,O_Image_75.bmp,Necklace,NaN
49,49,1,1,S_Image_138.bmp,Stonehenge,NaN
49,50,1,1,S_Image_108.bmp,Dover Cliffs,NaN
49,51,1,1,F_Image_33.bmp,Mother Teresa,NaN
49,52,1,1,F_Image_34.bmp,Nelson Mandela,NaN
49,53,1,1,F_Lure_16.bmp,George Bush,NaN
49,54,1,1,S_Image_122.bmp,Mont Saint Michel,NaN
49,55,1,1,F_Image_8.bmp,Cameron Diaz,NaN
49,56,1,1,O_Lure_86.bmp,Soother,NaN
49,57,1,1,O_Lure_55.bmp,Binoculars,NaN
49,58,1,1,S_Lure_128.bmp,Notre Dame,NaN
49,59,1,1,O_Image_58.bmp,Canoe,NaN
49,60,1,1,O_Lure_70.bmp,Key,NaN
49,61,1,1,O_Image_93.bmp,Umbrella,NaN
49,62,1,1,O_Lure_68.bmp,Hat,NaN
49,63,1,1,O_Lure_75.bmp,Necklace,NaN
49,64,1,1,O_Lure_53.bmp,Belt,NaN
49,65,1,1,O_Image_56.bmp,Broom,NaN
49,66,1,1,F_Image_39.bmp,Robbie Williams,NaN
49,67,1,1,F_Image_32.bmp,Mick Jagger,NaN
49,68,1,1,S_Image_139.bmp,Sydney Opera,NaN
49,69,1,1,S_Image_135.bmp,Sahara Desert,NaN
49,70,1,1,S_Image_125.bmp,Mount Rushmore,NaN
49,71,1,1,F_Lure_40.bmp,Robert De Niro,NaN
49,72,1,1,O_Image_64.bmp,Goggles,NaN
49,73,1,1,O_Image_80.bmp,Rope,NaN
49,74,1,1,S_Lure_140.bmp,Taj Mahal,NaN
49,75,1,1,F_Lure_41.bmp,Rod Steward,NaN
49,76,1,1,S_Image_141.bmp,Time Square,NaN
49,77,1,1,O_Lure_77.bmp,Radio,NaN
49,78,1,1,O_Lure_54.bmp,Bicycle,NaN
49,79,1,1,F_Lure_23.bmp,Julia Roberts,NaN
49,80,1,1,O_Image_83.bmp,Shoe,NaN
49,81,1,1,F_Lure_47.bmp,Whoopi Goldberg,NaN
49,82,1,1,F_Image_47.bmp,Whoopi Goldberg,NaN
49,83,1,1,S_Image_105.bmp,Chichen Itza,NaN
49,84,1,1,S_Image_133.bmp,Rialto Bridge,NaN
49,85,1,1,O_Lure_79.bmp,Remote Control,NaN
49,86,1,1,F_Lure_24.bmp,Keanu Reeves,NaN
49,87,1,1,S_Image_102.bmp,Ayers Rock,NaN
49,88,1,1,S_Image_118.bmp,Leaning Tower,NaN
49,89,1,1,F_Lure_22.bmp,Judi Dench,NaN
49,90,1,1,S_Lure_139.bmp,Sydney Opera,NaN
49,91,1,1,S_Lure_134.bmp,Sagrada Familia,NaN
49,92,1,1,F_Image_16.bmp,George Bush,NaN
49,93,1,1,O_Image_52.bmp,Bed,NaN
49,94,1,1,O_Image_66.bmp,Guitar,NaN
49,95,1,1,S_Image_104.bmp,Brandenburg Gate,NaN
49,96,1,1,F_Lure_2.bmp,Amy Winehouse,NaN
49,97,1,1,F_Image_42.bmp,Scarlett Johansson,NaN
49,98,1,1,S_Lure_141.bmp,Time Square,NaN
49,99,1,1,O_Image_88.bmp,Suitcase,NaN
49,100,1,1,S_Lure_127.bmp,Niagara Falls,NaN
49,101,1,1,S_Lure_111.bmp,Gizeh Pyramids,NaN
49,102,1,1,O_Image_61.bmp,Football,NaN
49,103,1,1,O_Image_82.bmp,Scissors,NaN
49,104,1,1,S_Image_98.bmp,Alcatraz,NaN
49,105,1,1,O_Image_60.bmp,Flask,NaN
49,106,1,1,S_Lure_112.bmp,Golden Gate Bridge,NaN
49,107,1,1,S_Lure_104.bmp,Brandenburg Gate,NaN
49,108,1,1,F_Lure_35.bmp,Nikola Sarkozy,NaN
49,109,1,1,S_Lure_131.bmp,Rapa Nui,NaN
49,110,1,1,F_Image_40.bmp,Robert De Niro,NaN
49,111,1,1,S_Lure_126.bmp,Neu schwanstein Castle,NaN
49,112,1,1,S_Image_110.bmp,Forbidden City,NaN
49,113,1,1,S_Image_111.bmp,Gizeh Pyramids,NaN
49,114,1,1,O_Lure_65.bmp,GrandPiano,NaN
49,115,1,1,O_Lure_81.bmp,Scale,NaN
49,116,1,1,O_Lure_82.bmp,Scissors,NaN
49,117,1,1,S_Lure_99.bmp,Alhambra,NaN
49,118,1,1,F_Lure_13.bmp,Elton John,NaN
49,119,1,1,S_Image_142.bmp,Tower Bridge,NaN
49,120,1,1,O_Image_89.bmp,Teddybear,NaN
49,121,1,1,S_Lure_142.bmp,Tower Bridge,NaN
49,122,1,1,F_Lure_19.bmp,James Dean,NaN
49,123,1,1,S_Image_130.bmp,Potala Palace,NaN
49,124,1,1,F_Lure_34.bmp,Nelson Mandela,NaN
49,125,1,1,S_Image_131.bmp,Rapa Nui,NaN
49,126,1,1,F_Lure_10.bmp,Dalai Lama,NaN
49,127,1,1,S_Lure_138.bmp,Stonehenge,NaN
49,128,1,1,O_Image_94.bmp,Watch,NaN
49,129,1,1,S_Lure_125.bmp,Mount Rushmore,NaN
49,130,1,1,O_Lure_49.bmp,Anchor,NaN
49,131,1,1,S_Lure_102.bmp,Ayers Rock,NaN
49,132,1,1,F_Image_35.bmp,Nikola Sarkozy,NaN
49,133,1,1,S_Image_132.bmp,Red Square,NaN
49,134,1,1,F_Lure_1.bmp,Albert Einstein,NaN
49,135,1,1,S_Image_124.bmp,Mount Fuji,NaN
49,136,1,1,S_Lure_117.bmp,Kings College,NaN
49,137,1,1,S_Lure_135.bmp,Sahara Desert,NaN
49,138,1,1,F_Image_43.bmp,Tom Cruise,NaN
49,139,1,1,S_Image_128.bmp,Notre Dame,NaN
49,140,1,1,O_Image_68.bmp,Hat,NaN
49,141,1,1,O_Image_73.bmp,Microscope,NaN
49,142,1,1,F_Image_20.bmp,Jennifer Lopez,NaN
49,143,1,1,F_Lure_14.bmp,Elvis Presley,NaN
49,144,1,1,S_Lure_100.bmp,Angkor Wat,NaN
49,145,1,1,F_Lure_4.bmp,Barack Obama,NaN
49,146,1,1,S_Lure_129.bmp,Petra,NaN
49,147,1,1,O_Lure_50.bmp,Barbecue,NaN
49,148,1,1,F_Image_44.bmp,Tom Hanks,NaN
49,149,1,1,F_Image_22.bmp,Judi Dench,NaN
49,150,1,1,F_Image_6.bmp,Brad Pitt,NaN
49,151,1,1,O_Lure_71.bmp,Ladder,NaN
49,152,1,1,O_Lure_90.bmp,Telephone,NaN
49,153,1,1,S_Lure_101.bmp,Atomium,NaN
49,154,1,1,F_Lure_29.bmp,Marilyn Monroe,NaN
49,155,1,1,F_Lure_42.bmp,Scarlett Johansson,NaN
49,156,1,1,S_Lure_123.bmp,Mount Everest,NaN
49,157,1,1,O_Image_96.bmp,Wineglass,NaN
49,158,1,1,S_Image_137.bmp,Statue Of Liberty,NaN
49,159,1,1,S_Lure_114.bmp,Great Wall,NaN
49,160,1,1,F_Image_37.bmp,Pierce Brosnan,NaN
49,161,1,1,O_Image_74.bmp,Mirror,NaN
49,162,1,1,S_Lure_144.bmp,White House,NaN
49,163,1,1,O_Lure_52.bmp,Bed,NaN
49,164,1,1,F_Image_10.bmp,Dalai Lama,NaN
49,165,1,1,O_Lure_95.bmp,Wheelchair,NaN
49,166,1,1,F_Image_12.bmp,David Beckham,NaN
49,167,1,1,O_Lure_78.bmp,Razor,NaN
49,168,1,1,O_Image_95.bmp,Wheelchair,NaN
49,169,1,1,S_Lure_109.bmp,Eiffel Tower,NaN
49,170,1,1,F_Lure_37.bmp,Pierce Brosnan,NaN
49,171,1,1,S_Lure_118.bmp,Leaning Tower,NaN
49,172,1,1,S_Lure_143.bmp,Versailles,NaN
49,173,1,1,F_Image_14.bmp,Elvis Presley,NaN
49,174,1,1,F_Lure_25.bmp,Leonardo DiCaprio,NaN
49,175,1,1,O_Image_54.bmp,Bicycle,NaN
49,176,1,1,F_Lure_20.bmp,Jennifer Lopez,NaN
49,177,1,1,F_Lure_6.bmp,Brad Pitt,NaN
49,178,1,1,F_Image_38.bmp,Queen Elisabeth,NaN
49,179,1,1,O_Image_78.bmp,Razor,NaN
49,180,1,1,O_Lure_56.bmp,Broom,NaN
49,181,1,1,S_Lure_137.bmp,Statue Of Liberty,NaN
49,182,1,1,F_Lure_28.bmp,Margaret Thatcher,NaN
49,183,1,1,F_Image_9.bmp,Charlie Chaplin,NaN
49,184,1,1,S_Image_140.bmp,Taj Mahal,NaN
49,185,1,1,O_Image_77.bmp,Radio,NaN
49,186,1,1,S_Image_115.bmp,Hagia Sophia,NaN
49,187,1,1,F_Lure_26.bmp,Madonna,NaN
49,188,1,1,O_Lure_58.bmp,Canoe,NaN
49,189,1,1,O_Lure_66.bmp,Guitar,NaN
49,190,1,1,F_Lure_36.bmp,Penelope Cruz,NaN
49,191,1,1,O_Image_62.bmp,FryingPan,NaN
49,192,1,1,S_Image_112.bmp,Golden Gate Bridge,NaN
49,193,1,1,F_Lure_27.bmp,Mahadma Gandhi,NaN
49,194,1,1,F_Image_29.bmp,Marilyn Monroe,NaN
49,195,1,1,O_Lure_80.bmp,Rope,NaN
49,196,1,1,S_Image_134.bmp,Sagrada Familia,NaN
49,197,1,1,F_Lure_17.bmp,George Clooney,NaN
49,198,1,1,O_Image_69.bmp,Headphones,NaN
49,199,1,1,S_Lure_108.bmp,Dover Cliffs,NaN
49,200,1,1,O_Image_85.bmp,Sock,NaN
49,201,1,1,O_Lure_89.bmp,Teddybear,NaN
49,202,1,1,F_Lure_8.bmp,Cameron Diaz,NaN
49,203,1,1,F_Image_18.bmp,Jack Nicholson,NaN
49,204,1,1,S_Image_127.bmp,Niagara Falls,NaN
49,205,1,1,F_Image_15.bmp,Fidel Castro,NaN
49,206,1,1,S_Image_106.bmp,Christ The Redeemer,NaN
49,207,1,1,S_Lure_132.bmp,Red Square,NaN
49,208,1,1,S_Image_144.bmp,White House,NaN
49,209,1,1,F_Image_4.bmp,Barack Obama,NaN
49,210,1,1,F_Image_7.bmp,Britney Spears,NaN
49,211,1,1,O_Lure_96.bmp,Wineglass,NaN
49,212,1,1,S_Lure_106.bmp,Christ The Redeemer,NaN
49,213,1,1,S_Lure_116.bmp,Hollywood Sign,NaN
49,214,1,1,O_Lure_67.bmp,Hammock,NaN
49,215,1,1,O_Lure_92.bmp,Trophy,NaN
49,216,1,1,O_Lure_76.bmp,Pillows,NaN
49,217,1,1,O_Lure_93.bmp,Umbrella,NaN
49,218,1,1,S_Image_129.bmp,Petra,NaN
49,219,1,1,F_Lure_33.bmp,Mother Teresa,NaN
49,220,1,1,S_Image_103.bmp,Big Ben,NaN
49,221,1,1,F_Lure_11.bmp,Daniel Radcliffe,NaN
49,222,1,1,S_Lure_107.bmp,Colosseum,NaN
49,223,1,1,S_Lure_115.bmp,Hagia Sophia,NaN
49,224,1,1,S_Lure_130.bmp,Potala Palace,NaN
49,225,1,1,F_Image_28.bmp,Margaret Thatcher,NaN
49,226,1,1,O_Lure_84.bmp,Skirt,NaN
49,227,1,1,F_Image_26.bmp,Madonna,NaN
49,228,1,1,F_Lure_7.bmp,Britney Spears,NaN
49,229,1,1,F_Lure_44.bmp,Tom Hanks,NaN
49,230,1,1,F_Image_23.bmp,Julia Roberts,NaN
49,231,1,1,F_Lure_31.bmp,Michael Jackson,NaN
49,232,1,1,O_Image_67.bmp,Hammock,NaN
49,233,1,1,S_Image_97.bmp,Akropolis,NaN
49,234,1,1,O_Lure_64.bmp,Goggles,NaN
49,235,1,1,F_Lure_48.bmp,Will Smith,NaN
49,236,1,1,S_Image_120.bmp,Machu Picchu,NaN
49,237,1,1,S_Image_136.bmp,Sistine Chapel,NaN
49,238,1,1,S_Image_99.bmp,Alhambra,NaN
49,239,1,1,F_Image_13.bmp,Elton John,NaN
49,240,1,1,F_Image_30.bmp,Meryl Streep,NaN
49,241,1,1,S_Image_121.bmp,Mecca,NaN
49,242,1,1,S_Lure_113.bmp,Grand Canyon,NaN
49,243,1,1,O_Lure_87.bmp,Stapler,NaN
49,244,1,1,O_Image_51.bmp,Basket,NaN
49,245,1,1,S_Image_100.bmp,Angkor Wat,NaN
49,246,1,1,O_Image_84.bmp,Skirt,NaN
49,247,1,1,S_Image_116.bmp,Hollywood Sign,NaN
49,248,1,1,F_Lure_9.bmp,Charlie Chaplin,NaN
49,249,1,1,S_Lure_136.bmp,Sistine Chapel,NaN
49,250,1,1,F_Image_31.bmp,Michael Jackson,NaN
49,251,1,1,F_Image_24.bmp,Keanu Reeves,NaN
49,252,1,1,O_Lure_85.bmp,Sock,NaN
49,253,1,1,O_Lure_63.bmp,Globe,NaN
49,254,1,1,O_Image_92.bmp,Trophy,NaN
49,255,1,1,S_Image_117.bmp,Kings College,NaN
49,256,1,1,O_Image_91.bmp,Torch,NaN
49,257,1,1,F_Image_1.bmp,Albert Einstein,NaN
49,258,1,1,O_Image_70.bmp,Key,NaN
49,259,1,1,O_Lure_94.bmp,Watch,NaN
49,260,1,1,F_Image_2.bmp,Amy Winehouse,NaN
49,261,1,1,O_Image_63.bmp,Globe,NaN
49,262,1,1,F_Image_48.bmp,Will Smith,NaN
49,263,1,1,F_Lure_43.bmp,Tom Cruise,NaN
49,264,1,1,S_Lure_122.bmp,Mont Saint Michel,NaN
49,265,1,1,S_Lure_124.bmp,Mount Fuji,NaN
49,266,1,1,S_Lure_105.bmp,Chichen Itza,NaN
49,267,1,1,F_Image_11.bmp,Daniel Radcliffe,NaN
49,268,1,1,F_Image_46.bmp,Wayne Rooney,NaN
49,269,1,1,S_Lure_121.bmp,Mecca,NaN
49,270,1,1,O_Image_59.bmp,Fan,NaN
49,271,1,1,F_Image_41.bmp,Rod Steward,NaN
49,272,1,1,S_Image_114.bmp,Great Wall,NaN
49,273,1,1,O_Lure_91.bmp,Torch,NaN
49,274,1,1,F_Image_45.bmp,Tony Blair,NaN
49,275,1,1,F_Image_21.bmp,John Lennon,NaN
49,276,1,1,S_Lure_133.bmp,Rialto Bridge,NaN
49,277,1,1,S_Lure_110.bmp,Forbidden City,NaN
49,278,1,1,S_Lure_103.bmp,Big Ben,NaN
49,279,1,1,O_Lure_62.bmp,FryingPan,NaN
49,280,1,1,O_Image_49.bmp,Anchor,NaN
49,281,1,1,F_Image_19.bmp,James Dean,NaN
49,282,1,1,O_Lure_73.bmp,Microscope,NaN
49,283,1,1,S_Image_123.bmp,Mount Everest,NaN
49,284,1,1,S_Image_101.bmp,Atomium,NaN
49,285,1,1,F_Lure_30.bmp,Meryl Streep,NaN
49,286,1,1,S_Lure_119.bmp,Louvre,NaN
49,287,1,1,F_Image_25.bmp,Leonardo DiCaprio,NaN
49,288,1,1,S_Lure_120.bmp,Machu Picchu,NaN
49,289,1.5,1,O_Image_88.bmp,Suitcase,corpse
49,290,1.5,1,S_Image_129.bmp,Petra,signal
49,291,1.5,1,O_Image_96.bmp,Wineglass,giant
49,292,1.5,1,F_Image_21.bmp,John Lennon,magnet
49,293,1.5,1,S_Image_124.bmp,Mount Fuji,bubble
49,294,1.5,1,F_Image_39.bmp,Robbie Williams,rock
49,295,1.5,1,O_Image_84.bmp,Skirt,cone
49,296,1.5,1,O_Image_92.bmp,Trophy,money
49,297,1.5,1,S_Image_115.bmp,Hagia Sophia,lever
49,298,1.5,1,F_Image_22.bmp,Judi Dench,witch
49,299,1.5,1,S_Image_137.bmp,Statue Of Liberty,steam
49,300,1.5,1,F_Image_46.bmp,Wayne Rooney,spike
49,301,1.5,1,O_Image_91.bmp,Torch,sunshine
49,302,1.5,1,S_Image_105.bmp,Chichen Itza,quake
49,303,1.5,1,S_Image_116.bmp,Hollywood Sign,drizzle
49,304,1.5,1,F_Image_34.bmp,Nelson Mandela,attack
49,305,1.5,1,F_Image_8.bmp,Cameron Diaz,ghost
49,306,1.5,1,S_Image_142.bmp,Tower Bridge,scar
49,307,1.5,1,F_Image_18.bmp,Jack Nicholson,shell
49,308,1.5,1,F_Image_28.bmp,Margaret Thatcher,slope
49,309,1.5,1,S_Image_110.bmp,Forbidden City,harem
49,310,1.5,1,O_Image_94.bmp,Watch,antique
49,311,1.5,1,F_Image_43.bmp,Tom Cruise,asphalt
49,312,1.5,1,O_Image_82.bmp,Scissors,alcohol
49,313,2,1,F_Image_22.bmp-F_Lure_22.bmp,Judi Dench,witch
49,314,2,1,S_Image_115.bmp-S_Lure_115.bmp,Hagia Sophia,lever
49,315,2,1,O_Image_94.bmp-O_Lure_94.bmp,Watch,antique
49,316,2,1,F_Image_21.bmp-F_Lure_21.bmp,John Lennon,magnet
49,317,2,1,O_Image_96.bmp-O_Lure_96.bmp,Wineglass,giant
49,318,2,1,S_Image_142.bmp-S_Lure_142.bmp,Tower Bridge,scar
49,319,2,1,S_Image_110.bmp-S_Lure_110.bmp,Forbidden City,harem
49,320,2,1,F_Image_8.bmp-F_Lure_8.bmp,Cameron Diaz,ghost
49,321,2,1,O_Image_92.bmp-O_Lure_92.bmp,Trophy,money
49,322,2,1,F_Image_46.bmp-F_Lure_46.bmp,Wayne Rooney,spike
49,323,2,1,S_Image_137.bmp-S_Lure_137.bmp,Statue Of Liberty,steam
49,324,2,1,F_Image_18.bmp-F_Lure_18.bmp,Jack Nicholson,shell
49,325,2,1,O_Image_91.bmp-O_Lure_91.bmp,Torch,sunshine
49,326,2,1,F_Image_39.bmp-F_Lure_39.bmp,Robbie Williams,rock
49,327,2,1,S_Image_105.bmp-S_Lure_105.bmp,Chichen Itza,quake
49,328,2,1,F_Image_34.bmp-F_Lure_34.bmp,Nelson Mandela,attack
49,329,2,1,F_Image_43.bmp-F_Lure_43.bmp,Tom Cruise,asphalt
49,330,2,1,S_Image_116.bmp-S_Lure_116.bmp,Hollywood Sign,drizzle
49,331,2,1,O_Image_88.bmp-O_Lure_88.bmp,Suitcase,corpse
49,332,2,1,O_Image_84.bmp-O_Lure_84.bmp,Skirt,cone
49,333,2,1,O_Image_82.bmp-O_Lure_82.bmp,Scissors,alcohol
49,334,2,1,S_Image_124.bmp-S_Lure_124.bmp,Mount Fuji,bubble
49,335,2,1,S_Image_129.bmp-S_Lure_129.bmp,Petra,signal
49,336,2,1,F_Image_28.bmp-F_Lure_28.bmp,Margaret Thatcher,slope
49,337,3,1,O_Image_84.bmp-O_Lure_84.bmp,Skirt,cone
49,338,3,1,S_Image_137.bmp-S_Lure_137.bmp,Statue Of Liberty,steam
49,339,3,1,F_Image_46.bmp-F_Lure_46.bmp,Wayne Rooney,spike
49,340,3,1,F_Image_8.bmp-F_Lure_8.bmp,Cameron Diaz,ghost
49,341,3,1,S_Image_115.bmp-S_Lure_115.bmp,Hagia Sophia,lever
49,342,3,1,O_Image_82.bmp-O_Lure_82.bmp,Scissors,alcohol
49,343,3,1,S_Image_110.bmp-S_Lure_110.bmp,Forbidden City,harem
49,344,3,1,F_Image_22.bmp-F_Lure_22.bmp,Judi Dench,witch
49,345,3,1,O_Image_91.bmp-O_Lure_91.bmp,Torch,sunshine
49,346,3,1,S_Image_105.bmp-S_Lure_105.bmp,Chichen Itza,quake
49,347,3,1,S_Image_129.bmp-S_Lure_129.bmp,Petra,signal
49,348,3,1,F_Image_28.bmp-F_Lure_28.bmp,Margaret Thatcher,slope
49,349,3,1,F_Image_43.bmp-F_Lure_43.bmp,Tom Cruise,asphalt
49,350,3,1,F_Image_39.bmp-F_Lure_39.bmp,Robbie Williams,rock
49,351,3,1,F_Image_34.bmp-F_Lure_34.bmp,Nelson Mandela,attack
49,352,3,1,F_Image_18.bmp-F_Lure_18.bmp,Jack Nicholson,shell
49,353,3,1,F_Image_21.bmp-F_Lure_21.bmp,John Lennon,magnet
49,354,3,1,O_Image_94.bmp-O_Lure_94.bmp,Watch,antique
49,355,3,1,O_Image_92.bmp-O_Lure_92.bmp,Trophy,money
49,356,3,1,S_Image_124.bmp-S_Lure_124.bmp,Mount Fuji,bubble
49,357,3,1,S_Image_142.bmp-S_Lure_142.bmp,Tower Bridge,scar
49,358,3,1,S_Image_116.bmp-S_Lure_116.bmp,Hollywood Sign,drizzle
49,359,3,1,O_Image_88.bmp-O_Lure_88.bmp,Suitcase,corpse
49,360,3,1,O_Image_96.bmp-O_Lure_96.bmp,Wineglass,giant
49,361,1.5,2,O_Image_65.bmp,GrandPiano,orchestra
49,362,1.5,2,S_Image_101.bmp,Atomium,measles
49,363,1.5,2,F_Image_6.bmp,Brad Pitt,water
49,364,1.5,2,S_Image_135.bmp,Sahara Desert,shadow
49,365,1.5,2,S_Image_99.bmp,Alhambra,triangle
49,366,1.5,2,O_Image_62.bmp,FryingPan,sand
49,367,1.5,2,O_Image_81.bmp,Scale,tail
49,368,1.5,2,S_Image_138.bmp,Stonehenge,animal
49,369,1.5,2,F_Image_14.bmp,Elvis Presley,paper
49,370,1.5,2,O_Image_72.bmp,Lightbulb,breakfast
49,371,1.5,2,F_Image_20.bmp,Jennifer Lopez,black
49,372,1.5,2,S_Image_141.bmp,Time Square,sweat
49,373,1.5,2,O_Image_60.bmp,Flask,tourist
49,374,1.5,2,O_Image_67.bmp,Hammock,rust
49,375,1.5,2,O_Image_70.bmp,Key,laundry
49,376,1.5,2,O_Image_77.bmp,Radio,flood
49,377,1.5,2,F_Image_36.bmp,Penelope Cruz,galaxy
49,378,1.5,2,S_Image_100.bmp,Angkor Wat,cloud
49,379,1.5,2,S_Image_143.bmp,Versailles,corner
49,380,1.5,2,S_Image_119.bmp,Louvre,wool
49,381,1.5,2,F_Image_29.bmp,Marilyn Monroe,arrow
49,382,1.5,2,F_Image_19.bmp,James Dean,tube
49,383,1.5,2,S_Image_136.bmp,Sistine Chapel,hostage
49,384,1.5,2,F_Image_30.bmp,Meryl Streep,wound
49,385,2,2,O_Image_72.bmp-O_Lure_72.bmp,Lightbulb,breakfast
49,386,2,2,O_Image_77.bmp-O_Lure_77.bmp,Radio,flood
49,387,2,2,O_Image_62.bmp-O_Lure_62.bmp,FryingPan,sand
49,388,2,2,S_Image_100.bmp-S_Lure_100.bmp,Angkor Wat,cloud
49,389,2,2,O_Image_65.bmp-O_Lure_65.bmp,GrandPiano,orchestra
49,390,2,2,F_Image_36.bmp-F_Lure_36.bmp,Penelope Cruz,galaxy
49,391,2,2,S_Image_136.bmp-S_Lure_136.bmp,Sistine Chapel,hostage
49,392,2,2,F_Image_19.bmp-F_Lure_19.bmp,James Dean,tube
49,393,2,2,S_Image_143.bmp-S_Lure_143.bmp,Versailles,corner
49,394,2,2,S_Image_119.bmp-S_Lure_119.bmp,Louvre,wool
49,395,2,2,S_Image_99.bmp-S_Lure_99.bmp,Alhambra,triangle
49,396,2,2,O_Image_67.bmp-O_Lure_67.bmp,Hammock,rust
49,397,2,2,S_Image_135.bmp-S_Lure_135.bmp,Sahara Desert,shadow
49,398,2,2,O_Image_70.bmp-O_Lure_70.bmp,Key,laundry
49,399,2,2,S_Image_101.bmp-S_Lure_101.bmp,Atomium,measles
49,400,2,2,F_Image_14.bmp-F_Lure_14.bmp,Elvis Presley,paper
49,401,2,2,F_Image_30.bmp-F_Lure_30.bmp,Meryl Streep,wound
49,402,2,2,O_Image_60.bmp-O_Lure_60.bmp,Flask,tourist
49,403,2,2,F_Image_6.bmp-F_Lure_6.bmp,Brad Pitt,water
49,404,2,2,S_Image_138.bmp-S_Lure_138.bmp,Stonehenge,animal
49,405,2,2,F_Image_20.bmp-F_Lure_20.bmp,Jennifer Lopez,black
49,406,2,2,F_Image_29.bmp-F_Lure_29.bmp,Marilyn Monroe,arrow
49,407,2,2,S_Image_141.bmp-S_Lure_141.bmp,Time Square,sweat
49,408,2,2,O_Image_81.bmp-O_Lure_81.bmp,Scale,tail
49,409,3,2,S_Image_99.bmp-S_Lure_99.bmp,Alhambra,triangle
49,410,3,2,O_Image_60.bmp-O_Lure_60.bmp,Flask,tourist
49,411,3,2,O_Image_62.bmp-O_Lure_62.bmp,FryingPan,sand
49,412,3,2,F_Image_36.bmp-F_Lure_36.bmp,Penelope Cruz,galaxy
49,413,3,2,S_Image_101.bmp-S_Lure_101.bmp,Atomium,measles
49,414,3,2,O_Image_67.bmp-O_Lure_67.bmp,Hammock,rust
49,415,3,2,O_Image_81.bmp-O_Lure_81.bmp,Scale,tail
49,416,3,2,O_Image_70.bmp-O_Lure_70.bmp,Key,laundry
49,417,3,2,O_Image_77.bmp-O_Lure_77.bmp,Radio,flood
49,418,3,2,S_Image_135.bmp-S_Lure_135.bmp,Sahara Desert,shadow
49,419,3,2,F_Image_14.bmp-F_Lure_14.bmp,Elvis Presley,paper
49,420,3,2,F_Image_20.bmp-F_Lure_20.bmp,Jennifer Lopez,black
49,421,3,2,S_Image_143.bmp-S_Lure_143.bmp,Versailles,corner
49,422,3,2,O_Image_65.bmp-O_Lure_65.bmp,GrandPiano,orchestra
49,423,3,2,F_Image_29.bmp-F_Lure_29.bmp,Marilyn Monroe,arrow
49,424,3,2,F_Image_6.bmp-F_Lure_6.bmp,Brad Pitt,water
49,425,3,2,F_Image_19.bmp-F_Lure_19.bmp,James Dean,tube
49,426,3,2,F_Image_30.bmp-F_Lure_30.bmp,Meryl Streep,wound
49,427,3,2,S_Image_138.bmp-S_Lure_138.bmp,Stonehenge,animal
49,428,3,2,S_Image_141.bmp-S_Lure_141.bmp,Time Square,sweat
49,429,3,2,S_Image_136.bmp-S_Lure_136.bmp,Sistine Chapel,hostage
49,430,3,2,S_Image_119.bmp-S_Lure_119.bmp,Louvre,wool
49,431,3,2,S_Image_100.bmp-S_Lure_100.bmp,Angkor Wat,cloud
49,432,3,2,O_Image_72.bmp-O_Lure_72.bmp,Lightbulb,breakfast
49,433,1.5,3,F_Image_45.bmp,Tony Blair,marble
49,434,1.5,3,S_Image_140.bmp,Taj Mahal,wreck
49,435,1.5,3,O_Image_95.bmp,Wheelchair,seed
49,436,1.5,3,S_Image_123.bmp,Mount Everest,arch
49,437,1.5,3,O_Image_69.bmp,Headphones,crumb
49,438,1.5,3,O_Image_74.bmp,Mirror,fire
49,439,1.5,3,O_Image_75.bmp,Necklace,kiss
49,440,1.5,3,S_Image_108.bmp,Dover Cliffs,vegetable
49,441,1.5,3,O_Image_78.bmp,Razor,tear
49,442,1.5,3,F_Image_3.bmp,Angela Merkel,hurricane
49,443,1.5,3,F_Image_44.bmp,Tom Hanks,poison
49,444,1.5,3,F_Image_25.bmp,Leonardo DiCaprio,army
49,445,1.5,3,F_Image_23.bmp,Julia Roberts,menu
49,446,1.5,3,S_Image_128.bmp,Notre Dame,spray
49,447,1.5,3,O_Image_76.bmp,Pillows,yellow
49,448,1.5,3,F_Image_7.bmp,Britney Spears,angel
49,449,1.5,3,F_Image_16.bmp,George Bush,snow
49,450,1.5,3,S_Image_114.bmp,Great Wall,stem
49,451,1.5,3,O_Image_53.bmp,Belt,alien
49,452,1.5,3,S_Image_103.bmp,Big Ben,stripe
49,453,1.5,3,O_Image_63.bmp,Globe,costume
49,454,1.5,3,S_Image_104.bmp,Brandenburg Gate,board
49,455,1.5,3,O_Image_80.bmp,Rope,honeymoon
49,456,1.5,3,F_Image_41.bmp,Rod Steward,fuel
49,457,2,3,O_Image_53.bmp-O_Lure_53.bmp,Belt,alien
49,458,2,3,O_Image_78.bmp-O_Lure_78.bmp,Razor,tear
49,459,2,3,O_Image_80.bmp-O_Lure_80.bmp,Rope,honeymoon
49,460,2,3,O_Image_74.bmp-O_Lure_74.bmp,Mirror,fire
49,461,2,3,S_Image_123.bmp-S_Lure_123.bmp,Mount Everest,arch
49,462,2,3,F_Image_41.bmp-F_Lure_41.bmp,Rod Steward,fuel
49,463,2,3,S_Image_128.bmp-S_Lure_128.bmp,Notre Dame,spray
49,464,2,3,S_Image_140.bmp-S_Lure_140.bmp,Taj Mahal,wreck
49,465,2,3,F_Image_3.bmp-F_Lure_3.bmp,Angela Merkel,hurricane
49,466,2,3,F_Image_45.bmp-F_Lure_45.bmp,Tony Blair,marble
49,467,2,3,S_Image_114.bmp-S_Lure_114.bmp,Great Wall,stem
49,468,2,3,F_Image_25.bmp-F_Lure_25.bmp,Leonardo DiCaprio,army
49,469,2,3,O_Image_95.bmp-O_Lure_95.bmp,Wheelchair,seed
49,470,2,3,O_Image_76.bmp-O_Lure_76.bmp,Pillows,yellow
49,471,2,3,F_Image_7.bmp-F_Lure_7.bmp,Britney Spears,angel
49,472,2,3,F_Image_23.bmp-F_Lure_23.bmp,Julia Roberts,menu
49,473,2,3,F_Image_16.bmp-F_Lure_16.bmp,George Bush,snow
49,474,2,3,S_Image_103.bmp-S_Lure_103.bmp,Big Ben,stripe
49,475,2,3,O_Image_69.bmp-O_Lure_69.bmp,Headphones,crumb
49,476,2,3,S_Image_108.bmp-S_Lure_108.bmp,Dover Cliffs,vegetable
49,477,2,3,O_Image_63.bmp-O_Lure_63.bmp,Globe,costume
49,478,2,3,F_Image_44.bmp-F_Lure_44.bmp,Tom Hanks,poison
49,479,2,3,O_Image_75.bmp-O_Lure_75.bmp,Necklace,kiss
49,480,2,3,S_Image_104.bmp-S_Lure_104.bmp,Brandenburg Gate,board
49,481,3,3,O_Image_63.bmp-O_Lure_63.bmp,Globe,costume
49,482,3,3,O_Image_74.bmp-O_Lure_74.bmp,Mirror,fire
49,483,3,3,F_Image_3.bmp-F_Lure_3.bmp,Angela Merkel,hurricane
49,484,3,3,F_Image_45.bmp-F_Lure_45.bmp,Tony Blair,marble
49,485,3,3,S_Image_123.bmp-S_Lure_123.bmp,Mount Everest,arch
49,486,3,3,O_Image_75.bmp-O_Lure_75.bmp,Necklace,kiss
49,487,3,3,O_Image_53.bmp-O_Lure_53.bmp,Belt,alien
49,488,3,3,S_Image_128.bmp-S_Lure_128.bmp,Notre Dame,spray
49,489,3,3,S_Image_108.bmp-S_Lure_108.bmp,Dover Cliffs,vegetable
49,490,3,3,O_Image_76.bmp-O_Lure_76.bmp,Pillows,yellow
49,491,3,3,F_Image_25.bmp-F_Lure_25.bmp,Leonardo DiCaprio,army
49,492,3,3,O_Image_95.bmp-O_Lure_95.bmp,Wheelchair,seed
49,493,3,3,F_Image_41.bmp-F_Lure_41.bmp,Rod Steward,fuel
49,494,3,3,O_Image_78.bmp-O_Lure_78.bmp,Razor,tear
49,495,3,3,S_Image_140.bmp-S_Lure_140.bmp,Taj Mahal,wreck
49,496,3,3,S_Image_104.bmp-S_Lure_104.bmp,Brandenburg Gate,board
49,497,3,3,F_Image_7.bmp-F_Lure_7.bmp,Britney Spears,angel
49,498,3,3,S_Image_103.bmp-S_Lure_103.bmp,Big Ben,stripe
49,499,3,3,F_Image_23.bmp-F_Lure_23.bmp,Julia Roberts,menu
49,500,3,3,S_Image_114.bmp-S_Lure_114.bmp,Great Wall,stem
49,501,3,3,F_Image_16.bmp-F_Lure_16.bmp,George Bush,snow
49,502,3,3,O_Image_80.bmp-O_Lure_80.bmp,Rope,honeymoon
49,503,3,3,F_Image_44.bmp-F_Lure_44.bmp,Tom Hanks,poison
49,504,3,3,O_Image_69.bmp-O_Lure_69.bmp,Headphones,crumb
49,505,3.5,1,O_Image_64.bmp,Goggles,slope
49,506,3.5,1,S_Image_107.bmp,Colosseum,rock
49,507,3.5,1,F_Image_9.bmp,Charlie Chaplin,sunshine
49,508,3.5,1,F_Image_38.bmp,Queen Elisabeth,lever
49,509,3.5,1,F_Image_40.bmp,Robert De Niro,shadow
49,510,3.5,1,O_Image_87.bmp,Stapler,cloud
49,511,3.5,1,S_Image_139.bmp,Sydney Opera,seed
49,512,3.5,1,F_Image_13.bmp,Elton John,fire
49,513,3.5,1,F_Image_33.bmp,Mother Teresa,scar
49,514,3.5,1,F_Image_37.bmp,Pierce Brosnan,wreck
49,515,3.5,1,S_Image_132.bmp,Red Square,yellow
49,516,3.5,1,S_Image_130.bmp,Potala Palace,giant
49,517,3.5,1,S_Image_131.bmp,Rapa Nui,breakfast
49,518,3.5,1,S_Image_97.bmp,Akropolis,shell
49,519,3.5,1,S_Image_98.bmp,Alcatraz,army
49,520,3.5,1,S_Image_120.bmp,Machu Picchu,fuel
49,521,3.5,1,F_Image_11.bmp,Daniel Radcliffe,alcohol
49,522,3.5,1,O_Image_56.bmp,Broom,ghost
49,523,3.5,1,O_Image_50.bmp,Barbecue,angel
49,524,3.5,1,F_Image_47.bmp,Whoopi Goldberg,hostage
49,525,3.5,1,S_Image_127.bmp,Niagara Falls,orchestra
49,526,3.5,1,O_Image_49.bmp,Anchor,poison
49,527,3.5,1,F_Image_12.bmp,David Beckham,alien
49,528,3.5,1,O_Image_90.bmp,Telephone,quake
49,529,4,1,S_Image_97.bmp-S_Lure_97.bmp,Akropolis,shell
49,530,4,1,O_Image_87.bmp-O_Lure_87.bmp,Stapler,cloud
49,531,4,1,O_Image_50.bmp-O_Lure_50.bmp,Barbecue,angel
49,532,4,1,F_Image_33.bmp-F_Lure_33.bmp,Mother Teresa,scar
49,533,4,1,O_Image_49.bmp-O_Lure_49.bmp,Anchor,poison
49,534,4,1,S_Image_107.bmp-S_Lure_107.bmp,Colosseum,rock
49,535,4,1,F_Image_9.bmp-F_Lure_9.bmp,Charlie Chaplin,sunshine
49,536,4,1,F_Image_47.bmp-F_Lure_47.bmp,Whoopi Goldberg,hostage
49,537,4,1,O_Image_56.bmp-O_Lure_56.bmp,Broom,ghost
49,538,4,1,S_Image_120.bmp-S_Lure_120.bmp,Machu Picchu,fuel
49,539,4,1,S_Image_127.bmp-S_Lure_127.bmp,Niagara Falls,orchestra
49,540,4,1,F_Image_13.bmp-F_Lure_13.bmp,Elton John,fire
49,541,4,1,O_Image_64.bmp-O_Lure_64.bmp,Goggles,slope
49,542,4,1,S_Image_139.bmp-S_Lure_139.bmp,Sydney Opera,seed
49,543,4,1,S_Image_98.bmp-S_Lure_98.bmp,Alcatraz,army
49,544,4,1,F_Image_11.bmp-F_Lure_11.bmp,Daniel Radcliffe,alcohol
49,545,4,1,O_Image_90.bmp-O_Lure_90.bmp,Telephone,quake
49,546,4,1,F_Image_38.bmp-F_Lure_38.bmp,Queen Elisabeth,lever
49,547,4,1,F_Image_37.bmp-F_Lure_37.bmp,Pierce Brosnan,wreck
49,548,4,1,S_Image_130.bmp-S_Lure_130.bmp,Potala Palace,giant
49,549,4,1,S_Image_131.bmp-S_Lure_131.bmp,Rapa Nui,breakfast
49,550,4,1,F_Image_12.bmp-F_Lure_12.bmp,David Beckham,alien
49,551,4,1,F_Image_40.bmp-F_Lure_40.bmp,Robert De Niro,shadow
49,552,4,1,S_Image_132.bmp-S_Lure_132.bmp,Red Square,yellow
49,553,3.5,2,O_Image_68.bmp,Hat,stem
49,554,3.5,2,S_Image_112.bmp,Golden Gate Bridge,wound
49,555,3.5,2,S_Image_144.bmp,White House,corpse
49,556,3.5,2,F_Image_17.bmp,George Clooney,costume
49,557,3.5,2,O_Image_55.bmp,Binoculars,arrow
49,558,3.5,2,F_Image_31.bmp,Michael Jackson,spray
49,559,3.5,2,O_Image_58.bmp,Canoe,attack
49,560,3.5,2,O_Image_52.bmp,Bed,water
49,561,3.5,2,F_Image_5.bmp,Bill Clinton,rust
49,562,3.5,2,F_Image_35.bmp,Nikola Sarkozy,sweat
49,563,3.5,2,F_Image_4.bmp,Barack Obama,kiss
49,564,3.5,2,O_Image_83.bmp,Shoe,measles
49,565,3.5,2,O_Image_66.bmp,Guitar,board
49,566,3.5,2,O_Image_79.bmp,Remote Control,bubble
49,567,3.5,2,O_Image_59.bmp,Fan,hurricane
49,568,3.5,2,O_Image_93.bmp,Umbrella,stripe
49,569,3.5,2,F_Image_2.bmp,Amy Winehouse,tail
49,570,3.5,2,S_Image_122.bmp,Mont Saint Michel,flood
49,571,3.5,2,O_Image_89.bmp,Teddybear,steam
49,572,3.5,2,S_Image_125.bmp,Mount Rushmore,tear
49,573,3.5,2,O_Image_73.bmp,Microscope,harem
49,574,3.5,2,S_Image_126.bmp,Neu schwanstein Castle,antique
49,575,3.5,2,O_Image_86.bmp,Soother,signal
49,576,3.5,2,S_Image_102.bmp,Ayers Rock,marble
49,577,4,2,O_Image_55.bmp-O_Lure_55.bmp,Binoculars,arrow
49,578,4,2,S_Image_102.bmp-S_Lure_102.bmp,Ayers Rock,marble
49,579,4,2,O_Image_68.bmp-O_Lure_68.bmp,Hat,stem
49,580,4,2,O_Image_86.bmp-O_Lure_86.bmp,Soother,signal
49,581,4,2,F_Image_31.bmp-F_Lure_31.bmp,Michael Jackson,spray
49,582,4,2,O_Image_66.bmp-O_Lure_66.bmp,Guitar,board
49,583,4,2,S_Image_112.bmp-S_Lure_112.bmp,Golden Gate Bridge,wound
49,584,4,2,S_Image_126.bmp-S_Lure_126.bmp,Neu schwanstein Castle,antique
49,585,4,2,F_Image_17.bmp-F_Lure_17.bmp,George Clooney,costume
49,586,4,2,O_Image_93.bmp-O_Lure_93.bmp,Umbrella,stripe
49,587,4,2,O_Image_73.bmp-O_Lure_73.bmp,Microscope,harem
49,588,4,2,F_Image_2.bmp-F_Lure_2.bmp,Amy Winehouse,tail
49,589,4,2,S_Image_144.bmp-S_Lure_144.bmp,White House,corpse
49,590,4,2,O_Image_58.bmp-O_Lure_58.bmp,Canoe,attack
49,591,4,2,O_Image_59.bmp-O_Lure_59.bmp,Fan,hurricane
49,592,4,2,F_Image_4.bmp-F_Lure_4.bmp,Barack Obama,kiss
49,593,4,2,O_Image_52.bmp-O_Lure_52.bmp,Bed,water
49,594,4,2,O_Image_79.bmp-O_Lure_79.bmp,Remote Control,bubble
49,595,4,2,F_Image_35.bmp-F_Lure_35.bmp,Nikola Sarkozy,sweat
49,596,4,2,F_Image_5.bmp-F_Lure_5.bmp,Bill Clinton,rust
49,597,4,2,S_Image_122.bmp-S_Lure_122.bmp,Mont Saint Michel,flood
49,598,4,2,O_Image_83.bmp-O_Lure_83.bmp,Shoe,measles
49,599,4,2,O_Image_89.bmp-O_Lure_89.bmp,Teddybear,steam
49,600,4,2,S_Image_125.bmp-S_Lure_125.bmp,Mount Rushmore,tear
49,601,3.5,3,F_Image_42.bmp,Scarlett Johansson,drizzle
49,602,3.5,3,S_Image_109.bmp,Eiffel Tower,spike
49,603,3.5,3,O_Image_61.bmp,Football,paper
49,604,3.5,3,S_Image_117.bmp,Kings College,tube
49,605,3.5,3,F_Image_15.bmp,Fidel Castro,honeymoon
49,606,3.5,3,F_Image_24.bmp,Keanu Reeves,money
49,607,3.5,3,S_Image_111.bmp,Gizeh Pyramids,witch
49,608,3.5,3,S_Image_113.bmp,Grand Canyon,snow
49,609,3.5,3,O_Image_51.bmp,Basket,magnet
49,610,3.5,3,S_Image_121.bmp,Mecca,sand
49,611,3.5,3,S_Image_133.bmp,Rialto Bridge,crumb
49,612,3.5,3,F_Image_26.bmp,Madonna,animal
49,613,3.5,3,O_Image_57.bmp,Brush,menu
49,614,3.5,3,O_Image_85.bmp,Sock,wool
49,615,3.5,3,F_Image_10.bmp,Dalai Lama,laundry
49,616,3.5,3,O_Image_71.bmp,Ladder,vegetable
49,617,3.5,3,F_Image_1.bmp,Albert Einstein,cone
49,618,3.5,3,S_Image_134.bmp,Sagrada Familia,tourist
49,619,3.5,3,S_Image_106.bmp,Christ The Redeemer,asphalt
49,620,3.5,3,S_Image_118.bmp,Leaning Tower,galaxy
49,621,3.5,3,O_Image_54.bmp,Bicycle,black
49,622,3.5,3,F_Image_48.bmp,Will Smith,arch
49,623,3.5,3,F_Image_32.bmp,Mick Jagger,triangle
49,624,3.5,3,F_Image_27.bmp,Mahadma Gandhi,corner
49,625,4,3,O_Image_57.bmp-O_Lure_57.bmp,Brush,menu
49,626,4,3,F_Image_48.bmp-F_Lure_48.bmp,Will Smith,arch
49,627,4,3,F_Image_32.bmp-F_Lure_32.bmp,Mick Jagger,triangle
49,628,4,3,O_Image_54.bmp-O_Lure_54.bmp,Bicycle,black
49,629,4,3,S_Image_109.bmp-S_Lure_109.bmp,Eiffel Tower,spike
49,630,4,3,F_Image_10.bmp-F_Lure_10.bmp,Dalai Lama,laundry
49,631,4,3,F_Image_1.bmp-F_Lure_1.bmp,Albert Einstein,cone
49,632,4,3,F_Image_26.bmp-F_Lure_26.bmp,Madonna,animal
49,633,4,3,S_Image_118.bmp-S_Lure_118.bmp,Leaning Tower,galaxy
49,634,4,3,O_Image_71.bmp-O_Lure_71.bmp,Ladder,vegetable
49,635,4,3,F_Image_15.bmp-F_Lure_15.bmp,Fidel Castro,honeymoon
49,636,4,3,O_Image_51.bmp-O_Lure_51.bmp,Basket,magnet
49,637,4,3,F_Image_42.bmp-F_Lure_42.bmp,Scarlett Johansson,drizzle
49,638,4,3,S_Image_117.bmp-S_Lure_117.bmp,Kings College,tube
49,639,4,3,S_Image_133.bmp-S_Lure_133.bmp,Rialto Bridge,crumb
49,640,4,3,O_Image_85.bmp-O_Lure_85.bmp,Sock,wool
49,641,4,3,S_Image_111.bmp-S_Lure_111.bmp,Gizeh Pyramids,witch
49,642,4,3,O_Image_61.bmp-O_Lure_61.bmp,Football,paper
49,643,4,3,S_Image_106.bmp-S_Lure_106.bmp,Christ The Redeemer,asphalt
49,644,4,3,S_Image_134.bmp-S_Lure_134.bmp,Sagrada Familia,tourist
49,645,4,3,S_Image_113.bmp-S_Lure_113.bmp,Grand Canyon,snow
49,646,4,3,S_Image_121.bmp-S_Lure_121.bmp,Mecca,sand
49,647,4,3,F_Image_27.bmp-F_Lure_27.bmp,Mahadma Gandhi,corner
49,648,4,3,F_Image_24.bmp-F_Lure_24.bmp,Keanu Reeves,money
49,649,5, 1 ,O_Image_95.bmp-S_Lure_139.bmp,Wheelchair-Sydney Opera,seed
49,650,5, 1 ,S_Image_100.bmp-O_Lure_87.bmp,Angkor Wat-Stapler,cloud
49,651,5, 1 ,S_Image_137.bmp-O_Lure_89.bmp,Statue Of Liberty-Teddybear,steam
49,652,5, 1 ,S_Image_128.bmp-F_Lure_31.bmp,Notre Dame-Michael Jackson,spray
49,653,5, 1 ,S_Image_105.bmp-O_Lure_90.bmp,Chichen Itza-Telephone,quake
49,654,5, 1 ,O_Image_91.bmp-F_Lure_9.bmp,Torch-Charlie Chaplin,sunshine
49,655,5, 1 ,F_Image_36.bmp-S_Lure_118.bmp,Penelope Cruz-Leaning Tower,galaxy
49,656,5, 1 ,S_Image_115.bmp-F_Lure_38.bmp,Hagia Sophia-Queen Elisabeth,lever
49,657,5, 1 ,F_Image_19.bmp-S_Lure_117.bmp,James Dean-Kings College,tube
49,658,5, 1 ,F_Image_19.bmp-S_Lure_117.bmp,James Dean-Kings College,tube
49,659,5, 1 ,S_Image_135.bmp-F_Lure_40.bmp,Sahara Desert-Robert De Niro,shadow
49,660,5, 1 ,F_Image_21.bmp-O_Lure_51.bmp,John Lennon-Basket,magnet
49,661,5, 1 ,F_Image_3.bmp-O_Lure_59.bmp,Angela Merkel-Fan,hurricane
49,662,5, 1 ,S_Image_114.bmp-O_Lure_68.bmp,Great Wall-Hat,stem
49,663,5, 1 ,S_Image_137.bmp-O_Lure_89.bmp,Statue Of Liberty-Teddybear,steam
49,664,5, 1 ,S_Image_103.bmp-O_Lure_93.bmp,Big Ben-Umbrella,stripe
49,665,5, 1 ,S_Image_135.bmp-F_Lure_40.bmp,Sahara Desert-Robert De Niro,shadow
49,666,5, 1 ,S_Image_104.bmp-O_Lure_66.bmp,Brandenburg Gate-Guitar,board
49,667,5, 1 ,S_Image_115.bmp-F_Lure_38.bmp,Hagia Sophia-Queen Elisabeth,lever
49,668,5, 1 ,F_Image_16.bmp-S_Lure_113.bmp,George Bush-Grand Canyon,snow
49,669,5, 1 ,O_Image_62.bmp-S_Lure_121.bmp,FryingPan-Mecca,sand
49,670,5, 1 ,O_Image_78.bmp-S_Lure_125.bmp,Razor-Mount Rushmore,tear
49,671,5, 1 ,O_Image_62.bmp-S_Lure_121.bmp,FryingPan-Mecca,sand
49,672,5, 1 ,O_Image_78.bmp-S_Lure_125.bmp,Razor-Mount Rushmore,tear
49,673,5, 1 ,S_Image_140.bmp-F_Lure_37.bmp,Taj Mahal-Pierce Brosnan,wreck
49,674,5, 1 ,O_Image_82.bmp-F_Lure_11.bmp,Scissors-Daniel Radcliffe,alcohol
49,675,5, 1 ,S_Image_101.bmp-O_Lure_83.bmp,Atomium-Shoe,measles
49,676,5, 1 ,S_Image_136.bmp-F_Lure_47.bmp,Sistine Chapel-Whoopi Goldberg,hostage
49,677,5, 1 ,S_Image_128.bmp-F_Lure_31.bmp,Notre Dame-Michael Jackson,spray
49,678,5, 1 ,O_Image_80.bmp-F_Lure_15.bmp,Rope-Fidel Castro,honeymoon
49,679,5, 1 ,F_Image_18.bmp-S_Lure_97.bmp,Jack Nicholson-Akropolis,shell
49,680,5, 1 ,F_Image_45.bmp-S_Lure_102.bmp,Tony Blair-Ayers Rock,marble
49,681,5, 1 ,O_Image_94.bmp-S_Lure_126.bmp,Watch-Neu schwanstein Castle,antique
49,682,5, 1 ,F_Image_41.bmp-S_Lure_120.bmp,Rod Steward-Machu Picchu,fuel
49,683,5, 1 ,S_Image_99.bmp-F_Lure_32.bmp,Alhambra-Mick Jagger,triangle
49,684,5, 1 ,F_Image_45.bmp-S_Lure_102.bmp,Tony Blair-Ayers Rock,marble
49,685,5, 1 ,F_Image_8.bmp-O_Lure_56.bmp,Cameron Diaz-Broom,ghost
49,686,5, 1 ,S_Image_114.bmp-O_Lure_68.bmp,Great Wall-Hat,stem
49,687,5, 1 ,O_Image_65.bmp-S_Lure_127.bmp,GrandPiano-Niagara Falls,orchestra
49,688,5, 1 ,F_Image_7.bmp-O_Lure_50.bmp,Britney Spears-Barbecue,angel
49,689,5, 1 ,O_Image_65.bmp-S_Lure_127.bmp,GrandPiano-Niagara Falls,orchestra
49,690,5, 1 ,S_Image_119.bmp-O_Lure_85.bmp,Louvre-Sock,wool
49,691,5, 1 ,S_Image_124.bmp-O_Lure_79.bmp,Mount Fuji-Remote Control,bubble
49,692,5, 1 ,O_Image_72.bmp-S_Lure_131.bmp,Lightbulb-Rapa Nui,breakfast
49,693,5, 1 ,F_Image_21.bmp-O_Lure_51.bmp,John Lennon-Basket,magnet
49,694,5, 1 ,S_Image_129.bmp-O_Lure_86.bmp,Petra-Soother,signal
49,695,5, 1 ,F_Image_21.bmp-O_Lure_51.bmp,John Lennon-Basket,magnet
49,696,5, 1 ,S_Image_119.bmp-O_Lure_85.bmp,Louvre-Sock,wool
49,697,5, 1 ,F_Image_3.bmp-O_Lure_59.bmp,Angela Merkel-Fan,hurricane
49,698,5, 1 ,F_Image_43.bmp-S_Lure_106.bmp,Tom Cruise-Christ The Redeemer,asphalt
49,699,5, 1 ,F_Image_43.bmp-S_Lure_106.bmp,Tom Cruise-Christ The Redeemer,asphalt
49,700,5, 1 ,F_Image_7.bmp-O_Lure_50.bmp,Britney Spears-Barbecue,angel
49,701,5, 1 ,F_Image_19.bmp-S_Lure_117.bmp,James Dean-Kings College,tube
49,702,5, 1 ,O_Image_80.bmp-F_Lure_15.bmp,Rope-Fidel Castro,honeymoon
49,703,5, 1 ,O_Image_70.bmp-F_Lure_10.bmp,Key-Dalai Lama,laundry
49,704,5, 1 ,O_Image_84.bmp-F_Lure_1.bmp,Skirt-Albert Einstein,cone
49,705,5, 1 ,S_Image_110.bmp-O_Lure_73.bmp,Forbidden City-Microscope,harem
49,706,5, 1 ,O_Image_92.bmp-F_Lure_24.bmp,Trophy-Keanu Reeves,money
49,707,5, 1 ,S_Image_124.bmp-O_Lure_79.bmp,Mount Fuji-Remote Control,bubble
49,708,5, 1 ,O_Image_91.bmp-F_Lure_9.bmp,Torch-Charlie Chaplin,sunshine
49,709,5, 1 ,O_Image_82.bmp-F_Lure_11.bmp,Scissors-Daniel Radcliffe,alcohol
49,710,5, 1 ,F_Image_22.bmp-S_Lure_111.bmp,Judi Dench-Gizeh Pyramids,witch
49,711,5, 1 ,F_Image_18.bmp-S_Lure_97.bmp,Jack Nicholson-Akropolis,shell
49,712,5, 1 ,O_Image_80.bmp-F_Lure_15.bmp,Rope-Fidel Castro,honeymoon
49,713,5, 1 ,F_Image_29.bmp-O_Lure_55.bmp,Marilyn Monroe-Binoculars,arrow
49,714,5, 1 ,S_Image_105.bmp-O_Lure_90.bmp,Chichen Itza-Telephone,quake
49,715,5, 1 ,S_Image_100.bmp-O_Lure_87.bmp,Angkor Wat-Stapler,cloud
49,716,5, 1 ,O_Image_92.bmp-F_Lure_24.bmp,Trophy-Keanu Reeves,money
49,717,5, 1 ,S_Image_115.bmp-F_Lure_38.bmp,Hagia Sophia-Queen Elisabeth,lever
49,718,5, 1 ,O_Image_63.bmp-F_Lure_17.bmp,Globe-George Clooney,costume
49,719,5, 1 ,S_Image_110.bmp-O_Lure_73.bmp,Forbidden City-Microscope,harem
49,720,5, 1 ,S_Image_104.bmp-O_Lure_66.bmp,Brandenburg Gate-Guitar,board
49,721,5, 1 ,F_Image_29.bmp-O_Lure_55.bmp,Marilyn Monroe-Binoculars,arrow
49,722,5, 1 ,S_Image_100.bmp-O_Lure_87.bmp,Angkor Wat-Stapler,cloud
49,723,5, 1 ,S_Image_124.bmp-O_Lure_79.bmp,Mount Fuji-Remote Control,bubble
49,724,5, 1 ,F_Image_34.bmp-O_Lure_58.bmp,Nelson Mandela-Canoe,attack
49,725,5, 1 ,F_Image_3.bmp-O_Lure_59.bmp,Angela Merkel-Fan,hurricane
49,726,5, 1 ,F_Image_8.bmp-O_Lure_56.bmp,Cameron Diaz-Broom,ghost
49,727,5, 1 ,F_Image_41.bmp-S_Lure_120.bmp,Rod Steward-Machu Picchu,fuel
49,728,5, 1 ,F_Image_30.bmp-S_Lure_112.bmp,Meryl Streep-Golden Gate Bridge,wound
49,729,5, 1 ,F_Image_29.bmp-O_Lure_55.bmp,Marilyn Monroe-Binoculars,arrow
49,730,5, 1 ,F_Image_21.bmp-O_Lure_51.bmp,John Lennon-Basket,magnet
49,731,5, 1 ,O_Image_96.bmp-S_Lure_130.bmp,Wineglass-Potala Palace,giant
49,732,5, 1 ,S_Image_101.bmp-O_Lure_83.bmp,Atomium-Shoe,measles
49,733,5, 1 ,F_Image_22.bmp-S_Lure_111.bmp,Judi Dench-Gizeh Pyramids,witch
49,734,5, 1 ,O_Image_69.bmp-S_Lure_133.bmp,Headphones-Rialto Bridge,crumb
49,735,5, 1 ,F_Image_3.bmp-O_Lure_59.bmp,Angela Merkel-Fan,hurricane
49,736,5, 1 ,O_Image_95.bmp-S_Lure_139.bmp,Wheelchair-Sydney Opera,seed
49,737,5, 1 ,S_Image_114.bmp-O_Lure_68.bmp,Great Wall-Hat,stem
49,738,5, 1 ,O_Image_94.bmp-S_Lure_126.bmp,Watch-Neu schwanstein Castle,antique
49,739,5, 1 ,O_Image_82.bmp-F_Lure_11.bmp,Scissors-Daniel Radcliffe,alcohol
49,740,5, 1 ,O_Image_78.bmp-S_Lure_125.bmp,Razor-Mount Rushmore,tear
49,741,5, 1 ,F_Image_39.bmp-S_Lure_107.bmp,Robbie Williams-Colosseum,rock
49,742,5, 1 ,F_Image_34.bmp-O_Lure_58.bmp,Nelson Mandela-Canoe,attack
49,743,5, 1 ,O_Image_70.bmp-F_Lure_10.bmp,Key-Dalai Lama,laundry
49,744,5, 1 ,S_Image_110.bmp-O_Lure_73.bmp,Forbidden City-Microscope,harem
49,745,5, 1 ,S_Image_108.bmp-O_Lure_71.bmp,Dover Cliffs-Ladder,vegetable
49,746,5, 1 ,F_Image_30.bmp-S_Lure_112.bmp,Meryl Streep-Golden Gate Bridge,wound
49,747,5, 1 ,O_Image_92.bmp-F_Lure_24.bmp,Trophy-Keanu Reeves,money
49,748,5, 1 ,F_Image_16.bmp-S_Lure_113.bmp,George Bush-Grand Canyon,snow
49,749,5, 1 ,S_Image_142.bmp-F_Lure_33.bmp,Tower Bridge-Mother Teresa,scar
49,750,5, 1 ,F_Image_16.bmp-S_Lure_113.bmp,George Bush-Grand Canyon,snow
49,751,5, 1 ,S_Image_104.bmp-O_Lure_66.bmp,Brandenburg Gate-Guitar,board
49,752,5, 1 ,S_Image_140.bmp-F_Lure_37.bmp,Taj Mahal-Pierce Brosnan,wreck
49,753,5, 1 ,O_Image_65.bmp-S_Lure_127.bmp,GrandPiano-Niagara Falls,orchestra
49,754,5, 1 ,S_Image_104.bmp-O_Lure_66.bmp,Brandenburg Gate-Guitar,board
49,755,5, 1 ,S_Image_116.bmp-F_Lure_42.bmp,Hollywood Sign-Scarlett Johansson,drizzle
49,756,5, 1 ,S_Image_114.bmp-O_Lure_68.bmp,Great Wall-Hat,stem
49,757,5, 1 ,F_Image_44.bmp-O_Lure_49.bmp,Tom Hanks-Anchor,poison
49,758,5, 1 ,F_Image_43.bmp-S_Lure_106.bmp,Tom Cruise-Christ The Redeemer,asphalt
49,759,5, 1 ,O_Image_63.bmp-F_Lure_17.bmp,Globe-George Clooney,costume
49,760,5, 1 ,O_Image_63.bmp-F_Lure_17.bmp,Globe-George Clooney,costume
49,761,5, 1 ,S_Image_142.bmp-F_Lure_33.bmp,Tower Bridge-Mother Teresa,scar
49,762,5, 1 ,O_Image_84.bmp-F_Lure_1.bmp,Skirt-Albert Einstein,cone
49,763,5, 1 ,S_Image_128.bmp-F_Lure_31.bmp,Notre Dame-Michael Jackson,spray
49,764,5, 1 ,O_Image_94.bmp-S_Lure_126.bmp,Watch-Neu schwanstein Castle,antique
49,765,5, 1 ,F_Image_45.bmp-S_Lure_102.bmp,Tony Blair-Ayers Rock,marble
49,766,5, 1 ,O_Image_91.bmp-F_Lure_9.bmp,Torch-Charlie Chaplin,sunshine
49,767,5, 1 ,F_Image_6.bmp-O_Lure_52.bmp,Brad Pitt-Bed,water
49,768,5, 1 ,O_Image_72.bmp-S_Lure_131.bmp,Lightbulb-Rapa Nui,breakfast
49,769,5, 1 ,S_Image_136.bmp-F_Lure_47.bmp,Sistine Chapel-Whoopi Goldberg,hostage
49,770,5, 1 ,S_Image_142.bmp-F_Lure_33.bmp,Tower Bridge-Mother Teresa,scar
49,771,5, 1 ,F_Image_44.bmp-O_Lure_49.bmp,Tom Hanks-Anchor,poison
49,772,5, 1 ,F_Image_6.bmp-O_Lure_52.bmp,Brad Pitt-Bed,water
49,773,5, 1 ,O_Image_94.bmp-S_Lure_126.bmp,Watch-Neu schwanstein Castle,antique
49,774,5, 1 ,O_Image_96.bmp-S_Lure_130.bmp,Wineglass-Potala Palace,giant
49,775,5, 1 ,S_Image_136.bmp-F_Lure_47.bmp,Sistine Chapel-Whoopi Goldberg,hostage
49,776,5, 1 ,S_Image_103.bmp-O_Lure_93.bmp,Big Ben-Umbrella,stripe
49,777,5, 1 ,F_Image_30.bmp-S_Lure_112.bmp,Meryl Streep-Golden Gate Bridge,wound
49,778,5, 1 ,O_Image_82.bmp-F_Lure_11.bmp,Scissors-Daniel Radcliffe,alcohol
49,779,5, 1 ,S_Image_116.bmp-F_Lure_42.bmp,Hollywood Sign-Scarlett Johansson,drizzle
49,780,5, 1 ,F_Image_6.bmp-O_Lure_52.bmp,Brad Pitt-Bed,water
49,781,5, 1 ,O_Image_96.bmp-S_Lure_130.bmp,Wineglass-Potala Palace,giant
49,782,5, 1 ,O_Image_77.bmp-S_Lure_122.bmp,Radio-Mont Saint Michel,flood
49,783,5, 1 ,S_Image_119.bmp-O_Lure_85.bmp,Louvre-Sock,wool
49,784,5, 1 ,S_Image_115.bmp-F_Lure_38.bmp,Hagia Sophia-Queen Elisabeth,lever
49,785,5, 1 ,S_Image_124.bmp-O_Lure_79.bmp,Mount Fuji-Remote Control,bubble
49,786,5, 1 ,S_Image_119.bmp-O_Lure_85.bmp,Louvre-Sock,wool
49,787,5, 1 ,O_Image_70.bmp-F_Lure_10.bmp,Key-Dalai Lama,laundry
49,788,5, 1 ,F_Image_29.bmp-O_Lure_55.bmp,Marilyn Monroe-Binoculars,arrow
49,789,5, 1 ,O_Image_84.bmp-F_Lure_1.bmp,Skirt-Albert Einstein,cone
49,790,5, 1 ,F_Image_7.bmp-O_Lure_50.bmp,Britney Spears-Barbecue,angel
49,791,5, 1 ,S_Image_137.bmp-O_Lure_89.bmp,Statue Of Liberty-Teddybear,steam
49,792,5, 1 ,S_Image_137.bmp-O_Lure_89.bmp,Statue Of Liberty-Teddybear,steam
49,793,5, 1 ,S_Image_136.bmp-F_Lure_47.bmp,Sistine Chapel-Whoopi Goldberg,hostage
49,794,5, 1 ,S_Image_105.bmp-O_Lure_90.bmp,Chichen Itza-Telephone,quake
49,795,5, 1 ,S_Image_101.bmp-O_Lure_83.bmp,Atomium-Shoe,measles
49,796,5, 1 ,F_Image_41.bmp-S_Lure_120.bmp,Rod Steward-Machu Picchu,fuel
49,797,5, 1 ,O_Image_91.bmp-F_Lure_9.bmp,Torch-Charlie Chaplin,sunshine
49,798,5, 1 ,O_Image_65.bmp-S_Lure_127.bmp,GrandPiano-Niagara Falls,orchestra
49,799,5, 1 ,S_Image_128.bmp-F_Lure_31.bmp,Notre Dame-Michael Jackson,spray
49,800,5, 1 ,S_Image_116.bmp-F_Lure_42.bmp,Hollywood Sign-Scarlett Johansson,drizzle
49,801,5, 1 ,F_Image_16.bmp-S_Lure_113.bmp,George Bush-Grand Canyon,snow
49,802,5, 1 ,O_Image_92.bmp-F_Lure_24.bmp,Trophy-Keanu Reeves,money
49,803,5, 1 ,O_Image_77.bmp-S_Lure_122.bmp,Radio-Mont Saint Michel,flood
49,804,5, 1 ,O_Image_69.bmp-S_Lure_133.bmp,Headphones-Rialto Bridge,crumb
49,805,5, 1 ,S_Image_116.bmp-F_Lure_42.bmp,Hollywood Sign-Scarlett Johansson,drizzle
49,806,5, 1 ,O_Image_72.bmp-S_Lure_131.bmp,Lightbulb-Rapa Nui,breakfast
49,807,5, 1 ,S_Image_135.bmp-F_Lure_40.bmp,Sahara Desert-Robert De Niro,shadow
49,808,5, 1 ,F_Image_44.bmp-O_Lure_49.bmp,Tom Hanks-Anchor,poison
49,809,5, 1 ,S_Image_142.bmp-F_Lure_33.bmp,Tower Bridge-Mother Teresa,scar
49,810,5, 1 ,F_Image_44.bmp-O_Lure_49.bmp,Tom Hanks-Anchor,poison
49,811,5, 1 ,F_Image_36.bmp-S_Lure_118.bmp,Penelope Cruz-Leaning Tower,galaxy
49,812,5, 1 ,S_Image_99.bmp-F_Lure_32.bmp,Alhambra-Mick Jagger,triangle
49,813,5, 1 ,F_Image_18.bmp-S_Lure_97.bmp,Jack Nicholson-Akropolis,shell
49,814,5, 1 ,O_Image_69.bmp-S_Lure_133.bmp,Headphones-Rialto Bridge,crumb
49,815,5, 1 ,F_Image_41.bmp-S_Lure_120.bmp,Rod Steward-Machu Picchu,fuel
49,816,5, 1 ,O_Image_77.bmp-S_Lure_122.bmp,Radio-Mont Saint Michel,flood
49,817,5, 1 ,S_Image_101.bmp-O_Lure_83.bmp,Atomium-Shoe,measles
49,818,5, 1 ,F_Image_34.bmp-O_Lure_58.bmp,Nelson Mandela-Canoe,attack
49,819,5, 1 ,F_Image_39.bmp-S_Lure_107.bmp,Robbie Williams-Colosseum,rock
49,820,5, 1 ,S_Image_129.bmp-O_Lure_86.bmp,Petra-Soother,signal
49,821,5, 1 ,O_Image_62.bmp-S_Lure_121.bmp,FryingPan-Mecca,sand
49,822,5, 1 ,F_Image_8.bmp-O_Lure_56.bmp,Cameron Diaz-Broom,ghost
49,823,5, 1 ,F_Image_19.bmp-S_Lure_117.bmp,James Dean-Kings College,tube
49,824,5, 1 ,O_Image_95.bmp-S_Lure_139.bmp,Wheelchair-Sydney Opera,seed
49,825,5, 1 ,F_Image_6.bmp-O_Lure_52.bmp,Brad Pitt-Bed,water
49,826,5, 1 ,S_Image_129.bmp-O_Lure_86.bmp,Petra-Soother,signal
49,827,5, 1 ,S_Image_108.bmp-O_Lure_71.bmp,Dover Cliffs-Ladder,vegetable
49,828,5, 1 ,O_Image_78.bmp-S_Lure_125.bmp,Razor-Mount Rushmore,tear
49,829,5, 1 ,O_Image_84.bmp-F_Lure_1.bmp,Skirt-Albert Einstein,cone
49,830,5, 1 ,S_Image_103.bmp-O_Lure_93.bmp,Big Ben-Umbrella,stripe
49,831,5, 1 ,O_Image_72.bmp-S_Lure_131.bmp,Lightbulb-Rapa Nui,breakfast
49,832,5, 1 ,S_Image_105.bmp-O_Lure_90.bmp,Chichen Itza-Telephone,quake
49,833,5, 1 ,O_Image_80.bmp-F_Lure_15.bmp,Rope-Fidel Castro,honeymoon
49,834,5, 1 ,F_Image_7.bmp-O_Lure_50.bmp,Britney Spears-Barbecue,angel
49,835,5, 1 ,F_Image_45.bmp-S_Lure_102.bmp,Tony Blair-Ayers Rock,marble
49,836,5, 1 ,O_Image_96.bmp-S_Lure_130.bmp,Wineglass-Potala Palace,giant
49,837,5, 1 ,F_Image_22.bmp-S_Lure_111.bmp,Judi Dench-Gizeh Pyramids,witch
49,838,5, 1 ,O_Image_70.bmp-F_Lure_10.bmp,Key-Dalai Lama,laundry
49,839,5, 1 ,F_Image_39.bmp-S_Lure_107.bmp,Robbie Williams-Colosseum,rock
49,840,5, 1 ,F_Image_22.bmp-S_Lure_111.bmp,Judi Dench-Gizeh Pyramids,witch
49,841,5, 1 ,O_Image_77.bmp-S_Lure_122.bmp,Radio-Mont Saint Michel,flood
49,842,5, 1 ,S_Image_135.bmp-F_Lure_40.bmp,Sahara Desert-Robert De Niro,shadow
49,843,5, 1 ,S_Image_99.bmp-F_Lure_32.bmp,Alhambra-Mick Jagger,triangle
49,844,5, 1 ,S_Image_103.bmp-O_Lure_93.bmp,Big Ben-Umbrella,stripe
49,845,5, 1 ,O_Image_95.bmp-S_Lure_139.bmp,Wheelchair-Sydney Opera,seed
49,846,5, 1 ,S_Image_108.bmp-O_Lure_71.bmp,Dover Cliffs-Ladder,vegetable
49,847,5, 1 ,F_Image_30.bmp-S_Lure_112.bmp,Meryl Streep-Golden Gate Bridge,wound
49,848,5, 1 ,S_Image_140.bmp-F_Lure_37.bmp,Taj Mahal-Pierce Brosnan,wreck
49,849,5, 1 ,S_Image_108.bmp-O_Lure_71.bmp,Dover Cliffs-Ladder,vegetable
49,850,5, 1 ,F_Image_8.bmp-O_Lure_56.bmp,Cameron Diaz-Broom,ghost
49,851,5, 1 ,F_Image_36.bmp-S_Lure_118.bmp,Penelope Cruz-Leaning Tower,galaxy
49,852,5, 1 ,S_Image_110.bmp-O_Lure_73.bmp,Forbidden City-Microscope,harem
49,853,5, 1 ,O_Image_69.bmp-S_Lure_133.bmp,Headphones-Rialto Bridge,crumb
49,854,5, 1 ,S_Image_129.bmp-O_Lure_86.bmp,Petra-Soother,signal
49,855,5, 1 ,S_Image_100.bmp-O_Lure_87.bmp,Angkor Wat-Stapler,cloud
49,856,5, 1 ,S_Image_140.bmp-F_Lure_37.bmp,Taj Mahal-Pierce Brosnan,wreck
49,857,5, 1 ,F_Image_34.bmp-O_Lure_58.bmp,Nelson Mandela-Canoe,attack
49,858,5, 1 ,F_Image_43.bmp-S_Lure_106.bmp,Tom Cruise-Christ The Redeemer,asphalt
49,859,5, 1 ,O_Image_62.bmp-S_Lure_121.bmp,FryingPan-Mecca,sand
49,860,5, 1 ,S_Image_99.bmp-F_Lure_32.bmp,Alhambra-Mick Jagger,triangle
49,861,5, 1 ,F_Image_36.bmp-S_Lure_118.bmp,Penelope Cruz-Leaning Tower,galaxy
49,862,5, 1 ,F_Image_39.bmp-S_Lure_107.bmp,Robbie Williams-Colosseum,rock
49,863,5, 1 ,O_Image_63.bmp-F_Lure_17.bmp,Globe-George Clooney,costume
49,864,5, 1 ,F_Image_18.bmp-S_Lure_97.bmp,Jack Nicholson-Akropolis,shell
49,865,6,1,S_Image_121.bmp-S_Lure_121.bmp,Mecca,sand
49,866,6,1,O_Image_54.bmp-O_Lure_54.bmp,Bicycle,black
49,867,6,1,F_Image_32.bmp-F_Lure_32.bmp,Mick Jagger,triangle
49,868,6,1,O_Image_64.bmp-O_Lure_64.bmp,Goggles,slope
49,869,6,1,F_Image_31.bmp-F_Lure_31.bmp,Michael Jackson,spray
49,870,6,1,S_Image_109.bmp-S_Lure_109.bmp,Eiffel Tower,spike
49,871,6,1,F_Image_24.bmp-F_Lure_24.bmp,Keanu Reeves,money
49,872,6,1,O_Image_59.bmp-O_Lure_59.bmp,Fan,hurricane
49,873,6,1,O_Image_50.bmp-O_Lure_50.bmp,Barbecue,angel
49,874,6,1,O_Image_87.bmp-O_Lure_87.bmp,Stapler,cloud
49,875,6,1,F_Image_26.bmp-F_Lure_26.bmp,Madonna,animal
49,876,6,1,F_Image_11.bmp-F_Lure_11.bmp,Daniel Radcliffe,alcohol
49,877,6,1,F_Image_17.bmp-F_Lure_17.bmp,George Clooney,costume
49,878,6,1,S_Image_122.bmp-S_Lure_122.bmp,Mont Saint Michel,flood
49,879,6,1,S_Image_130.bmp-S_Lure_130.bmp,Potala Palace,giant
49,880,6,1,O_Image_55.bmp-O_Lure_55.bmp,Binoculars,arrow
49,881,6,1,S_Image_118.bmp-S_Lure_118.bmp,Leaning Tower,galaxy
49,882,6,1,O_Image_73.bmp-O_Lure_73.bmp,Microscope,harem
49,883,6,1,O_Image_56.bmp-O_Lure_56.bmp,Broom,ghost
49,884,6,1,F_Image_9.bmp-F_Lure_9.bmp,Charlie Chaplin,sunshine
49,885,6,1,O_Image_61.bmp-O_Lure_61.bmp,Football,paper
49,886,6,1,F_Image_2.bmp-F_Lure_2.bmp,Amy Winehouse,tail
49,887,6,1,S_Image_98.bmp-S_Lure_98.bmp,Alcatraz,army
49,888,6,1,F_Image_4.bmp-F_Lure_4.bmp,Barack Obama,kiss
49,889,6,1,O_Image_83.bmp-O_Lure_83.bmp,Shoe,measles
49,890,6,1,F_Image_47.bmp-F_Lure_47.bmp,Whoopi Goldberg,hostage
49,891,6,1,O_Image_52.bmp-O_Lure_52.bmp,Bed,water
49,892,6,1,F_Image_1.bmp-F_Lure_1.bmp,Albert Einstein,cone
49,893,6,1,F_Image_27.bmp-F_Lure_27.bmp,Mahadma Gandhi,corner
49,894,6,1,F_Image_12.bmp-F_Lure_12.bmp,David Beckham,alien
49,895,6,1,O_Image_93.bmp-O_Lure_93.bmp,Umbrella,stripe
49,896,6,1,F_Image_15.bmp-F_Lure_15.bmp,Fidel Castro,honeymoon
49,897,6,1,S_Image_102.bmp-S_Lure_102.bmp,Ayers Rock,marble
49,898,6,1,S_Image_139.bmp-S_Lure_139.bmp,Sydney Opera,seed
49,899,6,1,F_Image_13.bmp-F_Lure_13.bmp,Elton John,fire
49,900,6,1,S_Image_120.bmp-S_Lure_120.bmp,Machu Picchu,fuel
49,901,6,1,S_Image_112.bmp-S_Lure_112.bmp,Golden Gate Bridge,wound
49,902,6,1,F_Image_35.bmp-F_Lure_35.bmp,Nikola Sarkozy,sweat
49,903,6,1,O_Image_68.bmp-O_Lure_68.bmp,Hat,stem
49,904,6,1,S_Image_113.bmp-S_Lure_113.bmp,Grand Canyon,snow
49,905,6,1,O_Image_90.bmp-O_Lure_90.bmp,Telephone,quake
49,906,6,1,S_Image_134.bmp-S_Lure_134.bmp,Sagrada Familia,tourist
49,907,6,1,O_Image_89.bmp-O_Lure_89.bmp,Teddybear,steam
49,908,6,1,F_Image_33.bmp-F_Lure_33.bmp,Mother Teresa,scar
49,909,6,1,O_Image_85.bmp-O_Lure_85.bmp,Sock,wool
49,910,6,1,F_Image_10.bmp-F_Lure_10.bmp,Dalai Lama,laundry
49,911,6,1,S_Image_111.bmp-S_Lure_111.bmp,Gizeh Pyramids,witch
49,912,6,1,O_Image_86.bmp-O_Lure_86.bmp,Soother,signal
49,913,6,1,O_Image_58.bmp-O_Lure_58.bmp,Canoe,attack
49,914,6,1,F_Image_5.bmp-F_Lure_5.bmp,Bill Clinton,rust
49,915,6,1,F_Image_40.bmp-F_Lure_40.bmp,Robert De Niro,shadow
49,916,6,1,S_Image_144.bmp-S_Lure_144.bmp,White House,corpse
49,917,6,1,S_Image_107.bmp-S_Lure_107.bmp,Colosseum,rock
49,918,6,1,O_Image_79.bmp-O_Lure_79.bmp,Remote Control,bubble
49,919,6,1,F_Image_48.bmp-F_Lure_48.bmp,Will Smith,arch
49,920,6,1,F_Image_42.bmp-F_Lure_42.bmp,Scarlett Johansson,drizzle
49,921,6,1,S_Image_127.bmp-S_Lure_127.bmp,Niagara Falls,orchestra
49,922,6,1,O_Image_71.bmp-O_Lure_71.bmp,Ladder,vegetable
49,923,6,1,F_Image_37.bmp-F_Lure_37.bmp,Pierce Brosnan,wreck
49,924,6,1,S_Image_133.bmp-S_Lure_133.bmp,Rialto Bridge,crumb
49,925,6,1,S_Image_132.bmp-S_Lure_132.bmp,Red Square,yellow
49,926,6,1,O_Image_51.bmp-O_Lure_51.bmp,Basket,magnet
49,927,6,1,O_Image_66.bmp-O_Lure_66.bmp,Guitar,board
49,928,6,1,S_Image_131.bmp-S_Lure_131.bmp,Rapa Nui,breakfast
49,929,6,1,S_Image_125.bmp-S_Lure_125.bmp,Mount Rushmore,tear
49,930,6,1,S_Image_97.bmp-S_Lure_97.bmp,Akropolis,shell
49,931,6,1,O_Image_49.bmp-O_Lure_49.bmp,Anchor,poison
49,932,6,1,F_Image_38.bmp-F_Lure_38.bmp,Queen Elisabeth,lever
49,933,6,1,O_Image_57.bmp-O_Lure_57.bmp,Brush,menu
49,934,6,1,S_Image_106.bmp-S_Lure_106.bmp,Christ The Redeemer,asphalt
49,935,6,1,S_Image_126.bmp-S_Lure_126.bmp,Neu schwanstein Castle,antique
49,936,6,1,S_Image_117.bmp-S_Lure_117.bmp,Kings College,tube
49,937,6,1,O_Image_94.bmp-O_Lure_94.bmp,Watch,antique
49,938,6,1,O_Image_92.bmp-O_Lure_92.bmp,Trophy,money
49,939,6,1,F_Image_25.bmp-F_Lure_25.bmp,Leonardo DiCaprio,army
49,940,6,1,F_Image_39.bmp-F_Lure_39.bmp,Robbie Williams,rock
49,941,6,1,S_Image_119.bmp-S_Lure_119.bmp,Louvre,wool
49,942,6,1,O_Image_75.bmp-O_Lure_75.bmp,Necklace,kiss
49,943,6,1,S_Image_101.bmp-S_Lure_101.bmp,Atomium,measles
49,944,6,1,F_Image_21.bmp-F_Lure_21.bmp,John Lennon,magnet
49,945,6,1,O_Image_91.bmp-O_Lure_91.bmp,Torch,sunshine
49,946,6,1,F_Image_30.bmp-F_Lure_30.bmp,Meryl Streep,wound
49,947,6,1,S_Image_108.bmp-S_Lure_108.bmp,Dover Cliffs,vegetable
49,948,6,1,S_Image_100.bmp-S_Lure_100.bmp,Angkor Wat,cloud
49,949,6,1,O_Image_76.bmp-O_Lure_76.bmp,Pillows,yellow
49,950,6,1,F_Image_36.bmp-F_Lure_36.bmp,Penelope Cruz,galaxy
49,951,6,1,F_Image_16.bmp-F_Lure_16.bmp,George Bush,snow
49,952,6,1,S_Image_110.bmp-S_Lure_110.bmp,Forbidden City,harem
49,953,6,1,O_Image_62.bmp-O_Lure_62.bmp,FryingPan,sand
49,954,6,1,S_Image_103.bmp-S_Lure_103.bmp,Big Ben,stripe
49,955,6,1,S_Image_140.bmp-S_Lure_140.bmp,Taj Mahal,wreck
49,956,6,1,S_Image_99.bmp-S_Lure_99.bmp,Alhambra,triangle
49,957,6,1,O_Image_65.bmp-O_Lure_65.bmp,GrandPiano,orchestra
49,958,6,1,F_Image_23.bmp-F_Lure_23.bmp,Julia Roberts,menu
49,959,6,1,S_Image_142.bmp-S_Lure_142.bmp,Tower Bridge,scar
49,960,6,1,O_Image_95.bmp-O_Lure_95.bmp,Wheelchair,seed
49,961,6,1,F_Image_34.bmp-F_Lure_34.bmp,Nelson Mandela,attack
49,962,6,1,F_Image_7.bmp-F_Lure_7.bmp,Britney Spears,angel
49,963,6,1,O_Image_60.bmp-O_Lure_60.bmp,Flask,tourist
49,964,6,1,O_Image_67.bmp-O_Lure_67.bmp,Hammock,rust
49,965,6,1,O_Image_53.bmp-O_Lure_53.bmp,Belt,alien
49,966,6,1,O_Image_96.bmp-O_Lure_96.bmp,Wineglass,giant
49,967,6,1,O_Image_69.bmp-O_Lure_69.bmp,Headphones,crumb
49,968,6,1,F_Image_46.bmp-F_Lure_46.bmp,Wayne Rooney,spike
49,969,6,1,S_Image_138.bmp-S_Lure_138.bmp,Stonehenge,animal
49,970,6,1,F_Image_41.bmp-F_Lure_41.bmp,Rod Steward,fuel
49,971,6,1,F_Image_43.bmp-F_Lure_43.bmp,Tom Cruise,asphalt
49,972,6,1,F_Image_22.bmp-F_Lure_22.bmp,Judi Dench,witch
49,973,6,1,O_Image_77.bmp-O_Lure_77.bmp,Radio,flood
49,974,6,1,F_Image_44.bmp-F_Lure_44.bmp,Tom Hanks,poison
49,975,6,1,S_Image_141.bmp-S_Lure_141.bmp,Time Square,sweat
49,976,6,1,O_Image_78.bmp-O_Lure_78.bmp,Razor,tear
49,977,6,1,O_Image_80.bmp-O_Lure_80.bmp,Rope,honeymoon
49,978,6,1,O_Image_70.bmp-O_Lure_70.bmp,Key,laundry
49,979,6,1,F_Image_45.bmp-F_Lure_45.bmp,Tony Blair,marble
49,980,6,1,F_Image_29.bmp-F_Lure_29.bmp,Marilyn Monroe,arrow
49,981,6,1,F_Image_14.bmp-F_Lure_14.bmp,Elvis Presley,paper
49,982,6,1,O_Image_84.bmp-O_Lure_84.bmp,Skirt,cone
49,983,6,1,S_Image_135.bmp-S_Lure_135.bmp,Sahara Desert,shadow
49,984,6,1,S_Image_105.bmp-S_Lure_105.bmp,Chichen Itza,quake
49,985,6,1,S_Image_124.bmp-S_Lure_124.bmp,Mount Fuji,bubble
49,986,6,1,O_Image_81.bmp-O_Lure_81.bmp,Scale,tail
49,987,6,1,F_Image_19.bmp-F_Lure_19.bmp,James Dean,tube
49,988,6,1,O_Image_63.bmp-O_Lure_63.bmp,Globe,costume
49,989,6,1,F_Image_8.bmp-F_Lure_8.bmp,Cameron Diaz,ghost
49,990,6,1,S_Image_104.bmp-S_Lure_104.bmp,Brandenburg Gate,board
49,991,6,1,S_Image_137.bmp-S_Lure_137.bmp,Statue Of Liberty,steam
49,992,6,1,S_Image_129.bmp-S_Lure_129.bmp,Petra,signal
49,993,6,1,S_Image_123.bmp-S_Lure_123.bmp,Mount Everest,arch
49,994,6,1,O_Image_82.bmp-O_Lure_82.bmp,Scissors,alcohol
49,995,6,1,F_Image_3.bmp-F_Lure_3.bmp,Angela Merkel,hurricane
49,996,6,1,S_Image_143.bmp-S_Lure_143.bmp,Versailles,corner
49,997,6,1,F_Image_20.bmp-F_Lure_20.bmp,Jennifer Lopez,black
49,998,6,1,F_Image_6.bmp-F_Lure_6.bmp,Brad Pitt,water
49,999,6,1,O_Image_88.bmp-O_Lure_88.bmp,Suitcase,corpse
49,1000,6,1,F_Image_28.bmp-F_Lure_28.bmp,Margaret Thatcher,slope
49,1001,6,1,F_Image_18.bmp-F_Lure_18.bmp,Jack Nicholson,shell
49,1002,6,1,S_Image_115.bmp-S_Lure_115.bmp,Hagia Sophia,lever
49,1003,6,1,S_Image_116.bmp-S_Lure_116.bmp,Hollywood Sign,drizzle
49,1004,6,1,S_Image_128.bmp-S_Lure_128.bmp,Notre Dame,spray
49,1005,6,1,S_Image_136.bmp-S_Lure_136.bmp,Sistine Chapel,hostage
49,1006,6,1,S_Image_114.bmp-S_Lure_114.bmp,Great Wall,stem
49,1007,6,1,O_Image_72.bmp-O_Lure_72.bmp,Lightbulb,breakfast
49,1008,6,1,O_Image_74.bmp-O_Lure_74.bmp,Mirror,fire
