17,Trial,Cond,Block,ImageFiles,Labels,Cues
17,1,1,1,F_Lure_12.bmp,David Beckham,NaN
17,2,1,1,O_Lure_60.bmp,Flask,NaN
17,3,1,1,S_Image_103.bmp,Big Ben,NaN
17,4,1,1,S_Image_119.bmp,Louvre,NaN
17,5,1,1,O_Lure_89.bmp,Teddybear,NaN
17,6,1,1,O_Image_71.bmp,Ladder,NaN
17,7,1,1,S_Lure_102.bmp,Ayers Rock,NaN
17,8,1,1,F_Lure_7.bmp,Britney Spears,NaN
17,9,1,1,F_Image_25.bmp,Leonardo DiCaprio,NaN
17,10,1,1,F_Lure_11.bmp,Daniel Radcliffe,NaN
17,11,1,1,F_Lure_1.bmp,Albert Einstein,NaN
17,12,1,1,F_Image_27.bmp,Mahadma Gandhi,NaN
17,13,1,1,F_Lure_29.bmp,Marilyn Monroe,NaN
17,14,1,1,F_Image_44.bmp,Tom Hanks,NaN
17,15,1,1,F_Lure_32.bmp,Mick Jagger,NaN
17,16,1,1,S_Lure_131.bmp,Rapa Nui,NaN
17,17,1,1,O_Image_81.bmp,Scale,NaN
17,18,1,1,F_Lure_19.bmp,James Dean,NaN
17,19,1,1,S_Image_118.bmp,Leaning Tower,NaN
17,20,1,1,F_Lure_47.bmp,Whoopi Goldberg,NaN
17,21,1,1,S_Image_112.bmp,Golden Gate Bridge,NaN
17,22,1,1,O_Lure_94.bmp,Watch,NaN
17,23,1,1,F_Lure_15.bmp,Fidel Castro,NaN
17,24,1,1,O_Image_82.bmp,Scissors,NaN
17,25,1,1,S_Lure_106.bmp,Christ The Redeemer,NaN
17,26,1,1,S_Lure_112.bmp,Golden Gate Bridge,NaN
17,27,1,1,S_Image_126.bmp,Neu schwanstein Castle,NaN
17,28,1,1,F_Image_13.bmp,Elton John,NaN
17,29,1,1,O_Image_74.bmp,Mirror,NaN
17,30,1,1,S_Image_140.bmp,Taj Mahal,NaN
17,31,1,1,O_Lure_67.bmp,Hammock,NaN
17,32,1,1,O_Lure_59.bmp,Fan,NaN
17,33,1,1,F_Image_39.bmp,Robbie Williams,NaN
17,34,1,1,O_Image_85.bmp,Sock,NaN
17,35,1,1,S_Lure_100.bmp,Angkor Wat,NaN
17,36,1,1,S_Lure_127.bmp,Niagara Falls,NaN
17,37,1,1,O_Lure_79.bmp,Remote Control,NaN
17,38,1,1,O_Lure_64.bmp,Goggles,NaN
17,39,1,1,F_Image_38.bmp,Queen Elisabeth,NaN
17,40,1,1,S_Lure_120.bmp,Machu Picchu,NaN
17,41,1,1,S_Lure_124.bmp,Mount Fuji,NaN
17,42,1,1,O_Image_91.bmp,Torch,NaN
17,43,1,1,S_Lure_119.bmp,Louvre,NaN
17,44,1,1,S_Lure_98.bmp,Alcatraz,NaN
17,45,1,1,F_Image_19.bmp,James Dean,NaN
17,46,1,1,F_Lure_39.bmp,Robbie Williams,NaN
17,47,1,1,S_Lure_142.bmp,Tower Bridge,NaN
17,48,1,1,S_Lure_122.bmp,Mont Saint Michel,NaN
17,49,1,1,S_Lure_117.bmp,Kings College,NaN
17,50,1,1,F_Image_30.bmp,Meryl Streep,NaN
17,51,1,1,O_Image_96.bmp,Wineglass,NaN
17,52,1,1,O_Lure_61.bmp,Football,NaN
17,53,1,1,F_Image_23.bmp,Julia Roberts,NaN
17,54,1,1,F_Lure_8.bmp,Cameron Diaz,NaN
17,55,1,1,F_Image_47.bmp,Whoopi Goldberg,NaN
17,56,1,1,F_Lure_14.bmp,Elvis Presley,NaN
17,57,1,1,F_Lure_22.bmp,Judi Dench,NaN
17,58,1,1,S_Image_144.bmp,White House,NaN
17,59,1,1,F_Image_17.bmp,George Clooney,NaN
17,60,1,1,S_Lure_108.bmp,Dover Cliffs,NaN
17,61,1,1,O_Lure_86.bmp,Soother,NaN
17,62,1,1,S_Image_117.bmp,Kings College,NaN
17,63,1,1,F_Lure_24.bmp,Keanu Reeves,NaN
17,64,1,1,S_Image_129.bmp,Petra,NaN
17,65,1,1,S_Image_114.bmp,Great Wall,NaN
17,66,1,1,F_Image_8.bmp,Cameron Diaz,NaN
17,67,1,1,S_Lure_135.bmp,Sahara Desert,NaN
17,68,1,1,F_Image_37.bmp,Pierce Brosnan,NaN
17,69,1,1,O_Image_68.bmp,Hat,NaN
17,70,1,1,S_Lure_110.bmp,Forbidden City,NaN
17,71,1,1,F_Image_14.bmp,Elvis Presley,NaN
17,72,1,1,F_Lure_23.bmp,Julia Roberts,NaN
17,73,1,1,S_Lure_121.bmp,Mecca,NaN
17,74,1,1,S_Image_141.bmp,Time Square,NaN
17,75,1,1,F_Lure_6.bmp,Brad Pitt,NaN
17,76,1,1,O_Lure_56.bmp,Broom,NaN
17,77,1,1,S_Lure_141.bmp,Time Square,NaN
17,78,1,1,F_Lure_46.bmp,Wayne Rooney,NaN
17,79,1,1,S_Image_106.bmp,Christ The Redeemer,NaN
17,80,1,1,O_Image_78.bmp,Razor,NaN
17,81,1,1,F_Lure_3.bmp,Angela Merkel,NaN
17,82,1,1,O_Lure_73.bmp,Microscope,NaN
17,83,1,1,S_Image_133.bmp,Rialto Bridge,NaN
17,84,1,1,O_Image_55.bmp,Binoculars,NaN
17,85,1,1,S_Image_143.bmp,Versailles,NaN
17,86,1,1,F_Lure_43.bmp,Tom Cruise,NaN
17,87,1,1,O_Image_79.bmp,Remote Control,NaN
17,88,1,1,S_Lure_103.bmp,Big Ben,NaN
17,89,1,1,O_Lure_88.bmp,Suitcase,NaN
17,90,1,1,O_Image_66.bmp,Guitar,NaN
17,91,1,1,S_Lure_129.bmp,Petra,NaN
17,92,1,1,F_Image_40.bmp,Robert De Niro,NaN
17,93,1,1,F_Lure_21.bmp,John Lennon,NaN
17,94,1,1,F_Lure_40.bmp,Robert De Niro,NaN
17,95,1,1,F_Lure_38.bmp,Queen Elisabeth,NaN
17,96,1,1,S_Image_107.bmp,Colosseum,NaN
17,97,1,1,S_Lure_126.bmp,Neu schwanstein Castle,NaN
17,98,1,1,O_Image_73.bmp,Microscope,NaN
17,99,1,1,O_Lure_63.bmp,Globe,NaN
17,100,1,1,O_Image_56.bmp,Broom,NaN
17,101,1,1,O_Image_51.bmp,Basket,NaN
17,102,1,1,O_Image_75.bmp,Necklace,NaN
17,103,1,1,F_Lure_41.bmp,Rod Steward,NaN
17,104,1,1,F_Lure_27.bmp,Mahadma Gandhi,NaN
17,105,1,1,F_Lure_48.bmp,Will Smith,NaN
17,106,1,1,S_Lure_115.bmp,Hagia Sophia,NaN
17,107,1,1,F_Image_31.bmp,Michael Jackson,NaN
17,108,1,1,S_Lure_138.bmp,Stonehenge,NaN
17,109,1,1,S_Lure_101.bmp,Atomium,NaN
17,110,1,1,S_Lure_114.bmp,Great Wall,NaN
17,111,1,1,O_Image_88.bmp,Suitcase,NaN
17,112,1,1,S_Lure_144.bmp,White House,NaN
17,113,1,1,O_Image_80.bmp,Rope,NaN
17,114,1,1,S_Image_122.bmp,Mont Saint Michel,NaN
17,115,1,1,S_Lure_105.bmp,Chichen Itza,NaN
17,116,1,1,O_Image_95.bmp,Wheelchair,NaN
17,117,1,1,S_Image_134.bmp,Sagrada Familia,NaN
17,118,1,1,S_Lure_125.bmp,Mount Rushmore,NaN
17,119,1,1,S_Image_132.bmp,Red Square,NaN
17,120,1,1,O_Lure_72.bmp,Lightbulb,NaN
17,121,1,1,S_Image_138.bmp,Stonehenge,NaN
17,122,1,1,S_Image_109.bmp,Eiffel Tower,NaN
17,123,1,1,F_Image_35.bmp,Nikola Sarkozy,NaN
17,124,1,1,S_Lure_128.bmp,Notre Dame,NaN
17,125,1,1,S_Image_102.bmp,Ayers Rock,NaN
17,126,1,1,O_Lure_53.bmp,Belt,NaN
17,127,1,1,F_Image_33.bmp,Mother Teresa,NaN
17,128,1,1,S_Image_110.bmp,Forbidden City,NaN
17,129,1,1,O_Lure_50.bmp,Barbecue,NaN
17,130,1,1,F_Lure_37.bmp,Pierce Brosnan,NaN
17,131,1,1,F_Lure_42.bmp,Scarlett Johansson,NaN
17,132,1,1,O_Lure_71.bmp,Ladder,NaN
17,133,1,1,S_Image_139.bmp,Sydney Opera,NaN
17,134,1,1,S_Lure_123.bmp,Mount Everest,NaN
17,135,1,1,S_Image_98.bmp,Alcatraz,NaN
17,136,1,1,O_Lure_65.bmp,GrandPiano,NaN
17,137,1,1,O_Lure_57.bmp,Brush,NaN
17,138,1,1,S_Image_99.bmp,Alhambra,NaN
17,139,1,1,O_Image_67.bmp,Hammock,NaN
17,140,1,1,F_Image_42.bmp,Scarlett Johansson,NaN
17,141,1,1,O_Image_59.bmp,Fan,NaN
17,142,1,1,F_Image_36.bmp,Penelope Cruz,NaN
17,143,1,1,F_Lure_5.bmp,Bill Clinton,NaN
17,144,1,1,F_Image_12.bmp,David Beckham,NaN
17,145,1,1,F_Image_46.bmp,Wayne Rooney,NaN
17,146,1,1,F_Image_45.bmp,Tony Blair,NaN
17,147,1,1,S_Image_137.bmp,Statue Of Liberty,NaN
17,148,1,1,S_Image_120.bmp,Machu Picchu,NaN
17,149,1,1,F_Lure_2.bmp,Amy Winehouse,NaN
17,150,1,1,F_Lure_26.bmp,Madonna,NaN
17,151,1,1,F_Lure_9.bmp,Charlie Chaplin,NaN
17,152,1,1,O_Lure_76.bmp,Pillows,NaN
17,153,1,1,O_Image_57.bmp,Brush,NaN
17,154,1,1,S_Image_115.bmp,Hagia Sophia,NaN
17,155,1,1,S_Image_101.bmp,Atomium,NaN
17,156,1,1,F_Image_34.bmp,Nelson Mandela,NaN
17,157,1,1,O_Lure_90.bmp,Telephone,NaN
17,158,1,1,S_Lure_118.bmp,Leaning Tower,NaN
17,159,1,1,O_Lure_93.bmp,Umbrella,NaN
17,160,1,1,O_Lure_54.bmp,Bicycle,NaN
17,161,1,1,F_Lure_35.bmp,Nikola Sarkozy,NaN
17,162,1,1,O_Lure_49.bmp,Anchor,NaN
17,163,1,1,F_Image_11.bmp,Daniel Radcliffe,NaN
17,164,1,1,O_Image_87.bmp,Stapler,NaN
17,165,1,1,S_Image_123.bmp,Mount Everest,NaN
17,166,1,1,S_Image_104.bmp,Brandenburg Gate,NaN
17,167,1,1,F_Image_3.bmp,Angela Merkel,NaN
17,168,1,1,O_Image_58.bmp,Canoe,NaN
17,169,1,1,O_Lure_96.bmp,Wineglass,NaN
17,170,1,1,O_Image_69.bmp,Headphones,NaN
17,171,1,1,O_Lure_70.bmp,Key,NaN
17,172,1,1,O_Lure_55.bmp,Binoculars,NaN
17,173,1,1,S_Lure_111.bmp,Gizeh Pyramids,NaN
17,174,1,1,O_Lure_87.bmp,Stapler,NaN
17,175,1,1,S_Lure_140.bmp,Taj Mahal,NaN
17,176,1,1,O_Image_65.bmp,GrandPiano,NaN
17,177,1,1,F_Lure_18.bmp,Jack Nicholson,NaN
17,178,1,1,O_Lure_85.bmp,Sock,NaN
17,179,1,1,F_Image_21.bmp,John Lennon,NaN
17,180,1,1,O_Lure_80.bmp,Rope,NaN
17,181,1,1,F_Lure_16.bmp,George Bush,NaN
17,182,1,1,S_Image_124.bmp,Mount Fuji,NaN
17,183,1,1,S_Image_136.bmp,Sistine Chapel,NaN
17,184,1,1,O_Image_90.bmp,Telephone,NaN
17,185,1,1,S_Lure_134.bmp,Sagrada Familia,NaN
17,186,1,1,S_Lure_137.bmp,Statue Of Liberty,NaN
17,187,1,1,F_Lure_10.bmp,Dalai Lama,NaN
17,188,1,1,S_Image_125.bmp,Mount Rushmore,NaN
17,189,1,1,S_Image_128.bmp,Notre Dame,NaN
17,190,1,1,F_Image_7.bmp,Britney Spears,NaN
17,191,1,1,O_Lure_82.bmp,Scissors,NaN
17,192,1,1,S_Image_97.bmp,Akropolis,NaN
17,193,1,1,O_Image_52.bmp,Bed,NaN
17,194,1,1,S_Lure_113.bmp,Grand Canyon,NaN
17,195,1,1,F_Lure_31.bmp,Michael Jackson,NaN
17,196,1,1,S_Lure_132.bmp,Red Square,NaN
17,197,1,1,F_Lure_45.bmp,Tony Blair,NaN
17,198,1,1,F_Lure_34.bmp,Nelson Mandela,NaN
17,199,1,1,S_Lure_143.bmp,Versailles,NaN
17,200,1,1,S_Image_121.bmp,Mecca,NaN
17,201,1,1,F_Image_4.bmp,Barack Obama,NaN
17,202,1,1,F_Image_41.bmp,Rod Steward,NaN
17,203,1,1,F_Lure_13.bmp,Elton John,NaN
17,204,1,1,F_Lure_17.bmp,George Clooney,NaN
17,205,1,1,O_Lure_91.bmp,Torch,NaN
17,206,1,1,S_Image_100.bmp,Angkor Wat,NaN
17,207,1,1,S_Image_116.bmp,Hollywood Sign,NaN
17,208,1,1,O_Lure_74.bmp,Mirror,NaN
17,209,1,1,O_Image_50.bmp,Barbecue,NaN
17,210,1,1,S_Image_108.bmp,Dover Cliffs,NaN
17,211,1,1,S_Lure_130.bmp,Potala Palace,NaN
17,212,1,1,F_Image_2.bmp,Amy Winehouse,NaN
17,213,1,1,O_Lure_83.bmp,Shoe,NaN
17,214,1,1,S_Image_127.bmp,Niagara Falls,NaN
17,215,1,1,O_Lure_58.bmp,Canoe,NaN
17,216,1,1,S_Image_111.bmp,Gizeh Pyramids,NaN
17,217,1,1,F_Image_43.bmp,Tom Cruise,NaN
17,218,1,1,O_Image_54.bmp,Bicycle,NaN
17,219,1,1,S_Lure_109.bmp,Eiffel Tower,NaN
17,220,1,1,S_Lure_133.bmp,Rialto Bridge,NaN
17,221,1,1,O_Image_93.bmp,Umbrella,NaN
17,222,1,1,O_Lure_52.bmp,Bed,NaN
17,223,1,1,S_Lure_107.bmp,Colosseum,NaN
17,224,1,1,F_Lure_30.bmp,Meryl Streep,NaN
17,225,1,1,O_Image_70.bmp,Key,NaN
17,226,1,1,O_Image_63.bmp,Globe,NaN
17,227,1,1,O_Lure_69.bmp,Headphones,NaN
17,228,1,1,O_Lure_78.bmp,Razor,NaN
17,229,1,1,O_Image_72.bmp,Lightbulb,NaN
17,230,1,1,S_Image_142.bmp,Tower Bridge,NaN
17,231,1,1,O_Lure_75.bmp,Necklace,NaN
17,232,1,1,O_Image_77.bmp,Radio,NaN
17,233,1,1,F_Image_28.bmp,Margaret Thatcher,NaN
17,234,1,1,O_Image_83.bmp,Shoe,NaN
17,235,1,1,F_Lure_44.bmp,Tom Hanks,NaN
17,236,1,1,O_Lure_92.bmp,Trophy,NaN
17,237,1,1,F_Image_18.bmp,Jack Nicholson,NaN
17,238,1,1,O_Image_76.bmp,Pillows,NaN
17,239,1,1,O_Image_60.bmp,Flask,NaN
17,240,1,1,F_Lure_33.bmp,Mother Teresa,NaN
17,241,1,1,S_Lure_99.bmp,Alhambra,NaN
17,242,1,1,O_Lure_66.bmp,Guitar,NaN
17,243,1,1,O_Image_94.bmp,Watch,NaN
17,244,1,1,O_Lure_95.bmp,Wheelchair,NaN
17,245,1,1,S_Lure_104.bmp,Brandenburg Gate,NaN
17,246,1,1,S_Lure_116.bmp,Hollywood Sign,NaN
17,247,1,1,O_Image_86.bmp,Soother,NaN
17,248,1,1,S_Image_130.bmp,Potala Palace,NaN
17,249,1,1,F_Image_6.bmp,Brad Pitt,NaN
17,250,1,1,F_Image_16.bmp,George Bush,NaN
17,251,1,1,O_Lure_84.bmp,Skirt,NaN
17,252,1,1,O_Image_64.bmp,Goggles,NaN
17,253,1,1,F_Image_26.bmp,Madonna,NaN
17,254,1,1,S_Image_131.bmp,Rapa Nui,NaN
17,255,1,1,F_Image_1.bmp,Albert Einstein,NaN
17,256,1,1,S_Lure_97.bmp,Akropolis,NaN
17,257,1,1,O_Image_84.bmp,Skirt,NaN
17,258,1,1,F_Image_15.bmp,Fidel Castro,NaN
17,259,1,1,O_Image_61.bmp,Football,NaN
17,260,1,1,S_Image_113.bmp,Grand Canyon,NaN
17,261,1,1,O_Lure_51.bmp,Basket,NaN
17,262,1,1,F_Image_5.bmp,Bill Clinton,NaN
17,263,1,1,F_Lure_28.bmp,Margaret Thatcher,NaN
17,264,1,1,O_Image_89.bmp,Teddybear,NaN
17,265,1,1,F_Image_20.bmp,Jennifer Lopez,NaN
17,266,1,1,F_Image_24.bmp,Keanu Reeves,NaN
17,267,1,1,O_Lure_77.bmp,Radio,NaN
17,268,1,1,O_Image_92.bmp,Trophy,NaN
17,269,1,1,O_Lure_81.bmp,Scale,NaN
17,270,1,1,S_Lure_136.bmp,Sistine Chapel,NaN
17,271,1,1,F_Image_9.bmp,Charlie Chaplin,NaN
17,272,1,1,S_Image_105.bmp,Chichen Itza,NaN
17,273,1,1,F_Image_29.bmp,Marilyn Monroe,NaN
17,274,1,1,O_Lure_62.bmp,FryingPan,NaN
17,275,1,1,F_Lure_4.bmp,Barack Obama,NaN
17,276,1,1,F_Lure_20.bmp,Jennifer Lopez,NaN
17,277,1,1,O_Image_49.bmp,Anchor,NaN
17,278,1,1,F_Image_48.bmp,Will Smith,NaN
17,279,1,1,F_Image_22.bmp,Judi Dench,NaN
17,280,1,1,F_Lure_25.bmp,Leonardo DiCaprio,NaN
17,281,1,1,F_Image_32.bmp,Mick Jagger,NaN
17,282,1,1,O_Lure_68.bmp,Hat,NaN
17,283,1,1,O_Image_53.bmp,Belt,NaN
17,284,1,1,F_Image_10.bmp,Dalai Lama,NaN
17,285,1,1,S_Image_135.bmp,Sahara Desert,NaN
17,286,1,1,S_Lure_139.bmp,Sydney Opera,NaN
17,287,1,1,F_Lure_36.bmp,Penelope Cruz,NaN
17,288,1,1,O_Image_62.bmp,FryingPan,NaN
17,289,1,1,F_Lure_12.bmp,David Beckham,NaN
17,290,1,1,S_Image_119.bmp,Louvre,NaN
17,291,1,1,S_Lure_102.bmp,Ayers Rock,NaN
17,292,1,1,S_Lure_131.bmp,Rapa Nui,NaN
17,293,1,1,S_Image_126.bmp,Neu schwanstein Castle,NaN
17,294,1,1,F_Image_39.bmp,Robbie Williams,NaN
17,295,1,1,S_Lure_100.bmp,Angkor Wat,NaN
17,296,1,1,S_Lure_124.bmp,Mount Fuji,NaN
17,297,1,1,S_Lure_142.bmp,Tower Bridge,NaN
17,298,1,1,S_Lure_122.bmp,Mont Saint Michel,NaN
17,299,1,1,S_Lure_117.bmp,Kings College,NaN
17,300,1,1,S_Lure_108.bmp,Dover Cliffs,NaN
17,301,1,1,S_Image_117.bmp,Kings College,NaN
17,302,1,1,S_Image_129.bmp,Petra,NaN
17,303,1,1,S_Lure_135.bmp,Sahara Desert,NaN
17,304,1,1,S_Lure_121.bmp,Mecca,NaN
17,305,1,1,F_Lure_46.bmp,Wayne Rooney,NaN
17,306,1,1,F_Lure_3.bmp,Angela Merkel,NaN
17,307,1,1,S_Image_133.bmp,Rialto Bridge,NaN
17,308,1,1,S_Lure_126.bmp,Neu schwanstein Castle,NaN
17,309,1,1,S_Lure_115.bmp,Hagia Sophia,NaN
17,310,1,1,S_Lure_101.bmp,Atomium,NaN
17,311,1,1,S_Lure_105.bmp,Chichen Itza,NaN
17,312,1,1,S_Image_134.bmp,Sagrada Familia,NaN
17,313,1,1,F_Image_35.bmp,Nikola Sarkozy,NaN
17,314,1,1,S_Image_99.bmp,Alhambra,NaN
17,315,1,1,F_Lure_26.bmp,Madonna,NaN
17,316,1,1,S_Image_115.bmp,Hagia Sophia,NaN
17,317,1,1,F_Image_3.bmp,Angela Merkel,NaN
17,318,1,1,S_Lure_130.bmp,Potala Palace,NaN
17,319,1,1,S_Lure_99.bmp,Alhambra,NaN
17,320,1,1,S_Image_130.bmp,Potala Palace,NaN
17,321,1,1,S_Image_131.bmp,Rapa Nui,NaN
17,322,1,1,S_Image_105.bmp,Chichen Itza,NaN
17,323,1.5,1,O_Image_84.bmp,Skirt,alcohol
17,324,1.5,1,F_Image_23.bmp,Julia Roberts,ghost
17,325,1.5,1,S_Image_138.bmp,Stonehenge,fuel
17,326,1.5,1,S_Image_116.bmp,Hollywood Sign,money
17,327,1.5,1,F_Image_43.bmp,Tom Cruise,seed
17,328,1.5,1,S_Image_136.bmp,Sistine Chapel,costume
17,329,1.5,1,S_Image_140.bmp,Taj Mahal,antique
17,330,1.5,1,S_Image_106.bmp,Christ The Redeemer,spray
17,331,1.5,1,F_Image_38.bmp,Queen Elisabeth,slope
17,332,1.5,1,F_Image_6.bmp,Brad Pitt,board
17,333,1.5,1,S_Image_134.bmp,Sagrada Familia,corpse
17,334,1.5,1,O_Image_96.bmp,Wineglass,flood
17,335,1.5,1,S_Image_97.bmp,Akropolis,shell
17,336,1.5,1,O_Image_86.bmp,Soother,corner
17,337,1.5,1,O_Image_61.bmp,Football,sunshine
17,338,1.5,1,O_Image_63.bmp,Globe,giant
17,339,1.5,1,F_Image_28.bmp,Margaret Thatcher,orchestra
17,340,1.5,1,S_Image_119.bmp,Louvre,sweat
17,341,1.5,1,O_Image_93.bmp,Umbrella,breakfast
17,342,1.5,1,S_Image_110.bmp,Forbidden City,paper
17,343,1.5,1,O_Image_49.bmp,Anchor,wreck
17,344,1.5,1,S_Image_103.bmp,Big Ben,steam
17,345,1.5,1,F_Image_24.bmp,Keanu Reeves,tourist
17,346,1.5,1,F_Image_9.bmp,Charlie Chaplin,yellow
17,347,2,1,O_Image_61.bmp-O_Lure_61.bmp,Football,sunshine
17,348,2,1,S_Image_116.bmp-S_Lure_116.bmp,Hollywood Sign,money
17,349,2,1,S_Image_136.bmp-S_Lure_136.bmp,Sistine Chapel,costume
17,350,2,1,O_Image_63.bmp-O_Lure_63.bmp,Globe,giant
17,351,2,1,F_Image_38.bmp-F_Lure_38.bmp,Queen Elisabeth,slope
17,352,2,1,O_Image_86.bmp-O_Lure_86.bmp,Soother,corner
17,353,2,1,F_Image_23.bmp-F_Lure_23.bmp,Julia Roberts,ghost
17,354,2,1,S_Image_106.bmp-S_Lure_106.bmp,Christ The Redeemer,spray
17,355,2,1,O_Image_49.bmp-O_Lure_49.bmp,Anchor,wreck
17,356,2,1,S_Image_97.bmp-S_Lure_97.bmp,Akropolis,shell
17,357,2,1,S_Image_119.bmp-S_Lure_119.bmp,Louvre,sweat
17,358,2,1,O_Image_93.bmp-O_Lure_93.bmp,Umbrella,breakfast
17,359,2,1,S_Image_134.bmp-S_Lure_134.bmp,Sagrada Familia,corpse
17,360,2,1,F_Image_24.bmp-F_Lure_24.bmp,Keanu Reeves,tourist
17,361,2,1,O_Image_96.bmp-O_Lure_96.bmp,Wineglass,flood
17,362,2,1,S_Image_103.bmp-S_Lure_103.bmp,Big Ben,steam
17,363,2,1,F_Image_9.bmp-F_Lure_9.bmp,Charlie Chaplin,yellow
17,364,2,1,S_Image_110.bmp-S_Lure_110.bmp,Forbidden City,paper
17,365,2,1,F_Image_6.bmp-F_Lure_6.bmp,Brad Pitt,board
17,366,2,1,S_Image_138.bmp-S_Lure_138.bmp,Stonehenge,fuel
17,367,2,1,O_Image_84.bmp-O_Lure_84.bmp,Skirt,alcohol
17,368,2,1,S_Image_140.bmp-S_Lure_140.bmp,Taj Mahal,antique
17,369,2,1,F_Image_28.bmp-F_Lure_28.bmp,Margaret Thatcher,orchestra
17,370,2,1,F_Image_43.bmp-F_Lure_43.bmp,Tom Cruise,seed
17,371,3,1,S_Image_116.bmp-S_Lure_116.bmp,Hollywood Sign,money
17,372,3,1,S_Image_106.bmp-S_Lure_106.bmp,Christ The Redeemer,spray
17,373,3,1,F_Image_28.bmp-F_Lure_28.bmp,Margaret Thatcher,orchestra
17,374,3,1,S_Image_134.bmp-S_Lure_134.bmp,Sagrada Familia,corpse
17,375,3,1,S_Image_103.bmp-S_Lure_103.bmp,Big Ben,steam
17,376,3,1,F_Image_43.bmp-F_Lure_43.bmp,Tom Cruise,seed
17,377,3,1,O_Image_93.bmp-O_Lure_93.bmp,Umbrella,breakfast
17,378,3,1,S_Image_119.bmp-S_Lure_119.bmp,Louvre,sweat
17,379,3,1,O_Image_84.bmp-O_Lure_84.bmp,Skirt,alcohol
17,380,3,1,S_Image_138.bmp-S_Lure_138.bmp,Stonehenge,fuel
17,381,3,1,O_Image_86.bmp-O_Lure_86.bmp,Soother,corner
17,382,3,1,F_Image_9.bmp-F_Lure_9.bmp,Charlie Chaplin,yellow
17,383,3,1,S_Image_110.bmp-S_Lure_110.bmp,Forbidden City,paper
17,384,3,1,O_Image_49.bmp-O_Lure_49.bmp,Anchor,wreck
17,385,3,1,F_Image_6.bmp-F_Lure_6.bmp,Brad Pitt,board
17,386,3,1,O_Image_61.bmp-O_Lure_61.bmp,Football,sunshine
17,387,3,1,O_Image_63.bmp-O_Lure_63.bmp,Globe,giant
17,388,3,1,O_Image_96.bmp-O_Lure_96.bmp,Wineglass,flood
17,389,3,1,S_Image_97.bmp-S_Lure_97.bmp,Akropolis,shell
17,390,3,1,F_Image_23.bmp-F_Lure_23.bmp,Julia Roberts,ghost
17,391,3,1,S_Image_140.bmp-S_Lure_140.bmp,Taj Mahal,antique
17,392,3,1,F_Image_38.bmp-F_Lure_38.bmp,Queen Elisabeth,slope
17,393,3,1,F_Image_24.bmp-F_Lure_24.bmp,Keanu Reeves,tourist
17,394,3,1,S_Image_136.bmp-S_Lure_136.bmp,Sistine Chapel,costume
17,395,1.5,2,O_Image_70.bmp,Key,triangle
17,396,1.5,2,S_Image_114.bmp,Great Wall,hurricane
17,397,1.5,2,F_Image_39.bmp,Robbie Williams,honeymoon
17,398,1.5,2,F_Image_35.bmp,Nikola Sarkozy,spike
17,399,1.5,2,F_Image_42.bmp,Scarlett Johansson,alien
17,400,1.5,2,F_Image_12.bmp,David Beckham,marble
17,401,1.5,2,S_Image_141.bmp,Time Square,menu
17,402,1.5,2,S_Image_99.bmp,Alhambra,sand
17,403,1.5,2,S_Image_144.bmp,White House,crumb
17,404,1.5,2,O_Image_92.bmp,Trophy,vegetable
17,405,1.5,2,S_Image_135.bmp,Sahara Desert,poison
17,406,1.5,2,F_Image_16.bmp,George Bush,arrow
17,407,1.5,2,F_Image_5.bmp,Bill Clinton,tear
17,408,1.5,2,O_Image_81.bmp,Scale,black
17,409,1.5,2,O_Image_83.bmp,Shoe,fire
17,410,1.5,2,S_Image_104.bmp,Brandenburg Gate,stripe
17,411,1.5,2,F_Image_10.bmp,Dalai Lama,measles
17,412,1.5,2,O_Image_69.bmp,Headphones,wool
17,413,1.5,2,F_Image_32.bmp,Mick Jagger,kiss
17,414,1.5,2,F_Image_46.bmp,Wayne Rooney,scar
17,415,1.5,2,O_Image_66.bmp,Guitar,drizzle
17,416,1.5,2,O_Image_91.bmp,Torch,army
17,417,1.5,2,O_Image_55.bmp,Binoculars,water
17,418,1.5,2,F_Image_33.bmp,Mother Teresa,rock
17,419,2,2,O_Image_83.bmp-O_Lure_83.bmp,Shoe,fire
17,420,2,2,F_Image_39.bmp-F_Lure_39.bmp,Robbie Williams,honeymoon
17,421,2,2,S_Image_99.bmp-S_Lure_99.bmp,Alhambra,sand
17,422,2,2,S_Image_114.bmp-S_Lure_114.bmp,Great Wall,hurricane
17,423,2,2,O_Image_92.bmp-O_Lure_92.bmp,Trophy,vegetable
17,424,2,2,O_Image_81.bmp-O_Lure_81.bmp,Scale,black
17,425,2,2,F_Image_42.bmp-F_Lure_42.bmp,Scarlett Johansson,alien
17,426,2,2,F_Image_46.bmp-F_Lure_46.bmp,Wayne Rooney,scar
17,427,2,2,F_Image_16.bmp-F_Lure_16.bmp,George Bush,arrow
17,428,2,2,F_Image_32.bmp-F_Lure_32.bmp,Mick Jagger,kiss
17,429,2,2,O_Image_55.bmp-O_Lure_55.bmp,Binoculars,water
17,430,2,2,F_Image_35.bmp-F_Lure_35.bmp,Nikola Sarkozy,spike
17,431,2,2,S_Image_141.bmp-S_Lure_141.bmp,Time Square,menu
17,432,2,2,F_Image_12.bmp-F_Lure_12.bmp,David Beckham,marble
17,433,2,2,O_Image_66.bmp-O_Lure_66.bmp,Guitar,drizzle
17,434,2,2,O_Image_69.bmp-O_Lure_69.bmp,Headphones,wool
17,435,2,2,F_Image_5.bmp-F_Lure_5.bmp,Bill Clinton,tear
17,436,2,2,O_Image_70.bmp-O_Lure_70.bmp,Key,triangle
17,437,2,2,S_Image_135.bmp-S_Lure_135.bmp,Sahara Desert,poison
17,438,2,2,F_Image_10.bmp-F_Lure_10.bmp,Dalai Lama,measles
17,439,2,2,S_Image_104.bmp-S_Lure_104.bmp,Brandenburg Gate,stripe
17,440,2,2,O_Image_91.bmp-O_Lure_91.bmp,Torch,army
17,441,2,2,S_Image_144.bmp-S_Lure_144.bmp,White House,crumb
17,442,2,2,F_Image_33.bmp-F_Lure_33.bmp,Mother Teresa,rock
17,443,3,2,S_Image_135.bmp-S_Lure_135.bmp,Sahara Desert,poison
17,444,3,2,O_Image_81.bmp-O_Lure_81.bmp,Scale,black
17,445,3,2,S_Image_114.bmp-S_Lure_114.bmp,Great Wall,hurricane
17,446,3,2,F_Image_33.bmp-F_Lure_33.bmp,Mother Teresa,rock
17,447,3,2,F_Image_46.bmp-F_Lure_46.bmp,Wayne Rooney,scar
17,448,3,2,S_Image_141.bmp-S_Lure_141.bmp,Time Square,menu
17,449,3,2,O_Image_92.bmp-O_Lure_92.bmp,Trophy,vegetable
17,450,3,2,F_Image_39.bmp-F_Lure_39.bmp,Robbie Williams,honeymoon
17,451,3,2,O_Image_55.bmp-O_Lure_55.bmp,Binoculars,water
17,452,3,2,O_Image_91.bmp-O_Lure_91.bmp,Torch,army
17,453,3,2,O_Image_70.bmp-O_Lure_70.bmp,Key,triangle
17,454,3,2,F_Image_16.bmp-F_Lure_16.bmp,George Bush,arrow
17,455,3,2,F_Image_32.bmp-F_Lure_32.bmp,Mick Jagger,kiss
17,456,3,2,F_Image_42.bmp-F_Lure_42.bmp,Scarlett Johansson,alien
17,457,3,2,S_Image_104.bmp-S_Lure_104.bmp,Brandenburg Gate,stripe
17,458,3,2,S_Image_144.bmp-S_Lure_144.bmp,White House,crumb
17,459,3,2,F_Image_12.bmp-F_Lure_12.bmp,David Beckham,marble
17,460,3,2,O_Image_69.bmp-O_Lure_69.bmp,Headphones,wool
17,461,3,2,O_Image_83.bmp-O_Lure_83.bmp,Shoe,fire
17,462,3,2,F_Image_10.bmp-F_Lure_10.bmp,Dalai Lama,measles
17,463,3,2,S_Image_99.bmp-S_Lure_99.bmp,Alhambra,sand
17,464,3,2,F_Image_5.bmp-F_Lure_5.bmp,Bill Clinton,tear
17,465,3,2,O_Image_66.bmp-O_Lure_66.bmp,Guitar,drizzle
17,466,3,2,F_Image_35.bmp-F_Lure_35.bmp,Nikola Sarkozy,spike
17,467,1.5,3,S_Image_130.bmp,Potala Palace,snow
17,468,1.5,3,S_Image_117.bmp,Kings College,wound
17,469,1.5,3,F_Image_30.bmp,Meryl Streep,attack
17,470,1.5,3,S_Image_105.bmp,Chichen Itza,signal
17,471,1.5,3,F_Image_47.bmp,Whoopi Goldberg,shadow
17,472,1.5,3,S_Image_128.bmp,Notre Dame,cone
17,473,1.5,3,O_Image_78.bmp,Razor,galaxy
17,474,1.5,3,F_Image_40.bmp,Robert De Niro,hostage
17,475,1.5,3,S_Image_125.bmp,Mount Rushmore,tail
17,476,1.5,3,F_Image_27.bmp,Mahadma Gandhi,angel
17,477,1.5,3,O_Image_65.bmp,GrandPiano,asphalt
17,478,1.5,3,S_Image_124.bmp,Mount Fuji,tube
17,479,1.5,3,S_Image_122.bmp,Mont Saint Michel,laundry
17,480,1.5,3,O_Image_59.bmp,Fan,bubble
17,481,1.5,3,F_Image_20.bmp,Jennifer Lopez,magnet
17,482,1.5,3,O_Image_74.bmp,Mirror,witch
17,483,1.5,3,F_Image_11.bmp,Daniel Radcliffe,cloud
17,484,1.5,3,O_Image_53.bmp,Belt,lever
17,485,1.5,3,O_Image_60.bmp,Flask,stem
17,486,1.5,3,F_Image_8.bmp,Cameron Diaz,animal
17,487,1.5,3,O_Image_56.bmp,Broom,quake
17,488,1.5,3,O_Image_54.bmp,Bicycle,harem
17,489,1.5,3,O_Image_94.bmp,Watch,rust
17,490,1.5,3,S_Image_100.bmp,Angkor Wat,arch
17,491,2,3,F_Image_47.bmp-F_Lure_47.bmp,Whoopi Goldberg,shadow
17,492,2,3,O_Image_74.bmp-O_Lure_74.bmp,Mirror,witch
17,493,2,3,F_Image_8.bmp-F_Lure_8.bmp,Cameron Diaz,animal
17,494,2,3,S_Image_128.bmp-S_Lure_128.bmp,Notre Dame,cone
17,495,2,3,O_Image_53.bmp-O_Lure_53.bmp,Belt,lever
17,496,2,3,O_Image_94.bmp-O_Lure_94.bmp,Watch,rust
17,497,2,3,F_Image_40.bmp-F_Lure_40.bmp,Robert De Niro,hostage
17,498,2,3,O_Image_65.bmp-O_Lure_65.bmp,GrandPiano,asphalt
17,499,2,3,S_Image_100.bmp-S_Lure_100.bmp,Angkor Wat,arch
17,500,2,3,S_Image_105.bmp-S_Lure_105.bmp,Chichen Itza,signal
17,501,2,3,S_Image_125.bmp-S_Lure_125.bmp,Mount Rushmore,tail
17,502,2,3,O_Image_54.bmp-O_Lure_54.bmp,Bicycle,harem
17,503,2,3,S_Image_124.bmp-S_Lure_124.bmp,Mount Fuji,tube
17,504,2,3,S_Image_122.bmp-S_Lure_122.bmp,Mont Saint Michel,laundry
17,505,2,3,O_Image_56.bmp-O_Lure_56.bmp,Broom,quake
17,506,2,3,O_Image_60.bmp-O_Lure_60.bmp,Flask,stem
17,507,2,3,F_Image_30.bmp-F_Lure_30.bmp,Meryl Streep,attack
17,508,2,3,S_Image_130.bmp-S_Lure_130.bmp,Potala Palace,snow
17,509,2,3,F_Image_20.bmp-F_Lure_20.bmp,Jennifer Lopez,magnet
17,510,2,3,F_Image_27.bmp-F_Lure_27.bmp,Mahadma Gandhi,angel
17,511,2,3,S_Image_117.bmp-S_Lure_117.bmp,Kings College,wound
17,512,2,3,O_Image_78.bmp-O_Lure_78.bmp,Razor,galaxy
17,513,2,3,F_Image_11.bmp-F_Lure_11.bmp,Daniel Radcliffe,cloud
17,514,2,3,O_Image_59.bmp-O_Lure_59.bmp,Fan,bubble
17,515,3,3,O_Image_60.bmp-O_Lure_60.bmp,Flask,stem
17,516,3,3,F_Image_40.bmp-F_Lure_40.bmp,Robert De Niro,hostage
17,517,3,3,S_Image_128.bmp-S_Lure_128.bmp,Notre Dame,cone
17,518,3,3,S_Image_130.bmp-S_Lure_130.bmp,Potala Palace,snow
17,519,3,3,S_Image_122.bmp-S_Lure_122.bmp,Mont Saint Michel,laundry
17,520,3,3,S_Image_117.bmp-S_Lure_117.bmp,Kings College,wound
17,521,3,3,O_Image_65.bmp-O_Lure_65.bmp,GrandPiano,asphalt
17,522,3,3,S_Image_124.bmp-S_Lure_124.bmp,Mount Fuji,tube
17,523,3,3,O_Image_59.bmp-O_Lure_59.bmp,Fan,bubble
17,524,3,3,O_Image_54.bmp-O_Lure_54.bmp,Bicycle,harem
17,525,3,3,F_Image_30.bmp-F_Lure_30.bmp,Meryl Streep,attack
17,526,3,3,O_Image_78.bmp-O_Lure_78.bmp,Razor,galaxy
17,527,3,3,S_Image_105.bmp-S_Lure_105.bmp,Chichen Itza,signal
17,528,3,3,F_Image_11.bmp-F_Lure_11.bmp,Daniel Radcliffe,cloud
17,529,3,3,F_Image_47.bmp-F_Lure_47.bmp,Whoopi Goldberg,shadow
17,530,3,3,O_Image_74.bmp-O_Lure_74.bmp,Mirror,witch
17,531,3,3,F_Image_27.bmp-F_Lure_27.bmp,Mahadma Gandhi,angel
17,532,3,3,S_Image_100.bmp-S_Lure_100.bmp,Angkor Wat,arch
17,533,3,3,O_Image_94.bmp-O_Lure_94.bmp,Watch,rust
17,534,3,3,F_Image_20.bmp-F_Lure_20.bmp,Jennifer Lopez,magnet
17,535,3,3,S_Image_125.bmp-S_Lure_125.bmp,Mount Rushmore,tail
17,536,3,3,O_Image_53.bmp-O_Lure_53.bmp,Belt,lever
17,537,3,3,F_Image_8.bmp-F_Lure_8.bmp,Cameron Diaz,animal
17,538,3,3,O_Image_56.bmp-O_Lure_56.bmp,Broom,quake
17,539,3.5,1,F_Image_21.bmp,John Lennon,poison
17,540,3.5,1,S_Image_111.bmp,Gizeh Pyramids,alien
17,541,3.5,1,O_Image_73.bmp,Microscope,wound
17,542,3.5,1,O_Image_77.bmp,Radio,measles
17,543,3.5,1,S_Image_143.bmp,Versailles,harem
17,544,3.5,1,S_Image_120.bmp,Machu Picchu,shadow
17,545,3.5,1,O_Image_85.bmp,Sock,scar
17,546,3.5,1,S_Image_126.bmp,Neu schwanstein Castle,wreck
17,547,3.5,1,F_Image_26.bmp,Madonna,army
17,548,3.5,1,O_Image_79.bmp,Remote Control,kiss
17,549,3.5,1,S_Image_131.bmp,Rapa Nui,drizzle
17,550,3.5,1,O_Image_68.bmp,Hat,sweat
17,551,3.5,1,F_Image_36.bmp,Penelope Cruz,bubble
17,552,3.5,1,S_Image_129.bmp,Petra,sunshine
17,553,3.5,1,O_Image_67.bmp,Hammock,stripe
17,554,3.5,1,S_Image_118.bmp,Leaning Tower,slope
17,555,3.5,1,F_Image_37.bmp,Pierce Brosnan,breakfast
17,556,3.5,1,F_Image_17.bmp,George Clooney,antique
17,557,3.5,1,O_Image_75.bmp,Necklace,angel
17,558,3.5,1,F_Image_18.bmp,Jack Nicholson,fuel
17,559,3.5,1,S_Image_123.bmp,Mount Everest,flood
17,560,3.5,1,S_Image_139.bmp,Sydney Opera,asphalt
17,561,3.5,1,F_Image_48.bmp,Will Smith,giant
17,562,3.5,1,S_Image_98.bmp,Alcatraz,ghost
17,563,4,1,F_Image_21.bmp-F_Lure_21.bmp,John Lennon,poison
17,564,4,1,O_Image_75.bmp-O_Lure_75.bmp,Necklace,angel
17,565,4,1,S_Image_98.bmp-S_Lure_98.bmp,Alcatraz,ghost
17,566,4,1,S_Image_123.bmp-S_Lure_123.bmp,Mount Everest,flood
17,567,4,1,O_Image_68.bmp-O_Lure_68.bmp,Hat,sweat
17,568,4,1,O_Image_67.bmp-O_Lure_67.bmp,Hammock,stripe
17,569,4,1,S_Image_143.bmp-S_Lure_143.bmp,Versailles,harem
17,570,4,1,S_Image_111.bmp-S_Lure_111.bmp,Gizeh Pyramids,alien
17,571,4,1,S_Image_139.bmp-S_Lure_139.bmp,Sydney Opera,asphalt
17,572,4,1,F_Image_48.bmp-F_Lure_48.bmp,Will Smith,giant
17,573,4,1,S_Image_126.bmp-S_Lure_126.bmp,Neu schwanstein Castle,wreck
17,574,4,1,S_Image_120.bmp-S_Lure_120.bmp,Machu Picchu,shadow
17,575,4,1,O_Image_79.bmp-O_Lure_79.bmp,Remote Control,kiss
17,576,4,1,F_Image_17.bmp-F_Lure_17.bmp,George Clooney,antique
17,577,4,1,F_Image_18.bmp-F_Lure_18.bmp,Jack Nicholson,fuel
17,578,4,1,F_Image_36.bmp-F_Lure_36.bmp,Penelope Cruz,bubble
17,579,4,1,O_Image_73.bmp-O_Lure_73.bmp,Microscope,wound
17,580,4,1,O_Image_77.bmp-O_Lure_77.bmp,Radio,measles
17,581,4,1,S_Image_131.bmp-S_Lure_131.bmp,Rapa Nui,drizzle
17,582,4,1,F_Image_26.bmp-F_Lure_26.bmp,Madonna,army
17,583,4,1,S_Image_129.bmp-S_Lure_129.bmp,Petra,sunshine
17,584,4,1,F_Image_37.bmp-F_Lure_37.bmp,Pierce Brosnan,breakfast
17,585,4,1,O_Image_85.bmp-O_Lure_85.bmp,Sock,scar
17,586,4,1,S_Image_118.bmp-S_Lure_118.bmp,Leaning Tower,slope
17,587,3.5,2,F_Image_1.bmp,Albert Einstein,menu
17,588,3.5,2,O_Image_64.bmp,Goggles,corpse
17,589,3.5,2,O_Image_71.bmp,Ladder,cone
17,590,3.5,2,F_Image_2.bmp,Amy Winehouse,arch
17,591,3.5,2,F_Image_34.bmp,Nelson Mandela,corner
17,592,3.5,2,F_Image_14.bmp,Elvis Presley,laundry
17,593,3.5,2,F_Image_13.bmp,Elton John,costume
17,594,3.5,2,S_Image_133.bmp,Rialto Bridge,galaxy
17,595,3.5,2,O_Image_82.bmp,Scissors,yellow
17,596,3.5,2,S_Image_142.bmp,Tower Bridge,vegetable
17,597,3.5,2,O_Image_80.bmp,Rope,animal
17,598,3.5,2,S_Image_112.bmp,Golden Gate Bridge,hostage
17,599,3.5,2,S_Image_101.bmp,Atomium,tourist
17,600,3.5,2,F_Image_15.bmp,Fidel Castro,signal
17,601,3.5,2,F_Image_22.bmp,Judi Dench,alcohol
17,602,3.5,2,O_Image_52.bmp,Bed,tail
17,603,3.5,2,O_Image_50.bmp,Barbecue,money
17,604,3.5,2,O_Image_72.bmp,Lightbulb,sand
17,605,3.5,2,O_Image_62.bmp,FryingPan,crumb
17,606,3.5,2,S_Image_108.bmp,Dover Cliffs,spike
17,607,3.5,2,F_Image_31.bmp,Michael Jackson,witch
17,608,3.5,2,O_Image_88.bmp,Suitcase,magnet
17,609,3.5,2,S_Image_107.bmp,Colosseum,arrow
17,610,3.5,2,S_Image_102.bmp,Ayers Rock,board
17,611,4,2,S_Image_112.bmp-S_Lure_112.bmp,Golden Gate Bridge,hostage
17,612,4,2,O_Image_71.bmp-O_Lure_71.bmp,Ladder,cone
17,613,4,2,F_Image_13.bmp-F_Lure_13.bmp,Elton John,costume
17,614,4,2,F_Image_1.bmp-F_Lure_1.bmp,Albert Einstein,menu
17,615,4,2,O_Image_50.bmp-O_Lure_50.bmp,Barbecue,money
17,616,4,2,S_Image_142.bmp-S_Lure_142.bmp,Tower Bridge,vegetable
17,617,4,2,O_Image_72.bmp-O_Lure_72.bmp,Lightbulb,sand
17,618,4,2,S_Image_107.bmp-S_Lure_107.bmp,Colosseum,arrow
17,619,4,2,S_Image_102.bmp-S_Lure_102.bmp,Ayers Rock,board
17,620,4,2,O_Image_80.bmp-O_Lure_80.bmp,Rope,animal
17,621,4,2,O_Image_64.bmp-O_Lure_64.bmp,Goggles,corpse
17,622,4,2,O_Image_82.bmp-O_Lure_82.bmp,Scissors,yellow
17,623,4,2,F_Image_34.bmp-F_Lure_34.bmp,Nelson Mandela,corner
17,624,4,2,F_Image_15.bmp-F_Lure_15.bmp,Fidel Castro,signal
17,625,4,2,S_Image_101.bmp-S_Lure_101.bmp,Atomium,tourist
17,626,4,2,O_Image_52.bmp-O_Lure_52.bmp,Bed,tail
17,627,4,2,O_Image_62.bmp-O_Lure_62.bmp,FryingPan,crumb
17,628,4,2,F_Image_2.bmp-F_Lure_2.bmp,Amy Winehouse,arch
17,629,4,2,F_Image_31.bmp-F_Lure_31.bmp,Michael Jackson,witch
17,630,4,2,S_Image_133.bmp-S_Lure_133.bmp,Rialto Bridge,galaxy
17,631,4,2,O_Image_88.bmp-O_Lure_88.bmp,Suitcase,magnet
17,632,4,2,F_Image_22.bmp-F_Lure_22.bmp,Judi Dench,alcohol
17,633,4,2,F_Image_14.bmp-F_Lure_14.bmp,Elvis Presley,laundry
17,634,4,2,S_Image_108.bmp-S_Lure_108.bmp,Dover Cliffs,spike
17,635,3.5,3,F_Image_4.bmp,Barack Obama,snow
17,636,3.5,3,S_Image_109.bmp,Eiffel Tower,honeymoon
17,637,3.5,3,F_Image_45.bmp,Tony Blair,lever
17,638,3.5,3,F_Image_7.bmp,Britney Spears,hurricane
17,639,3.5,3,F_Image_44.bmp,Tom Hanks,rust
17,640,3.5,3,S_Image_113.bmp,Grand Canyon,cloud
17,641,3.5,3,S_Image_121.bmp,Mecca,water
17,642,3.5,3,O_Image_87.bmp,Stapler,orchestra
17,643,3.5,3,O_Image_95.bmp,Wheelchair,seed
17,644,3.5,3,O_Image_76.bmp,Pillows,marble
17,645,3.5,3,S_Image_132.bmp,Red Square,triangle
17,646,3.5,3,F_Image_3.bmp,Angela Merkel,paper
17,647,3.5,3,O_Image_89.bmp,Teddybear,tear
17,648,3.5,3,F_Image_19.bmp,James Dean,tube
17,649,3.5,3,F_Image_41.bmp,Rod Steward,black
17,650,3.5,3,S_Image_127.bmp,Niagara Falls,stem
17,651,3.5,3,S_Image_137.bmp,Statue Of Liberty,quake
17,652,3.5,3,F_Image_29.bmp,Marilyn Monroe,fire
17,653,3.5,3,F_Image_25.bmp,Leonardo DiCaprio,wool
17,654,3.5,3,O_Image_90.bmp,Telephone,rock
17,655,3.5,3,O_Image_51.bmp,Basket,steam
17,656,3.5,3,O_Image_58.bmp,Canoe,spray
17,657,3.5,3,S_Image_115.bmp,Hagia Sophia,attack
17,658,3.5,3,O_Image_57.bmp,Brush,shell
17,659,4,3,F_Image_4.bmp-F_Lure_4.bmp,Barack Obama,snow
17,660,4,3,F_Image_7.bmp-F_Lure_7.bmp,Britney Spears,hurricane
17,661,4,3,S_Image_137.bmp-S_Lure_137.bmp,Statue Of Liberty,quake
17,662,4,3,S_Image_127.bmp-S_Lure_127.bmp,Niagara Falls,stem
17,663,4,3,F_Image_44.bmp-F_Lure_44.bmp,Tom Hanks,rust
17,664,4,3,O_Image_51.bmp-O_Lure_51.bmp,Basket,steam
17,665,4,3,O_Image_57.bmp-O_Lure_57.bmp,Brush,shell
17,666,4,3,F_Image_19.bmp-F_Lure_19.bmp,James Dean,tube
17,667,4,3,O_Image_58.bmp-O_Lure_58.bmp,Canoe,spray
17,668,4,3,F_Image_29.bmp-F_Lure_29.bmp,Marilyn Monroe,fire
17,669,4,3,F_Image_3.bmp-F_Lure_3.bmp,Angela Merkel,paper
17,670,4,3,O_Image_87.bmp-O_Lure_87.bmp,Stapler,orchestra
17,671,4,3,O_Image_76.bmp-O_Lure_76.bmp,Pillows,marble
17,672,4,3,F_Image_41.bmp-F_Lure_41.bmp,Rod Steward,black
17,673,4,3,O_Image_89.bmp-O_Lure_89.bmp,Teddybear,tear
17,674,4,3,O_Image_90.bmp-O_Lure_90.bmp,Telephone,rock
17,675,4,3,O_Image_95.bmp-O_Lure_95.bmp,Wheelchair,seed
17,676,4,3,F_Image_25.bmp-F_Lure_25.bmp,Leonardo DiCaprio,wool
17,677,4,3,F_Image_45.bmp-F_Lure_45.bmp,Tony Blair,lever
17,678,4,3,S_Image_115.bmp-S_Lure_115.bmp,Hagia Sophia,attack
17,679,4,3,S_Image_113.bmp-S_Lure_113.bmp,Grand Canyon,cloud
17,680,4,3,S_Image_132.bmp-S_Lure_132.bmp,Red Square,triangle
17,681,4,3,S_Image_121.bmp-S_Lure_121.bmp,Mecca,water
17,682,4,3,S_Image_109.bmp-S_Lure_109.bmp,Eiffel Tower,honeymoon
17,683,5, 1 ,O_Image_61.bmp-S_Lure_129.bmp,Football-Petra,sunshine
17,684,5, 1 ,F_Image_23.bmp-S_Lure_98.bmp,Julia Roberts-Alcatraz,ghost
17,685,5, 1 ,O_Image_92.bmp-S_Lure_142.bmp,Trophy-Tower Bridge,vegetable
17,686,5, 1 ,F_Image_24.bmp-S_Lure_101.bmp,Keanu Reeves-Atomium,tourist
17,687,5, 1 ,F_Image_12.bmp-O_Lure_76.bmp,David Beckham-Pillows,marble
17,688,5, 1 ,S_Image_130.bmp-F_Lure_4.bmp,Potala Palace-Barack Obama,snow
17,689,5, 1 ,S_Image_100.bmp-F_Lure_2.bmp,Angkor Wat-Amy Winehouse,arch
17,690,5, 1 ,O_Image_93.bmp-F_Lure_37.bmp,Umbrella-Pierce Brosnan,breakfast
17,691,5, 1 ,O_Image_69.bmp-F_Lure_25.bmp,Headphones-Leonardo DiCaprio,wool
17,692,5, 1 ,O_Image_56.bmp-S_Lure_137.bmp,Broom-Statue Of Liberty,quake
17,693,5, 1 ,O_Image_81.bmp-F_Lure_41.bmp,Scale-Rod Steward,black
17,694,5, 1 ,S_Image_119.bmp-O_Lure_68.bmp,Louvre-Hat,sweat
17,695,5, 1 ,O_Image_93.bmp-F_Lure_37.bmp,Umbrella-Pierce Brosnan,breakfast
17,696,5, 1 ,S_Image_103.bmp-O_Lure_51.bmp,Big Ben-Basket,steam
17,697,5, 1 ,O_Image_49.bmp-S_Lure_126.bmp,Anchor-Neu schwanstein Castle,wreck
17,698,5, 1 ,F_Image_46.bmp-O_Lure_85.bmp,Wayne Rooney-Sock,scar
17,699,5, 1 ,S_Image_124.bmp-F_Lure_19.bmp,Mount Fuji-James Dean,tube
17,700,5, 1 ,S_Image_125.bmp-O_Lure_52.bmp,Mount Rushmore-Bed,tail
17,701,5, 1 ,S_Image_122.bmp-F_Lure_14.bmp,Mont Saint Michel-Elvis Presley,laundry
17,702,5, 1 ,O_Image_94.bmp-F_Lure_44.bmp,Watch-Tom Hanks,rust
17,703,5, 1 ,F_Image_32.bmp-O_Lure_79.bmp,Mick Jagger-Remote Control,kiss
17,704,5, 1 ,O_Image_94.bmp-F_Lure_44.bmp,Watch-Tom Hanks,rust
17,705,5, 1 ,S_Image_141.bmp-F_Lure_1.bmp,Time Square-Albert Einstein,menu
17,706,5, 1 ,O_Image_63.bmp-F_Lure_48.bmp,Globe-Will Smith,giant
17,707,5, 1 ,S_Image_125.bmp-O_Lure_52.bmp,Mount Rushmore-Bed,tail
17,708,5, 1 ,S_Image_138.bmp-F_Lure_18.bmp,Stonehenge-Jack Nicholson,fuel
17,709,5, 1 ,O_Image_56.bmp-S_Lure_137.bmp,Broom-Statue Of Liberty,quake
17,710,5, 1 ,F_Image_33.bmp-O_Lure_90.bmp,Mother Teresa-Telephone,rock
17,711,5, 1 ,O_Image_49.bmp-S_Lure_126.bmp,Anchor-Neu schwanstein Castle,wreck
17,712,5, 1 ,F_Image_6.bmp-S_Lure_102.bmp,Brad Pitt-Ayers Rock,board
17,713,5, 1 ,O_Image_92.bmp-S_Lure_142.bmp,Trophy-Tower Bridge,vegetable
17,714,5, 1 ,F_Image_12.bmp-O_Lure_76.bmp,David Beckham-Pillows,marble
17,715,5, 1 ,O_Image_69.bmp-F_Lure_25.bmp,Headphones-Leonardo DiCaprio,wool
17,716,5, 1 ,S_Image_119.bmp-O_Lure_68.bmp,Louvre-Hat,sweat
17,717,5, 1 ,S_Image_106.bmp-O_Lure_58.bmp,Christ The Redeemer-Canoe,spray
17,718,5, 1 ,F_Image_10.bmp-O_Lure_77.bmp,Dalai Lama-Radio,measles
17,719,5, 1 ,S_Image_99.bmp-O_Lure_72.bmp,Alhambra-Lightbulb,sand
17,720,5, 1 ,O_Image_91.bmp-F_Lure_26.bmp,Torch-Madonna,army
17,721,5, 1 ,O_Image_93.bmp-F_Lure_37.bmp,Umbrella-Pierce Brosnan,breakfast
17,722,5, 1 ,S_Image_138.bmp-F_Lure_18.bmp,Stonehenge-Jack Nicholson,fuel
17,723,5, 1 ,S_Image_134.bmp-O_Lure_64.bmp,Sagrada Familia-Goggles,corpse
17,724,5, 1 ,F_Image_16.bmp-S_Lure_107.bmp,George Bush-Colosseum,arrow
17,725,5, 1 ,O_Image_60.bmp-S_Lure_127.bmp,Flask-Niagara Falls,stem
17,726,5, 1 ,S_Image_141.bmp-F_Lure_1.bmp,Time Square-Albert Einstein,menu
17,727,5, 1 ,F_Image_43.bmp-O_Lure_95.bmp,Tom Cruise-Wheelchair,seed
17,728,5, 1 ,S_Image_144.bmp-O_Lure_62.bmp,White House-FryingPan,crumb
17,729,5, 1 ,S_Image_125.bmp-O_Lure_52.bmp,Mount Rushmore-Bed,tail
17,730,5, 1 ,S_Image_141.bmp-F_Lure_1.bmp,Time Square-Albert Einstein,menu
17,731,5, 1 ,O_Image_49.bmp-S_Lure_126.bmp,Anchor-Neu schwanstein Castle,wreck
17,732,5, 1 ,O_Image_61.bmp-S_Lure_129.bmp,Football-Petra,sunshine
17,733,5, 1 ,S_Image_117.bmp-O_Lure_73.bmp,Kings College-Microscope,wound
17,734,5, 1 ,S_Image_136.bmp-F_Lure_13.bmp,Sistine Chapel-Elton John,costume
17,735,5, 1 ,S_Image_97.bmp-O_Lure_57.bmp,Akropolis-Brush,shell
17,736,5, 1 ,O_Image_78.bmp-S_Lure_133.bmp,Razor-Rialto Bridge,galaxy
17,737,5, 1 ,F_Image_10.bmp-O_Lure_77.bmp,Dalai Lama-Radio,measles
17,738,5, 1 ,F_Image_9.bmp-O_Lure_82.bmp,Charlie Chaplin-Scissors,yellow
17,739,5, 1 ,S_Image_122.bmp-F_Lure_14.bmp,Mont Saint Michel-Elvis Presley,laundry
17,740,5, 1 ,S_Image_136.bmp-F_Lure_13.bmp,Sistine Chapel-Elton John,costume
17,741,5, 1 ,S_Image_140.bmp-F_Lure_17.bmp,Taj Mahal-George Clooney,antique
17,742,5, 1 ,F_Image_43.bmp-O_Lure_95.bmp,Tom Cruise-Wheelchair,seed
17,743,5, 1 ,S_Image_140.bmp-F_Lure_17.bmp,Taj Mahal-George Clooney,antique
17,744,5, 1 ,O_Image_83.bmp-F_Lure_29.bmp,Shoe-Marilyn Monroe,fire
17,745,5, 1 ,O_Image_60.bmp-S_Lure_127.bmp,Flask-Niagara Falls,stem
17,746,5, 1 ,F_Image_30.bmp-S_Lure_115.bmp,Meryl Streep-Hagia Sophia,attack
17,747,5, 1 ,O_Image_55.bmp-S_Lure_121.bmp,Binoculars-Mecca,water
17,748,5, 1 ,S_Image_117.bmp-O_Lure_73.bmp,Kings College-Microscope,wound
17,749,5, 1 ,O_Image_92.bmp-S_Lure_142.bmp,Trophy-Tower Bridge,vegetable
17,750,5, 1 ,F_Image_16.bmp-S_Lure_107.bmp,George Bush-Colosseum,arrow
17,751,5, 1 ,S_Image_130.bmp-F_Lure_4.bmp,Potala Palace-Barack Obama,snow
17,752,5, 1 ,F_Image_38.bmp-S_Lure_118.bmp,Queen Elisabeth-Leaning Tower,slope
17,753,5, 1 ,O_Image_81.bmp-F_Lure_41.bmp,Scale-Rod Steward,black
17,754,5, 1 ,F_Image_9.bmp-O_Lure_82.bmp,Charlie Chaplin-Scissors,yellow
17,755,5, 1 ,F_Image_24.bmp-S_Lure_101.bmp,Keanu Reeves-Atomium,tourist
17,756,5, 1 ,F_Image_46.bmp-O_Lure_85.bmp,Wayne Rooney-Sock,scar
17,757,5, 1 ,S_Image_99.bmp-O_Lure_72.bmp,Alhambra-Lightbulb,sand
17,758,5, 1 ,O_Image_83.bmp-F_Lure_29.bmp,Shoe-Marilyn Monroe,fire
17,759,5, 1 ,S_Image_124.bmp-F_Lure_19.bmp,Mount Fuji-James Dean,tube
17,760,5, 1 ,F_Image_12.bmp-O_Lure_76.bmp,David Beckham-Pillows,marble
17,761,5, 1 ,F_Image_23.bmp-S_Lure_98.bmp,Julia Roberts-Alcatraz,ghost
17,762,5, 1 ,O_Image_59.bmp-F_Lure_36.bmp,Fan-Penelope Cruz,bubble
17,763,5, 1 ,O_Image_54.bmp-S_Lure_143.bmp,Bicycle-Versailles,harem
17,764,5, 1 ,O_Image_65.bmp-S_Lure_139.bmp,GrandPiano-Sydney Opera,asphalt
17,765,5, 1 ,S_Image_125.bmp-O_Lure_52.bmp,Mount Rushmore-Bed,tail
17,766,5, 1 ,S_Image_144.bmp-O_Lure_62.bmp,White House-FryingPan,crumb
17,767,5, 1 ,S_Image_122.bmp-F_Lure_14.bmp,Mont Saint Michel-Elvis Presley,laundry
17,768,5, 1 ,O_Image_59.bmp-F_Lure_36.bmp,Fan-Penelope Cruz,bubble
17,769,5, 1 ,O_Image_60.bmp-S_Lure_127.bmp,Flask-Niagara Falls,stem
17,770,5, 1 ,O_Image_91.bmp-F_Lure_26.bmp,Torch-Madonna,army
17,771,5, 1 ,O_Image_56.bmp-S_Lure_137.bmp,Broom-Statue Of Liberty,quake
17,772,5, 1 ,S_Image_138.bmp-F_Lure_18.bmp,Stonehenge-Jack Nicholson,fuel
17,773,5, 1 ,S_Image_104.bmp-O_Lure_67.bmp,Brandenburg Gate-Hammock,stripe
17,774,5, 1 ,S_Image_117.bmp-O_Lure_73.bmp,Kings College-Microscope,wound
17,775,5, 1 ,S_Image_119.bmp-O_Lure_68.bmp,Louvre-Hat,sweat
17,776,5, 1 ,O_Image_56.bmp-S_Lure_137.bmp,Broom-Statue Of Liberty,quake
17,777,5, 1 ,S_Image_104.bmp-O_Lure_67.bmp,Brandenburg Gate-Hammock,stripe
17,778,5, 1 ,S_Image_116.bmp-O_Lure_50.bmp,Hollywood Sign-Barbecue,money
17,779,5, 1 ,S_Image_124.bmp-F_Lure_19.bmp,Mount Fuji-James Dean,tube
17,780,5, 1 ,O_Image_69.bmp-F_Lure_25.bmp,Headphones-Leonardo DiCaprio,wool
17,781,5, 1 ,S_Image_116.bmp-O_Lure_50.bmp,Hollywood Sign-Barbecue,money
17,782,5, 1 ,F_Image_38.bmp-S_Lure_118.bmp,Queen Elisabeth-Leaning Tower,slope
17,783,5, 1 ,F_Image_38.bmp-S_Lure_118.bmp,Queen Elisabeth-Leaning Tower,slope
17,784,5, 1 ,F_Image_30.bmp-S_Lure_115.bmp,Meryl Streep-Hagia Sophia,attack
17,785,5, 1 ,O_Image_81.bmp-F_Lure_41.bmp,Scale-Rod Steward,black
17,786,5, 1 ,F_Image_32.bmp-O_Lure_79.bmp,Mick Jagger-Remote Control,kiss
17,787,5, 1 ,F_Image_10.bmp-O_Lure_77.bmp,Dalai Lama-Radio,measles
17,788,5, 1 ,S_Image_100.bmp-F_Lure_2.bmp,Angkor Wat-Amy Winehouse,arch
17,789,5, 1 ,O_Image_61.bmp-S_Lure_129.bmp,Football-Petra,sunshine
17,790,5, 1 ,O_Image_61.bmp-S_Lure_129.bmp,Football-Petra,sunshine
17,791,5, 1 ,F_Image_32.bmp-O_Lure_79.bmp,Mick Jagger-Remote Control,kiss
17,792,5, 1 ,F_Image_30.bmp-S_Lure_115.bmp,Meryl Streep-Hagia Sophia,attack
17,793,5, 1 ,O_Image_55.bmp-S_Lure_121.bmp,Binoculars-Mecca,water
17,794,5, 1 ,F_Image_6.bmp-S_Lure_102.bmp,Brad Pitt-Ayers Rock,board
17,795,5, 1 ,O_Image_59.bmp-F_Lure_36.bmp,Fan-Penelope Cruz,bubble
17,796,5, 1 ,S_Image_100.bmp-F_Lure_2.bmp,Angkor Wat-Amy Winehouse,arch
17,797,5, 1 ,F_Image_6.bmp-S_Lure_102.bmp,Brad Pitt-Ayers Rock,board
17,798,5, 1 ,S_Image_114.bmp-F_Lure_7.bmp,Great Wall-Britney Spears,hurricane
17,799,5, 1 ,S_Image_99.bmp-O_Lure_72.bmp,Alhambra-Lightbulb,sand
17,800,5, 1 ,S_Image_103.bmp-O_Lure_51.bmp,Big Ben-Basket,steam
17,801,5, 1 ,O_Image_96.bmp-S_Lure_123.bmp,Wineglass-Mount Everest,flood
17,802,5, 1 ,F_Image_27.bmp-O_Lure_75.bmp,Mahadma Gandhi-Necklace,angel
17,803,5, 1 ,F_Image_39.bmp-S_Lure_109.bmp,Robbie Williams-Eiffel Tower,honeymoon
17,804,5, 1 ,S_Image_100.bmp-F_Lure_2.bmp,Angkor Wat-Amy Winehouse,arch
17,805,5, 1 ,S_Image_136.bmp-F_Lure_13.bmp,Sistine Chapel-Elton John,costume
17,806,5, 1 ,S_Image_97.bmp-O_Lure_57.bmp,Akropolis-Brush,shell
17,807,5, 1 ,O_Image_49.bmp-S_Lure_126.bmp,Anchor-Neu schwanstein Castle,wreck
17,808,5, 1 ,O_Image_78.bmp-S_Lure_133.bmp,Razor-Rialto Bridge,galaxy
17,809,5, 1 ,O_Image_65.bmp-S_Lure_139.bmp,GrandPiano-Sydney Opera,asphalt
17,810,5, 1 ,O_Image_54.bmp-S_Lure_143.bmp,Bicycle-Versailles,harem
17,811,5, 1 ,O_Image_78.bmp-S_Lure_133.bmp,Razor-Rialto Bridge,galaxy
17,812,5, 1 ,F_Image_10.bmp-O_Lure_77.bmp,Dalai Lama-Radio,measles
17,813,5, 1 ,O_Image_96.bmp-S_Lure_123.bmp,Wineglass-Mount Everest,flood
17,814,5, 1 ,O_Image_55.bmp-S_Lure_121.bmp,Binoculars-Mecca,water
17,815,5, 1 ,F_Image_33.bmp-O_Lure_90.bmp,Mother Teresa-Telephone,rock
17,816,5, 1 ,F_Image_42.bmp-S_Lure_111.bmp,Scarlett Johansson-Gizeh Pyramids,alien
17,817,5, 1 ,O_Image_54.bmp-S_Lure_143.bmp,Bicycle-Versailles,harem
17,818,5, 1 ,S_Image_104.bmp-O_Lure_67.bmp,Brandenburg Gate-Hammock,stripe
17,819,5, 1 ,O_Image_65.bmp-S_Lure_139.bmp,GrandPiano-Sydney Opera,asphalt
17,820,5, 1 ,F_Image_16.bmp-S_Lure_107.bmp,George Bush-Colosseum,arrow
17,821,5, 1 ,F_Image_6.bmp-S_Lure_102.bmp,Brad Pitt-Ayers Rock,board
17,822,5, 1 ,O_Image_91.bmp-F_Lure_26.bmp,Torch-Madonna,army
17,823,5, 1 ,F_Image_33.bmp-O_Lure_90.bmp,Mother Teresa-Telephone,rock
17,824,5, 1 ,S_Image_114.bmp-F_Lure_7.bmp,Great Wall-Britney Spears,hurricane
17,825,5, 1 ,F_Image_42.bmp-S_Lure_111.bmp,Scarlett Johansson-Gizeh Pyramids,alien
17,826,5, 1 ,S_Image_124.bmp-F_Lure_19.bmp,Mount Fuji-James Dean,tube
17,827,5, 1 ,F_Image_27.bmp-O_Lure_75.bmp,Mahadma Gandhi-Necklace,angel
17,828,5, 1 ,O_Image_78.bmp-S_Lure_133.bmp,Razor-Rialto Bridge,galaxy
17,829,5, 1 ,O_Image_91.bmp-F_Lure_26.bmp,Torch-Madonna,army
17,830,5, 1 ,F_Image_33.bmp-O_Lure_90.bmp,Mother Teresa-Telephone,rock
17,831,5, 1 ,S_Image_140.bmp-F_Lure_17.bmp,Taj Mahal-George Clooney,antique
17,832,5, 1 ,O_Image_59.bmp-F_Lure_36.bmp,Fan-Penelope Cruz,bubble
17,833,5, 1 ,F_Image_39.bmp-S_Lure_109.bmp,Robbie Williams-Eiffel Tower,honeymoon
17,834,5, 1 ,F_Image_42.bmp-S_Lure_111.bmp,Scarlett Johansson-Gizeh Pyramids,alien
17,835,5, 1 ,F_Image_24.bmp-S_Lure_101.bmp,Keanu Reeves-Atomium,tourist
17,836,5, 1 ,S_Image_130.bmp-F_Lure_4.bmp,Potala Palace-Barack Obama,snow
17,837,5, 1 ,O_Image_60.bmp-S_Lure_127.bmp,Flask-Niagara Falls,stem
17,838,5, 1 ,O_Image_93.bmp-F_Lure_37.bmp,Umbrella-Pierce Brosnan,breakfast
17,839,5, 1 ,O_Image_83.bmp-F_Lure_29.bmp,Shoe-Marilyn Monroe,fire
17,840,5, 1 ,F_Image_43.bmp-O_Lure_95.bmp,Tom Cruise-Wheelchair,seed
17,841,5, 1 ,O_Image_54.bmp-S_Lure_143.bmp,Bicycle-Versailles,harem
17,842,5, 1 ,S_Image_134.bmp-O_Lure_64.bmp,Sagrada Familia-Goggles,corpse
17,843,5, 1 ,O_Image_63.bmp-F_Lure_48.bmp,Globe-Will Smith,giant
17,844,5, 1 ,F_Image_24.bmp-S_Lure_101.bmp,Keanu Reeves-Atomium,tourist
17,845,5, 1 ,O_Image_65.bmp-S_Lure_139.bmp,GrandPiano-Sydney Opera,asphalt
17,846,5, 1 ,S_Image_144.bmp-O_Lure_62.bmp,White House-FryingPan,crumb
17,847,5, 1 ,S_Image_104.bmp-O_Lure_67.bmp,Brandenburg Gate-Hammock,stripe
17,848,5, 1 ,S_Image_140.bmp-F_Lure_17.bmp,Taj Mahal-George Clooney,antique
17,849,5, 1 ,F_Image_42.bmp-S_Lure_111.bmp,Scarlett Johansson-Gizeh Pyramids,alien
17,850,5, 1 ,F_Image_27.bmp-O_Lure_75.bmp,Mahadma Gandhi-Necklace,angel
17,851,5, 1 ,S_Image_103.bmp-O_Lure_51.bmp,Big Ben-Basket,steam
17,852,5, 1 ,O_Image_94.bmp-F_Lure_44.bmp,Watch-Tom Hanks,rust
17,853,5, 1 ,O_Image_69.bmp-F_Lure_25.bmp,Headphones-Leonardo DiCaprio,wool
17,854,5, 1 ,S_Image_144.bmp-O_Lure_62.bmp,White House-FryingPan,crumb
17,855,5, 1 ,S_Image_97.bmp-O_Lure_57.bmp,Akropolis-Brush,shell
17,856,5, 1 ,S_Image_106.bmp-O_Lure_58.bmp,Christ The Redeemer-Canoe,spray
17,857,5, 1 ,O_Image_96.bmp-S_Lure_123.bmp,Wineglass-Mount Everest,flood
17,858,5, 1 ,O_Image_55.bmp-S_Lure_121.bmp,Binoculars-Mecca,water
17,859,5, 1 ,S_Image_106.bmp-O_Lure_58.bmp,Christ The Redeemer-Canoe,spray
17,860,5, 1 ,S_Image_134.bmp-O_Lure_64.bmp,Sagrada Familia-Goggles,corpse
17,861,5, 1 ,F_Image_39.bmp-S_Lure_109.bmp,Robbie Williams-Eiffel Tower,honeymoon
17,862,5, 1 ,F_Image_27.bmp-O_Lure_75.bmp,Mahadma Gandhi-Necklace,angel
17,863,5, 1 ,F_Image_23.bmp-S_Lure_98.bmp,Julia Roberts-Alcatraz,ghost
17,864,5, 1 ,S_Image_130.bmp-F_Lure_4.bmp,Potala Palace-Barack Obama,snow
17,865,5, 1 ,O_Image_92.bmp-S_Lure_142.bmp,Trophy-Tower Bridge,vegetable
17,866,5, 1 ,S_Image_141.bmp-F_Lure_1.bmp,Time Square-Albert Einstein,menu
17,867,5, 1 ,S_Image_103.bmp-O_Lure_51.bmp,Big Ben-Basket,steam
17,868,5, 1 ,O_Image_63.bmp-F_Lure_48.bmp,Globe-Will Smith,giant
17,869,5, 1 ,O_Image_96.bmp-S_Lure_123.bmp,Wineglass-Mount Everest,flood
17,870,5, 1 ,S_Image_136.bmp-F_Lure_13.bmp,Sistine Chapel-Elton John,costume
17,871,5, 1 ,F_Image_38.bmp-S_Lure_118.bmp,Queen Elisabeth-Leaning Tower,slope
17,872,5, 1 ,S_Image_117.bmp-O_Lure_73.bmp,Kings College-Microscope,wound
17,873,5, 1 ,S_Image_122.bmp-F_Lure_14.bmp,Mont Saint Michel-Elvis Presley,laundry
17,874,5, 1 ,S_Image_116.bmp-O_Lure_50.bmp,Hollywood Sign-Barbecue,money
17,875,5, 1 ,O_Image_81.bmp-F_Lure_41.bmp,Scale-Rod Steward,black
17,876,5, 1 ,F_Image_46.bmp-O_Lure_85.bmp,Wayne Rooney-Sock,scar
17,877,5, 1 ,F_Image_16.bmp-S_Lure_107.bmp,George Bush-Colosseum,arrow
17,878,5, 1 ,S_Image_106.bmp-O_Lure_58.bmp,Christ The Redeemer-Canoe,spray
17,879,5, 1 ,O_Image_94.bmp-F_Lure_44.bmp,Watch-Tom Hanks,rust
17,880,5, 1 ,S_Image_119.bmp-O_Lure_68.bmp,Louvre-Hat,sweat
17,881,5, 1 ,S_Image_99.bmp-O_Lure_72.bmp,Alhambra-Lightbulb,sand
17,882,5, 1 ,S_Image_116.bmp-O_Lure_50.bmp,Hollywood Sign-Barbecue,money
17,883,5, 1 ,S_Image_97.bmp-O_Lure_57.bmp,Akropolis-Brush,shell
17,884,5, 1 ,F_Image_32.bmp-O_Lure_79.bmp,Mick Jagger-Remote Control,kiss
17,885,5, 1 ,F_Image_39.bmp-S_Lure_109.bmp,Robbie Williams-Eiffel Tower,honeymoon
17,886,5, 1 ,S_Image_114.bmp-F_Lure_7.bmp,Great Wall-Britney Spears,hurricane
17,887,5, 1 ,O_Image_83.bmp-F_Lure_29.bmp,Shoe-Marilyn Monroe,fire
17,888,5, 1 ,O_Image_63.bmp-F_Lure_48.bmp,Globe-Will Smith,giant
17,889,5, 1 ,F_Image_30.bmp-S_Lure_115.bmp,Meryl Streep-Hagia Sophia,attack
17,890,5, 1 ,F_Image_9.bmp-O_Lure_82.bmp,Charlie Chaplin-Scissors,yellow
17,891,5, 1 ,F_Image_43.bmp-O_Lure_95.bmp,Tom Cruise-Wheelchair,seed
17,892,5, 1 ,F_Image_23.bmp-S_Lure_98.bmp,Julia Roberts-Alcatraz,ghost
17,893,5, 1 ,S_Image_134.bmp-O_Lure_64.bmp,Sagrada Familia-Goggles,corpse
17,894,5, 1 ,S_Image_114.bmp-F_Lure_7.bmp,Great Wall-Britney Spears,hurricane
17,895,5, 1 ,F_Image_9.bmp-O_Lure_82.bmp,Charlie Chaplin-Scissors,yellow
17,896,5, 1 ,F_Image_12.bmp-O_Lure_76.bmp,David Beckham-Pillows,marble
17,897,5, 1 ,S_Image_138.bmp-F_Lure_18.bmp,Stonehenge-Jack Nicholson,fuel
17,898,5, 1 ,F_Image_46.bmp-O_Lure_85.bmp,Wayne Rooney-Sock,scar
17,899,6,1,S_Image_131.bmp-S_Lure_131.bmp,Rapa Nui,drizzle
17,900,6,1,O_Image_75.bmp-O_Lure_75.bmp,Necklace,angel
17,901,6,1,S_Image_126.bmp-S_Lure_126.bmp,Neu schwanstein Castle,wreck
17,902,6,1,O_Image_71.bmp-O_Lure_71.bmp,Ladder,cone
17,903,6,1,O_Image_87.bmp-O_Lure_87.bmp,Stapler,orchestra
17,904,6,1,S_Image_137.bmp-S_Lure_137.bmp,Statue Of Liberty,quake
17,905,6,1,S_Image_120.bmp-S_Lure_120.bmp,Machu Picchu,shadow
17,906,6,1,O_Image_73.bmp-O_Lure_73.bmp,Microscope,wound
17,907,6,1,F_Image_1.bmp-F_Lure_1.bmp,Albert Einstein,menu
17,908,6,1,F_Image_3.bmp-F_Lure_3.bmp,Angela Merkel,paper
17,909,6,1,O_Image_64.bmp-O_Lure_64.bmp,Goggles,corpse
17,910,6,1,S_Image_139.bmp-S_Lure_139.bmp,Sydney Opera,asphalt
17,911,6,1,O_Image_80.bmp-O_Lure_80.bmp,Rope,animal
17,912,6,1,F_Image_31.bmp-F_Lure_31.bmp,Michael Jackson,witch
17,913,6,1,O_Image_62.bmp-O_Lure_62.bmp,FryingPan,crumb
17,914,6,1,F_Image_18.bmp-F_Lure_18.bmp,Jack Nicholson,fuel
17,915,6,1,S_Image_143.bmp-S_Lure_143.bmp,Versailles,harem
17,916,6,1,S_Image_132.bmp-S_Lure_132.bmp,Red Square,triangle
17,917,6,1,O_Image_90.bmp-O_Lure_90.bmp,Telephone,rock
17,918,6,1,S_Image_112.bmp-S_Lure_112.bmp,Golden Gate Bridge,hostage
17,919,6,1,F_Image_41.bmp-F_Lure_41.bmp,Rod Steward,black
17,920,6,1,O_Image_51.bmp-O_Lure_51.bmp,Basket,steam
17,921,6,1,S_Image_113.bmp-S_Lure_113.bmp,Grand Canyon,cloud
17,922,6,1,S_Image_111.bmp-S_Lure_111.bmp,Gizeh Pyramids,alien
17,923,6,1,F_Image_2.bmp-F_Lure_2.bmp,Amy Winehouse,arch
17,924,6,1,F_Image_36.bmp-F_Lure_36.bmp,Penelope Cruz,bubble
17,925,6,1,O_Image_57.bmp-O_Lure_57.bmp,Brush,shell
17,926,6,1,O_Image_58.bmp-O_Lure_58.bmp,Canoe,spray
17,927,6,1,S_Image_108.bmp-S_Lure_108.bmp,Dover Cliffs,spike
17,928,6,1,F_Image_17.bmp-F_Lure_17.bmp,George Clooney,antique
17,929,6,1,F_Image_4.bmp-F_Lure_4.bmp,Barack Obama,snow
17,930,6,1,O_Image_50.bmp-O_Lure_50.bmp,Barbecue,money
17,931,6,1,S_Image_98.bmp-S_Lure_98.bmp,Alcatraz,ghost
17,932,6,1,O_Image_79.bmp-O_Lure_79.bmp,Remote Control,kiss
17,933,6,1,O_Image_52.bmp-O_Lure_52.bmp,Bed,tail
17,934,6,1,O_Image_76.bmp-O_Lure_76.bmp,Pillows,marble
17,935,6,1,S_Image_129.bmp-S_Lure_129.bmp,Petra,sunshine
17,936,6,1,S_Image_142.bmp-S_Lure_142.bmp,Tower Bridge,vegetable
17,937,6,1,S_Image_107.bmp-S_Lure_107.bmp,Colosseum,arrow
17,938,6,1,F_Image_21.bmp-F_Lure_21.bmp,John Lennon,poison
17,939,6,1,F_Image_29.bmp-F_Lure_29.bmp,Marilyn Monroe,fire
17,940,6,1,O_Image_77.bmp-O_Lure_77.bmp,Radio,measles
17,941,6,1,O_Image_67.bmp-O_Lure_67.bmp,Hammock,stripe
17,942,6,1,F_Image_25.bmp-F_Lure_25.bmp,Leonardo DiCaprio,wool
17,943,6,1,F_Image_44.bmp-F_Lure_44.bmp,Tom Hanks,rust
17,944,6,1,F_Image_22.bmp-F_Lure_22.bmp,Judi Dench,alcohol
17,945,6,1,S_Image_133.bmp-S_Lure_133.bmp,Rialto Bridge,galaxy
17,946,6,1,O_Image_85.bmp-O_Lure_85.bmp,Sock,scar
17,947,6,1,F_Image_26.bmp-F_Lure_26.bmp,Madonna,army
17,948,6,1,O_Image_95.bmp-O_Lure_95.bmp,Wheelchair,seed
17,949,6,1,S_Image_102.bmp-S_Lure_102.bmp,Ayers Rock,board
17,950,6,1,S_Image_127.bmp-S_Lure_127.bmp,Niagara Falls,stem
17,951,6,1,O_Image_68.bmp-O_Lure_68.bmp,Hat,sweat
17,952,6,1,F_Image_13.bmp-F_Lure_13.bmp,Elton John,costume
17,953,6,1,S_Image_123.bmp-S_Lure_123.bmp,Mount Everest,flood
17,954,6,1,O_Image_89.bmp-O_Lure_89.bmp,Teddybear,tear
17,955,6,1,S_Image_121.bmp-S_Lure_121.bmp,Mecca,water
17,956,6,1,S_Image_118.bmp-S_Lure_118.bmp,Leaning Tower,slope
17,957,6,1,F_Image_14.bmp-F_Lure_14.bmp,Elvis Presley,laundry
17,958,6,1,S_Image_101.bmp-S_Lure_101.bmp,Atomium,tourist
17,959,6,1,S_Image_109.bmp-S_Lure_109.bmp,Eiffel Tower,honeymoon
17,960,6,1,S_Image_115.bmp-S_Lure_115.bmp,Hagia Sophia,attack
17,961,6,1,F_Image_48.bmp-F_Lure_48.bmp,Will Smith,giant
17,962,6,1,F_Image_15.bmp-F_Lure_15.bmp,Fidel Castro,signal
17,963,6,1,F_Image_37.bmp-F_Lure_37.bmp,Pierce Brosnan,breakfast
17,964,6,1,F_Image_7.bmp-F_Lure_7.bmp,Britney Spears,hurricane
17,965,6,1,O_Image_82.bmp-O_Lure_82.bmp,Scissors,yellow
17,966,6,1,F_Image_45.bmp-F_Lure_45.bmp,Tony Blair,lever
17,967,6,1,O_Image_88.bmp-O_Lure_88.bmp,Suitcase,magnet
17,968,6,1,O_Image_72.bmp-O_Lure_72.bmp,Lightbulb,sand
17,969,6,1,F_Image_34.bmp-F_Lure_34.bmp,Nelson Mandela,corner
17,970,6,1,F_Image_19.bmp-F_Lure_19.bmp,James Dean,tube
17,971,6,1,F_Image_47.bmp-F_Lure_47.bmp,Whoopi Goldberg,shadow
17,972,6,1,O_Image_69.bmp-O_Lure_69.bmp,Headphones,wool
17,973,6,1,S_Image_130.bmp-S_Lure_130.bmp,Potala Palace,snow
17,974,6,1,S_Image_134.bmp-S_Lure_134.bmp,Sagrada Familia,corpse
17,975,6,1,O_Image_84.bmp-O_Lure_84.bmp,Skirt,alcohol
17,976,6,1,O_Image_86.bmp-O_Lure_86.bmp,Soother,corner
17,977,6,1,S_Image_97.bmp-S_Lure_97.bmp,Akropolis,shell
17,978,6,1,F_Image_38.bmp-F_Lure_38.bmp,Queen Elisabeth,slope
17,979,6,1,O_Image_59.bmp-O_Lure_59.bmp,Fan,bubble
17,980,6,1,S_Image_100.bmp-S_Lure_100.bmp,Angkor Wat,arch
17,981,6,1,O_Image_56.bmp-O_Lure_56.bmp,Broom,quake
17,982,6,1,F_Image_39.bmp-F_Lure_39.bmp,Robbie Williams,honeymoon
17,983,6,1,S_Image_141.bmp-S_Lure_141.bmp,Time Square,menu
17,984,6,1,O_Image_61.bmp-O_Lure_61.bmp,Football,sunshine
17,985,6,1,S_Image_117.bmp-S_Lure_117.bmp,Kings College,wound
17,986,6,1,O_Image_91.bmp-O_Lure_91.bmp,Torch,army
17,987,6,1,F_Image_20.bmp-F_Lure_20.bmp,Jennifer Lopez,magnet
17,988,6,1,F_Image_23.bmp-F_Lure_23.bmp,Julia Roberts,ghost
17,989,6,1,F_Image_9.bmp-F_Lure_9.bmp,Charlie Chaplin,yellow
17,990,6,1,O_Image_65.bmp-O_Lure_65.bmp,GrandPiano,asphalt
17,991,6,1,F_Image_32.bmp-F_Lure_32.bmp,Mick Jagger,kiss
17,992,6,1,S_Image_114.bmp-S_Lure_114.bmp,Great Wall,hurricane
17,993,6,1,S_Image_122.bmp-S_Lure_122.bmp,Mont Saint Michel,laundry
17,994,6,1,S_Image_128.bmp-S_Lure_128.bmp,Notre Dame,cone
17,995,6,1,F_Image_40.bmp-F_Lure_40.bmp,Robert De Niro,hostage
17,996,6,1,S_Image_104.bmp-S_Lure_104.bmp,Brandenburg Gate,stripe
17,997,6,1,S_Image_105.bmp-S_Lure_105.bmp,Chichen Itza,signal
17,998,6,1,O_Image_96.bmp-O_Lure_96.bmp,Wineglass,flood
17,999,6,1,S_Image_138.bmp-S_Lure_138.bmp,Stonehenge,fuel
17,1000,6,1,O_Image_55.bmp-O_Lure_55.bmp,Binoculars,water
17,1001,6,1,O_Image_78.bmp-O_Lure_78.bmp,Razor,galaxy
17,1002,6,1,S_Image_103.bmp-S_Lure_103.bmp,Big Ben,steam
17,1003,6,1,O_Image_53.bmp-O_Lure_53.bmp,Belt,lever
17,1004,6,1,F_Image_28.bmp-F_Lure_28.bmp,Margaret Thatcher,orchestra
17,1005,6,1,O_Image_66.bmp-O_Lure_66.bmp,Guitar,drizzle
17,1006,6,1,O_Image_54.bmp-O_Lure_54.bmp,Bicycle,harem
17,1007,6,1,S_Image_119.bmp-S_Lure_119.bmp,Louvre,sweat
17,1008,6,1,O_Image_60.bmp-O_Lure_60.bmp,Flask,stem
17,1009,6,1,O_Image_74.bmp-O_Lure_74.bmp,Mirror,witch
17,1010,6,1,S_Image_140.bmp-S_Lure_140.bmp,Taj Mahal,antique
17,1011,6,1,O_Image_83.bmp-O_Lure_83.bmp,Shoe,fire
17,1012,6,1,S_Image_136.bmp-S_Lure_136.bmp,Sistine Chapel,costume
17,1013,6,1,O_Image_94.bmp-O_Lure_94.bmp,Watch,rust
17,1014,6,1,O_Image_49.bmp-O_Lure_49.bmp,Anchor,wreck
17,1015,6,1,O_Image_93.bmp-O_Lure_93.bmp,Umbrella,breakfast
17,1016,6,1,F_Image_16.bmp-F_Lure_16.bmp,George Bush,arrow
17,1017,6,1,F_Image_46.bmp-F_Lure_46.bmp,Wayne Rooney,scar
17,1018,6,1,F_Image_6.bmp-F_Lure_6.bmp,Brad Pitt,board
17,1019,6,1,F_Image_42.bmp-F_Lure_42.bmp,Scarlett Johansson,alien
17,1020,6,1,S_Image_144.bmp-S_Lure_144.bmp,White House,crumb
17,1021,6,1,F_Image_5.bmp-F_Lure_5.bmp,Bill Clinton,tear
17,1022,6,1,O_Image_70.bmp-O_Lure_70.bmp,Key,triangle
17,1023,6,1,F_Image_8.bmp-F_Lure_8.bmp,Cameron Diaz,animal
17,1024,6,1,O_Image_63.bmp-O_Lure_63.bmp,Globe,giant
17,1025,6,1,O_Image_92.bmp-O_Lure_92.bmp,Trophy,vegetable
17,1026,6,1,O_Image_81.bmp-O_Lure_81.bmp,Scale,black
17,1027,6,1,F_Image_11.bmp-F_Lure_11.bmp,Daniel Radcliffe,cloud
17,1028,6,1,S_Image_106.bmp-S_Lure_106.bmp,Christ The Redeemer,spray
17,1029,6,1,F_Image_12.bmp-F_Lure_12.bmp,David Beckham,marble
17,1030,6,1,F_Image_27.bmp-F_Lure_27.bmp,Mahadma Gandhi,angel
17,1031,6,1,F_Image_30.bmp-F_Lure_30.bmp,Meryl Streep,attack
17,1032,6,1,F_Image_24.bmp-F_Lure_24.bmp,Keanu Reeves,tourist
17,1033,6,1,S_Image_125.bmp-S_Lure_125.bmp,Mount Rushmore,tail
17,1034,6,1,F_Image_35.bmp-F_Lure_35.bmp,Nikola Sarkozy,spike
17,1035,6,1,S_Image_135.bmp-S_Lure_135.bmp,Sahara Desert,poison
17,1036,6,1,F_Image_33.bmp-F_Lure_33.bmp,Mother Teresa,rock
17,1037,6,1,S_Image_99.bmp-S_Lure_99.bmp,Alhambra,sand
17,1038,6,1,S_Image_116.bmp-S_Lure_116.bmp,Hollywood Sign,money
17,1039,6,1,F_Image_43.bmp-F_Lure_43.bmp,Tom Cruise,seed
17,1040,6,1,S_Image_110.bmp-S_Lure_110.bmp,Forbidden City,paper
17,1041,6,1,F_Image_10.bmp-F_Lure_10.bmp,Dalai Lama,measles
17,1042,6,1,S_Image_124.bmp-S_Lure_124.bmp,Mount Fuji,tube
