4,Trial,Cond,Block,ImageFiles,Labels,Cues
4,1,1,1,S_Image_110.bmp,Forbidden City,NaN
4,2,1,1,F_Image_40.bmp,Robert De Niro,NaN
4,3,1,1,F_Image_41.bmp,Rod Steward,NaN
4,4,1,1,F_Lure_12.bmp,David Beckham,NaN
4,5,1,1,F_Lure_5.bmp,Bill Clinton,NaN
4,6,1,1,F_Image_11.bmp,Daniel Radcliffe,NaN
4,7,1,1,F_Image_39.bmp,Robbie Williams,NaN
4,8,1,1,O_Lure_91.bmp,Torch,NaN
4,9,1,1,F_Lure_14.bmp,Elvis Presley,NaN
4,10,1,1,S_Lure_107.bmp,Colosseum,NaN
4,11,1,1,F_Image_2.bmp,Amy Winehouse,NaN
4,12,1,1,F_Image_16.bmp,George Bush,NaN
4,13,1,1,S_Lure_131.bmp,Rapa Nui,NaN
4,14,1,1,O_Lure_66.bmp,Guitar,NaN
4,15,1,1,F_Image_3.bmp,Angela Merkel,NaN
4,16,1,1,S_Image_144.bmp,White House,NaN
4,17,1,1,F_Lure_35.bmp,Nikola Sarkozy,NaN
4,18,1,1,F_Lure_24.bmp,Keanu Reeves,NaN
4,19,1,1,F_Lure_18.bmp,Jack Nicholson,NaN
4,20,1,1,S_Image_108.bmp,Dover Cliffs,NaN
4,21,1,1,F_Image_48.bmp,Will Smith,NaN
4,22,1,1,O_Lure_60.bmp,Flask,NaN
4,23,1,1,F_Lure_33.bmp,Mother Teresa,NaN
4,24,1,1,S_Lure_135.bmp,Sahara Desert,NaN
4,25,1,1,S_Lure_143.bmp,Versailles,NaN
4,26,1,1,O_Image_60.bmp,Flask,NaN
4,27,1,1,F_Lure_4.bmp,Barack Obama,NaN
4,28,1,1,S_Lure_127.bmp,Niagara Falls,NaN
4,29,1,1,S_Lure_122.bmp,Mont Saint Michel,NaN
4,30,1,1,F_Lure_45.bmp,Tony Blair,NaN
4,31,1,1,O_Lure_69.bmp,Headphones,NaN
4,32,1,1,O_Image_53.bmp,Belt,NaN
4,33,1,1,F_Lure_19.bmp,James Dean,NaN
4,34,1,1,F_Lure_8.bmp,Cameron Diaz,NaN
4,35,1,1,O_Lure_92.bmp,Trophy,NaN
4,36,1,1,S_Image_102.bmp,Ayers Rock,NaN
4,37,1,1,F_Image_33.bmp,Mother Teresa,NaN
4,38,1,1,S_Image_131.bmp,Rapa Nui,NaN
4,39,1,1,O_Image_55.bmp,Binoculars,NaN
4,40,1,1,F_Image_14.bmp,Elvis Presley,NaN
4,41,1,1,S_Image_132.bmp,Red Square,NaN
4,42,1,1,S_Image_127.bmp,Niagara Falls,NaN
4,43,1,1,F_Image_6.bmp,Brad Pitt,NaN
4,44,1,1,O_Image_92.bmp,Trophy,NaN
4,45,1,1,S_Lure_130.bmp,Potala Palace,NaN
4,46,1,1,S_Lure_124.bmp,Mount Fuji,NaN
4,47,1,1,S_Lure_141.bmp,Time Square,NaN
4,48,1,1,S_Image_105.bmp,Chichen Itza,NaN
4,49,1,1,O_Lure_83.bmp,Shoe,NaN
4,50,1,1,S_Image_136.bmp,Sistine Chapel,NaN
4,51,1,1,S_Image_112.bmp,Golden Gate Bridge,NaN
4,52,1,1,F_Lure_11.bmp,Daniel Radcliffe,NaN
4,53,1,1,S_Lure_144.bmp,White House,NaN
4,54,1,1,S_Image_98.bmp,Alcatraz,NaN
4,55,1,1,O_Lure_52.bmp,Bed,NaN
4,56,1,1,O_Image_71.bmp,Ladder,NaN
4,57,1,1,O_Image_80.bmp,Rope,NaN
4,58,1,1,F_Lure_34.bmp,Nelson Mandela,NaN
4,59,1,1,S_Image_129.bmp,Petra,NaN
4,60,1,1,S_Lure_115.bmp,Hagia Sophia,NaN
4,61,1,1,F_Image_18.bmp,Jack Nicholson,NaN
4,62,1,1,F_Lure_13.bmp,Elton John,NaN
4,63,1,1,O_Image_77.bmp,Radio,NaN
4,64,1,1,S_Lure_117.bmp,Kings College,NaN
4,65,1,1,O_Image_72.bmp,Lightbulb,NaN
4,66,1,1,F_Image_35.bmp,Nikola Sarkozy,NaN
4,67,1,1,O_Image_52.bmp,Bed,NaN
4,68,1,1,O_Image_87.bmp,Stapler,NaN
4,69,1,1,F_Image_10.bmp,Dalai Lama,NaN
4,70,1,1,O_Lure_75.bmp,Necklace,NaN
4,71,1,1,F_Image_45.bmp,Tony Blair,NaN
4,72,1,1,S_Image_122.bmp,Mont Saint Michel,NaN
4,73,1,1,S_Lure_103.bmp,Big Ben,NaN
4,74,1,1,S_Image_143.bmp,Versailles,NaN
4,75,1,1,F_Image_20.bmp,Jennifer Lopez,NaN
4,76,1,1,O_Lure_58.bmp,Canoe,NaN
4,77,1,1,O_Lure_72.bmp,Lightbulb,NaN
4,78,1,1,O_Image_56.bmp,Broom,NaN
4,79,1,1,O_Image_89.bmp,Teddybear,NaN
4,80,1,1,F_Image_21.bmp,John Lennon,NaN
4,81,1,1,F_Image_23.bmp,Julia Roberts,NaN
4,82,1,1,O_Image_49.bmp,Anchor,NaN
4,83,1,1,F_Lure_6.bmp,Brad Pitt,NaN
4,84,1,1,F_Image_19.bmp,James Dean,NaN
4,85,1,1,F_Lure_40.bmp,Robert De Niro,NaN
4,86,1,1,F_Lure_20.bmp,Jennifer Lopez,NaN
4,87,1,1,F_Lure_43.bmp,Tom Cruise,NaN
4,88,1,1,S_Image_130.bmp,Potala Palace,NaN
4,89,1,1,S_Lure_112.bmp,Golden Gate Bridge,NaN
4,90,1,1,O_Image_65.bmp,GrandPiano,NaN
4,91,1,1,O_Lure_89.bmp,Teddybear,NaN
4,92,1,1,F_Lure_9.bmp,Charlie Chaplin,NaN
4,93,1,1,S_Image_119.bmp,Louvre,NaN
4,94,1,1,O_Image_79.bmp,Remote Control,NaN
4,95,1,1,F_Image_43.bmp,Tom Cruise,NaN
4,96,1,1,O_Lure_80.bmp,Rope,NaN
4,97,1,1,S_Lure_133.bmp,Rialto Bridge,NaN
4,98,1,1,S_Image_142.bmp,Tower Bridge,NaN
4,99,1,1,F_Image_8.bmp,Cameron Diaz,NaN
4,100,1,1,O_Lure_62.bmp,FryingPan,NaN
4,101,1,1,O_Lure_78.bmp,Razor,NaN
4,102,1,1,O_Lure_96.bmp,Wineglass,NaN
4,103,1,1,S_Lure_116.bmp,Hollywood Sign,NaN
4,104,1,1,F_Lure_48.bmp,Will Smith,NaN
4,105,1,1,F_Lure_39.bmp,Robbie Williams,NaN
4,106,1,1,S_Lure_99.bmp,Alhambra,NaN
4,107,1,1,O_Lure_85.bmp,Sock,NaN
4,108,1,1,S_Image_115.bmp,Hagia Sophia,NaN
4,109,1,1,S_Lure_106.bmp,Christ The Redeemer,NaN
4,110,1,1,O_Lure_56.bmp,Broom,NaN
4,111,1,1,F_Lure_37.bmp,Pierce Brosnan,NaN
4,112,1,1,F_Lure_25.bmp,Leonardo DiCaprio,NaN
4,113,1,1,F_Image_22.bmp,Judi Dench,NaN
4,114,1,1,O_Image_51.bmp,Basket,NaN
4,115,1,1,O_Image_84.bmp,Skirt,NaN
4,116,1,1,S_Lure_113.bmp,Grand Canyon,NaN
4,117,1,1,S_Image_100.bmp,Angkor Wat,NaN
4,118,1,1,S_Image_140.bmp,Taj Mahal,NaN
4,119,1,1,F_Lure_16.bmp,George Bush,NaN
4,120,1,1,S_Lure_138.bmp,Stonehenge,NaN
4,121,1,1,F_Lure_44.bmp,Tom Hanks,NaN
4,122,1,1,F_Image_32.bmp,Mick Jagger,NaN
4,123,1,1,F_Lure_32.bmp,Mick Jagger,NaN
4,124,1,1,S_Lure_109.bmp,Eiffel Tower,NaN
4,125,1,1,F_Image_4.bmp,Barack Obama,NaN
4,126,1,1,S_Lure_100.bmp,Angkor Wat,NaN
4,127,1,1,S_Lure_108.bmp,Dover Cliffs,NaN
4,128,1,1,O_Image_50.bmp,Barbecue,NaN
4,129,1,1,F_Image_28.bmp,Margaret Thatcher,NaN
4,130,1,1,S_Lure_134.bmp,Sagrada Familia,NaN
4,131,1,1,O_Lure_90.bmp,Telephone,NaN
4,132,1,1,F_Lure_27.bmp,Mahadma Gandhi,NaN
4,133,1,1,F_Image_12.bmp,David Beckham,NaN
4,134,1,1,F_Image_31.bmp,Michael Jackson,NaN
4,135,1,1,S_Image_103.bmp,Big Ben,NaN
4,136,1,1,F_Lure_17.bmp,George Clooney,NaN
4,137,1,1,F_Image_9.bmp,Charlie Chaplin,NaN
4,138,1,1,S_Lure_110.bmp,Forbidden City,NaN
4,139,1,1,O_Image_73.bmp,Microscope,NaN
4,140,1,1,F_Image_29.bmp,Marilyn Monroe,NaN
4,141,1,1,F_Lure_2.bmp,Amy Winehouse,NaN
4,142,1,1,S_Image_104.bmp,Brandenburg Gate,NaN
4,143,1,1,O_Lure_70.bmp,Key,NaN
4,144,1,1,O_Image_93.bmp,Umbrella,NaN
4,145,1,1,O_Image_94.bmp,Watch,NaN
4,146,1,1,S_Lure_121.bmp,Mecca,NaN
4,147,1,1,O_Lure_77.bmp,Radio,NaN
4,148,1,1,S_Image_123.bmp,Mount Everest,NaN
4,149,1,1,S_Image_137.bmp,Statue Of Liberty,NaN
4,150,1,1,F_Lure_23.bmp,Julia Roberts,NaN
4,151,1,1,O_Lure_81.bmp,Scale,NaN
4,152,1,1,O_Image_62.bmp,FryingPan,NaN
4,153,1,1,S_Image_138.bmp,Stonehenge,NaN
4,154,1,1,O_Image_61.bmp,Football,NaN
4,155,1,1,S_Lure_125.bmp,Mount Rushmore,NaN
4,156,1,1,O_Lure_51.bmp,Basket,NaN
4,157,1,1,O_Lure_54.bmp,Bicycle,NaN
4,158,1,1,O_Image_75.bmp,Necklace,NaN
4,159,1,1,O_Lure_59.bmp,Fan,NaN
4,160,1,1,O_Lure_53.bmp,Belt,NaN
4,161,1,1,O_Lure_94.bmp,Watch,NaN
4,162,1,1,S_Lure_142.bmp,Tower Bridge,NaN
4,163,1,1,F_Lure_30.bmp,Meryl Streep,NaN
4,164,1,1,S_Image_99.bmp,Alhambra,NaN
4,165,1,1,S_Image_120.bmp,Machu Picchu,NaN
4,166,1,1,F_Lure_47.bmp,Whoopi Goldberg,NaN
4,167,1,1,S_Lure_136.bmp,Sistine Chapel,NaN
4,168,1,1,F_Image_34.bmp,Nelson Mandela,NaN
4,169,1,1,O_Image_96.bmp,Wineglass,NaN
4,170,1,1,S_Lure_105.bmp,Chichen Itza,NaN
4,171,1,1,F_Lure_1.bmp,Albert Einstein,NaN
4,172,1,1,F_Lure_46.bmp,Wayne Rooney,NaN
4,173,1,1,S_Image_118.bmp,Leaning Tower,NaN
4,174,1,1,F_Lure_3.bmp,Angela Merkel,NaN
4,175,1,1,S_Image_113.bmp,Grand Canyon,NaN
4,176,1,1,O_Image_58.bmp,Canoe,NaN
4,177,1,1,S_Lure_126.bmp,Neu schwanstein Castle,NaN
4,178,1,1,S_Lure_140.bmp,Taj Mahal,NaN
4,179,1,1,F_Image_30.bmp,Meryl Streep,NaN
4,180,1,1,S_Image_121.bmp,Mecca,NaN
4,181,1,1,S_Lure_132.bmp,Red Square,NaN
4,182,1,1,S_Image_128.bmp,Notre Dame,NaN
4,183,1,1,F_Lure_10.bmp,Dalai Lama,NaN
4,184,1,1,S_Image_134.bmp,Sagrada Familia,NaN
4,185,1,1,F_Lure_31.bmp,Michael Jackson,NaN
4,186,1,1,F_Image_1.bmp,Albert Einstein,NaN
4,187,1,1,S_Image_109.bmp,Eiffel Tower,NaN
4,188,1,1,S_Image_101.bmp,Atomium,NaN
4,189,1,1,O_Image_54.bmp,Bicycle,NaN
4,190,1,1,O_Lure_73.bmp,Microscope,NaN
4,191,1,1,O_Lure_57.bmp,Brush,NaN
4,192,1,1,S_Lure_97.bmp,Akropolis,NaN
4,193,1,1,S_Image_97.bmp,Akropolis,NaN
4,194,1,1,O_Lure_49.bmp,Anchor,NaN
4,195,1,1,O_Lure_84.bmp,Skirt,NaN
4,196,1,1,F_Lure_21.bmp,John Lennon,NaN
4,197,1,1,O_Lure_55.bmp,Binoculars,NaN
4,198,1,1,O_Image_81.bmp,Scale,NaN
4,199,1,1,S_Image_139.bmp,Sydney Opera,NaN
4,200,1,1,S_Lure_114.bmp,Great Wall,NaN
4,201,1,1,F_Image_13.bmp,Elton John,NaN
4,202,1,1,F_Image_37.bmp,Pierce Brosnan,NaN
4,203,1,1,O_Lure_63.bmp,Globe,NaN
4,204,1,1,O_Image_69.bmp,Headphones,NaN
4,205,1,1,F_Image_26.bmp,Madonna,NaN
4,206,1,1,O_Lure_86.bmp,Soother,NaN
4,207,1,1,F_Lure_29.bmp,Marilyn Monroe,NaN
4,208,1,1,F_Image_25.bmp,Leonardo DiCaprio,NaN
4,209,1,1,F_Image_38.bmp,Queen Elisabeth,NaN
4,210,1,1,S_Lure_111.bmp,Gizeh Pyramids,NaN
4,211,1,1,F_Lure_22.bmp,Judi Dench,NaN
4,212,1,1,O_Image_59.bmp,Fan,NaN
4,213,1,1,O_Image_64.bmp,Goggles,NaN
4,214,1,1,O_Lure_50.bmp,Barbecue,NaN
4,215,1,1,S_Image_125.bmp,Mount Rushmore,NaN
4,216,1,1,F_Lure_41.bmp,Rod Steward,NaN
4,217,1,1,S_Lure_129.bmp,Petra,NaN
4,218,1,1,O_Lure_67.bmp,Hammock,NaN
4,219,1,1,F_Image_7.bmp,Britney Spears,NaN
4,220,1,1,F_Lure_38.bmp,Queen Elisabeth,NaN
4,221,1,1,S_Lure_123.bmp,Mount Everest,NaN
4,222,1,1,S_Lure_120.bmp,Machu Picchu,NaN
4,223,1,1,S_Image_124.bmp,Mount Fuji,NaN
4,224,1,1,S_Image_106.bmp,Christ The Redeemer,NaN
4,225,1,1,O_Lure_74.bmp,Mirror,NaN
4,226,1,1,S_Image_114.bmp,Great Wall,NaN
4,227,1,1,O_Lure_95.bmp,Wheelchair,NaN
4,228,1,1,O_Lure_68.bmp,Hat,NaN
4,229,1,1,F_Lure_26.bmp,Madonna,NaN
4,230,1,1,S_Lure_139.bmp,Sydney Opera,NaN
4,231,1,1,O_Lure_61.bmp,Football,NaN
4,232,1,1,S_Lure_98.bmp,Alcatraz,NaN
4,233,1,1,F_Lure_36.bmp,Penelope Cruz,NaN
4,234,1,1,O_Image_91.bmp,Torch,NaN
4,235,1,1,F_Image_36.bmp,Penelope Cruz,NaN
4,236,1,1,O_Image_74.bmp,Mirror,NaN
4,237,1,1,F_Lure_42.bmp,Scarlett Johansson,NaN
4,238,1,1,O_Image_83.bmp,Shoe,NaN
4,239,1,1,F_Image_44.bmp,Tom Hanks,NaN
4,240,1,1,S_Lure_128.bmp,Notre Dame,NaN
4,241,1,1,O_Image_90.bmp,Telephone,NaN
4,242,1,1,S_Lure_101.bmp,Atomium,NaN
4,243,1,1,F_Image_42.bmp,Scarlett Johansson,NaN
4,244,1,1,O_Image_86.bmp,Soother,NaN
4,245,1,1,S_Image_117.bmp,Kings College,NaN
4,246,1,1,S_Lure_118.bmp,Leaning Tower,NaN
4,247,1,1,F_Lure_28.bmp,Margaret Thatcher,NaN
4,248,1,1,F_Lure_15.bmp,Fidel Castro,NaN
4,249,1,1,F_Image_15.bmp,Fidel Castro,NaN
4,250,1,1,F_Image_27.bmp,Mahadma Gandhi,NaN
4,251,1,1,S_Image_107.bmp,Colosseum,NaN
4,252,1,1,O_Image_76.bmp,Pillows,NaN
4,253,1,1,S_Lure_119.bmp,Louvre,NaN
4,254,1,1,O_Lure_64.bmp,Goggles,NaN
4,255,1,1,S_Image_126.bmp,Neu schwanstein Castle,NaN
4,256,1,1,O_Image_67.bmp,Hammock,NaN
4,257,1,1,O_Image_66.bmp,Guitar,NaN
4,258,1,1,O_Lure_88.bmp,Suitcase,NaN
4,259,1,1,O_Lure_87.bmp,Stapler,NaN
4,260,1,1,S_Lure_104.bmp,Brandenburg Gate,NaN
4,261,1,1,O_Lure_93.bmp,Umbrella,NaN
4,262,1,1,S_Lure_102.bmp,Ayers Rock,NaN
4,263,1,1,O_Lure_82.bmp,Scissors,NaN
4,264,1,1,S_Image_135.bmp,Sahara Desert,NaN
4,265,1,1,S_Image_111.bmp,Gizeh Pyramids,NaN
4,266,1,1,O_Image_70.bmp,Key,NaN
4,267,1,1,S_Image_133.bmp,Rialto Bridge,NaN
4,268,1,1,O_Image_95.bmp,Wheelchair,NaN
4,269,1,1,O_Image_85.bmp,Sock,NaN
4,270,1,1,F_Image_46.bmp,Wayne Rooney,NaN
4,271,1,1,O_Lure_76.bmp,Pillows,NaN
4,272,1,1,F_Lure_7.bmp,Britney Spears,NaN
4,273,1,1,F_Image_5.bmp,Bill Clinton,NaN
4,274,1,1,S_Lure_137.bmp,Statue Of Liberty,NaN
4,275,1,1,O_Image_63.bmp,Globe,NaN
4,276,1,1,O_Image_68.bmp,Hat,NaN
4,277,1,1,O_Lure_79.bmp,Remote Control,NaN
4,278,1,1,O_Image_57.bmp,Brush,NaN
4,279,1,1,S_Image_141.bmp,Time Square,NaN
4,280,1,1,F_Image_24.bmp,Keanu Reeves,NaN
4,281,1,1,O_Image_88.bmp,Suitcase,NaN
4,282,1,1,F_Image_47.bmp,Whoopi Goldberg,NaN
4,283,1,1,O_Image_78.bmp,Razor,NaN
4,284,1,1,S_Image_116.bmp,Hollywood Sign,NaN
4,285,1,1,O_Image_82.bmp,Scissors,NaN
4,286,1,1,O_Lure_65.bmp,GrandPiano,NaN
4,287,1,1,O_Lure_71.bmp,Ladder,NaN
4,288,1,1,F_Image_17.bmp,George Clooney,NaN
4,289,1,1,S_Image_110.bmp,Forbidden City,NaN
4,290,1,1,F_Lure_12.bmp,David Beckham,NaN
4,291,1,1,F_Image_39.bmp,Robbie Williams,NaN
4,292,1,1,S_Lure_131.bmp,Rapa Nui,NaN
4,293,1,1,F_Image_3.bmp,Angela Merkel,NaN
4,294,1,1,F_Lure_35.bmp,Nikola Sarkozy,NaN
4,295,1,1,S_Image_108.bmp,Dover Cliffs,NaN
4,296,1,1,S_Lure_135.bmp,Sahara Desert,NaN
4,297,1,1,S_Lure_143.bmp,Versailles,NaN
4,298,1,1,S_Lure_122.bmp,Mont Saint Michel,NaN
4,299,1,1,F_Lure_45.bmp,Tony Blair,NaN
4,300,1,1,F_Lure_19.bmp,James Dean,NaN
4,301,1,1,S_Image_102.bmp,Ayers Rock,NaN
4,302,1,1,S_Image_131.bmp,Rapa Nui,NaN
4,303,1,1,S_Image_132.bmp,Red Square,NaN
4,304,1,1,S_Lure_130.bmp,Potala Palace,NaN
4,305,1,1,S_Lure_124.bmp,Mount Fuji,NaN
4,306,1,1,S_Image_105.bmp,Chichen Itza,NaN
4,307,1,1,S_Image_129.bmp,Petra,NaN
4,308,1,1,S_Lure_115.bmp,Hagia Sophia,NaN
4,309,1,1,S_Lure_117.bmp,Kings College,NaN
4,310,1,1,F_Image_45.bmp,Tony Blair,NaN
4,311,1,1,S_Image_122.bmp,Mont Saint Michel,NaN
4,312,1,1,S_Image_130.bmp,Potala Palace,NaN
4,313,1,1,S_Lure_133.bmp,Rialto Bridge,NaN
4,314,1,1,S_Lure_99.bmp,Alhambra,NaN
4,315,1,1,S_Image_115.bmp,Hagia Sophia,NaN
4,316,1,1,S_Image_100.bmp,Angkor Wat,NaN
4,317,1,1,S_Lure_100.bmp,Angkor Wat,NaN
4,318,1,1,F_Image_28.bmp,Margaret Thatcher,NaN
4,319,1,1,S_Lure_121.bmp,Mecca,NaN
4,320,1,1,S_Image_123.bmp,Mount Everest,NaN
4,321,1,1,S_Image_99.bmp,Alhambra,NaN
4,322,1,1,S_Image_120.bmp,Machu Picchu,NaN
4,323,1,1,S_Lure_105.bmp,Chichen Itza,NaN
4,324,1,1,F_Lure_46.bmp,Wayne Rooney,NaN
4,325,1,1,F_Lure_3.bmp,Angela Merkel,NaN
4,326,1,1,S_Lure_126.bmp,Neu schwanstein Castle,NaN
4,327,1,1,S_Image_101.bmp,Atomium,NaN
4,328,1,1,S_Lure_97.bmp,Akropolis,NaN
4,329,1,1,S_Image_97.bmp,Akropolis,NaN
4,330,1,1,S_Lure_129.bmp,Petra,NaN
4,331,1,1,S_Lure_128.bmp,Notre Dame,NaN
4,332,1,1,S_Image_117.bmp,Kings College,NaN
4,333,1,1,F_Lure_15.bmp,Fidel Castro,NaN
4,334,1,1,S_Image_126.bmp,Neu schwanstein Castle,NaN
4,335,1,1,S_Lure_102.bmp,Ayers Rock,NaN
4,336,1.5,1,O_Image_77.bmp,Radio,drizzle
4,337,1.5,1,S_Image_138.bmp,Stonehenge,fuel
4,338,1.5,1,O_Image_96.bmp,Wineglass,alcohol
4,339,1.5,1,F_Image_29.bmp,Marilyn Monroe,rust
4,340,1.5,1,S_Image_112.bmp,Golden Gate Bridge,kiss
4,341,1.5,1,F_Image_6.bmp,Brad Pitt,arrow
4,342,1.5,1,F_Image_24.bmp,Keanu Reeves,honeymoon
4,343,1.5,1,F_Image_18.bmp,Jack Nicholson,breakfast
4,344,1.5,1,S_Image_141.bmp,Time Square,quake
4,345,1.5,1,S_Image_109.bmp,Eiffel Tower,scar
4,346,1.5,1,F_Image_32.bmp,Mick Jagger,arch
4,347,1.5,1,S_Image_144.bmp,White House,stem
4,348,1.5,1,S_Image_107.bmp,Colosseum,rock
4,349,1.5,1,S_Image_115.bmp,Hagia Sophia,harem
4,350,1.5,1,F_Image_27.bmp,Mahadma Gandhi,tube
4,351,1.5,1,S_Image_130.bmp,Potala Palace,bubble
4,352,1.5,1,F_Image_7.bmp,Britney Spears,tail
4,353,1.5,1,O_Image_52.bmp,Bed,animal
4,354,1.5,1,O_Image_89.bmp,Teddybear,vegetable
4,355,1.5,1,S_Image_99.bmp,Alhambra,corner
4,356,1.5,1,F_Image_11.bmp,Daniel Radcliffe,orchestra
4,357,1.5,1,F_Image_36.bmp,Penelope Cruz,attack
4,358,1.5,1,O_Image_94.bmp,Watch,cloud
4,359,1.5,1,O_Image_73.bmp,Microscope,yellow
4,360,2,1,F_Image_11.bmp-F_Lure_11.bmp,Daniel Radcliffe,orchestra
4,361,2,1,F_Image_32.bmp-F_Lure_32.bmp,Mick Jagger,arch
4,362,2,1,O_Image_94.bmp-O_Lure_94.bmp,Watch,cloud
4,363,2,1,F_Image_6.bmp-F_Lure_6.bmp,Brad Pitt,arrow
4,364,2,1,O_Image_89.bmp-O_Lure_89.bmp,Teddybear,vegetable
4,365,2,1,F_Image_7.bmp-F_Lure_7.bmp,Britney Spears,tail
4,366,2,1,O_Image_73.bmp-O_Lure_73.bmp,Microscope,yellow
4,367,2,1,F_Image_29.bmp-F_Lure_29.bmp,Marilyn Monroe,rust
4,368,2,1,S_Image_138.bmp-S_Lure_138.bmp,Stonehenge,fuel
4,369,2,1,S_Image_99.bmp-S_Lure_99.bmp,Alhambra,corner
4,370,2,1,F_Image_24.bmp-F_Lure_24.bmp,Keanu Reeves,honeymoon
4,371,2,1,O_Image_52.bmp-O_Lure_52.bmp,Bed,animal
4,372,2,1,O_Image_77.bmp-O_Lure_77.bmp,Radio,drizzle
4,373,2,1,S_Image_112.bmp-S_Lure_112.bmp,Golden Gate Bridge,kiss
4,374,2,1,S_Image_130.bmp-S_Lure_130.bmp,Potala Palace,bubble
4,375,2,1,F_Image_27.bmp-F_Lure_27.bmp,Mahadma Gandhi,tube
4,376,2,1,F_Image_36.bmp-F_Lure_36.bmp,Penelope Cruz,attack
4,377,2,1,S_Image_109.bmp-S_Lure_109.bmp,Eiffel Tower,scar
4,378,2,1,S_Image_144.bmp-S_Lure_144.bmp,White House,stem
4,379,2,1,S_Image_107.bmp-S_Lure_107.bmp,Colosseum,rock
4,380,2,1,S_Image_141.bmp-S_Lure_141.bmp,Time Square,quake
4,381,2,1,O_Image_96.bmp-O_Lure_96.bmp,Wineglass,alcohol
4,382,2,1,F_Image_18.bmp-F_Lure_18.bmp,Jack Nicholson,breakfast
4,383,2,1,S_Image_115.bmp-S_Lure_115.bmp,Hagia Sophia,harem
4,384,3,1,O_Image_89.bmp-O_Lure_89.bmp,Teddybear,vegetable
4,385,3,1,O_Image_73.bmp-O_Lure_73.bmp,Microscope,yellow
4,386,3,1,F_Image_11.bmp-F_Lure_11.bmp,Daniel Radcliffe,orchestra
4,387,3,1,O_Image_94.bmp-O_Lure_94.bmp,Watch,cloud
4,388,3,1,S_Image_109.bmp-S_Lure_109.bmp,Eiffel Tower,scar
4,389,3,1,S_Image_144.bmp-S_Lure_144.bmp,White House,stem
4,390,3,1,F_Image_32.bmp-F_Lure_32.bmp,Mick Jagger,arch
4,391,3,1,S_Image_130.bmp-S_Lure_130.bmp,Potala Palace,bubble
4,392,3,1,F_Image_18.bmp-F_Lure_18.bmp,Jack Nicholson,breakfast
4,393,3,1,O_Image_96.bmp-O_Lure_96.bmp,Wineglass,alcohol
4,394,3,1,S_Image_99.bmp-S_Lure_99.bmp,Alhambra,corner
4,395,3,1,O_Image_52.bmp-O_Lure_52.bmp,Bed,animal
4,396,3,1,F_Image_7.bmp-F_Lure_7.bmp,Britney Spears,tail
4,397,3,1,F_Image_24.bmp-F_Lure_24.bmp,Keanu Reeves,honeymoon
4,398,3,1,S_Image_112.bmp-S_Lure_112.bmp,Golden Gate Bridge,kiss
4,399,3,1,F_Image_36.bmp-F_Lure_36.bmp,Penelope Cruz,attack
4,400,3,1,O_Image_77.bmp-O_Lure_77.bmp,Radio,drizzle
4,401,3,1,F_Image_6.bmp-F_Lure_6.bmp,Brad Pitt,arrow
4,402,3,1,S_Image_141.bmp-S_Lure_141.bmp,Time Square,quake
4,403,3,1,S_Image_115.bmp-S_Lure_115.bmp,Hagia Sophia,harem
4,404,3,1,F_Image_27.bmp-F_Lure_27.bmp,Mahadma Gandhi,tube
4,405,3,1,S_Image_138.bmp-S_Lure_138.bmp,Stonehenge,fuel
4,406,3,1,S_Image_107.bmp-S_Lure_107.bmp,Colosseum,rock
4,407,3,1,F_Image_29.bmp-F_Lure_29.bmp,Marilyn Monroe,rust
4,408,1.5,2,F_Image_43.bmp,Tom Cruise,marble
4,409,1.5,2,O_Image_53.bmp,Belt,water
4,410,1.5,2,S_Image_128.bmp,Notre Dame,snow
4,411,1.5,2,S_Image_113.bmp,Grand Canyon,stripe
4,412,1.5,2,F_Image_13.bmp,Elton John,sand
4,413,1.5,2,O_Image_75.bmp,Necklace,black
4,414,1.5,2,O_Image_83.bmp,Shoe,asphalt
4,415,1.5,2,O_Image_80.bmp,Rope,tear
4,416,1.5,2,O_Image_86.bmp,Soother,sweat
4,417,1.5,2,F_Image_23.bmp,Julia Roberts,tourist
4,418,1.5,2,O_Image_93.bmp,Umbrella,slope
4,419,1.5,2,S_Image_140.bmp,Taj Mahal,galaxy
4,420,1.5,2,O_Image_95.bmp,Wheelchair,signal
4,421,1.5,2,S_Image_110.bmp,Forbidden City,shell
4,422,1.5,2,S_Image_106.bmp,Christ The Redeemer,triangle
4,423,1.5,2,F_Image_28.bmp,Margaret Thatcher,costume
4,424,1.5,2,F_Image_2.bmp,Amy Winehouse,wreck
4,425,1.5,2,O_Image_91.bmp,Torch,wool
4,426,1.5,2,F_Image_19.bmp,James Dean,paper
4,427,1.5,2,O_Image_66.bmp,Guitar,seed
4,428,1.5,2,O_Image_81.bmp,Scale,corpse
4,429,1.5,2,O_Image_78.bmp,Razor,lever
4,430,1.5,2,S_Image_97.bmp,Akropolis,hostage
4,431,1.5,2,S_Image_137.bmp,Statue Of Liberty,ghost
4,432,2,2,F_Image_13.bmp-F_Lure_13.bmp,Elton John,sand
4,433,2,2,S_Image_128.bmp-S_Lure_128.bmp,Notre Dame,snow
4,434,2,2,O_Image_86.bmp-O_Lure_86.bmp,Soother,sweat
4,435,2,2,O_Image_80.bmp-O_Lure_80.bmp,Rope,tear
4,436,2,2,S_Image_137.bmp-S_Lure_137.bmp,Statue Of Liberty,ghost
4,437,2,2,O_Image_66.bmp-O_Lure_66.bmp,Guitar,seed
4,438,2,2,S_Image_140.bmp-S_Lure_140.bmp,Taj Mahal,galaxy
4,439,2,2,S_Image_97.bmp-S_Lure_97.bmp,Akropolis,hostage
4,440,2,2,S_Image_113.bmp-S_Lure_113.bmp,Grand Canyon,stripe
4,441,2,2,O_Image_83.bmp-O_Lure_83.bmp,Shoe,asphalt
4,442,2,2,S_Image_106.bmp-S_Lure_106.bmp,Christ The Redeemer,triangle
4,443,2,2,O_Image_95.bmp-O_Lure_95.bmp,Wheelchair,signal
4,444,2,2,F_Image_43.bmp-F_Lure_43.bmp,Tom Cruise,marble
4,445,2,2,O_Image_78.bmp-O_Lure_78.bmp,Razor,lever
4,446,2,2,F_Image_23.bmp-F_Lure_23.bmp,Julia Roberts,tourist
4,447,2,2,S_Image_110.bmp-S_Lure_110.bmp,Forbidden City,shell
4,448,2,2,F_Image_2.bmp-F_Lure_2.bmp,Amy Winehouse,wreck
4,449,2,2,O_Image_93.bmp-O_Lure_93.bmp,Umbrella,slope
4,450,2,2,O_Image_81.bmp-O_Lure_81.bmp,Scale,corpse
4,451,2,2,O_Image_53.bmp-O_Lure_53.bmp,Belt,water
4,452,2,2,O_Image_75.bmp-O_Lure_75.bmp,Necklace,black
4,453,2,2,O_Image_91.bmp-O_Lure_91.bmp,Torch,wool
4,454,2,2,F_Image_28.bmp-F_Lure_28.bmp,Margaret Thatcher,costume
4,455,2,2,F_Image_19.bmp-F_Lure_19.bmp,James Dean,paper
4,456,3,2,O_Image_81.bmp-O_Lure_81.bmp,Scale,corpse
4,457,3,2,O_Image_86.bmp-O_Lure_86.bmp,Soother,sweat
4,458,3,2,O_Image_93.bmp-O_Lure_93.bmp,Umbrella,slope
4,459,3,2,F_Image_2.bmp-F_Lure_2.bmp,Amy Winehouse,wreck
4,460,3,2,F_Image_23.bmp-F_Lure_23.bmp,Julia Roberts,tourist
4,461,3,2,S_Image_97.bmp-S_Lure_97.bmp,Akropolis,hostage
4,462,3,2,O_Image_66.bmp-O_Lure_66.bmp,Guitar,seed
4,463,3,2,O_Image_75.bmp-O_Lure_75.bmp,Necklace,black
4,464,3,2,S_Image_106.bmp-S_Lure_106.bmp,Christ The Redeemer,triangle
4,465,3,2,S_Image_128.bmp-S_Lure_128.bmp,Notre Dame,snow
4,466,3,2,O_Image_53.bmp-O_Lure_53.bmp,Belt,water
4,467,3,2,S_Image_137.bmp-S_Lure_137.bmp,Statue Of Liberty,ghost
4,468,3,2,S_Image_110.bmp-S_Lure_110.bmp,Forbidden City,shell
4,469,3,2,F_Image_43.bmp-F_Lure_43.bmp,Tom Cruise,marble
4,470,3,2,F_Image_19.bmp-F_Lure_19.bmp,James Dean,paper
4,471,3,2,O_Image_83.bmp-O_Lure_83.bmp,Shoe,asphalt
4,472,3,2,O_Image_80.bmp-O_Lure_80.bmp,Rope,tear
4,473,3,2,O_Image_91.bmp-O_Lure_91.bmp,Torch,wool
4,474,3,2,O_Image_95.bmp-O_Lure_95.bmp,Wheelchair,signal
4,475,3,2,O_Image_78.bmp-O_Lure_78.bmp,Razor,lever
4,476,3,2,F_Image_13.bmp-F_Lure_13.bmp,Elton John,sand
4,477,3,2,S_Image_113.bmp-S_Lure_113.bmp,Grand Canyon,stripe
4,478,3,2,F_Image_28.bmp-F_Lure_28.bmp,Margaret Thatcher,costume
4,479,3,2,S_Image_140.bmp-S_Lure_140.bmp,Taj Mahal,galaxy
4,480,1.5,3,S_Image_136.bmp,Sistine Chapel,money
4,481,1.5,3,S_Image_126.bmp,Neu schwanstein Castle,shadow
4,482,1.5,3,O_Image_56.bmp,Broom,spike
4,483,1.5,3,O_Image_67.bmp,Hammock,angel
4,484,1.5,3,S_Image_129.bmp,Petra,board
4,485,1.5,3,S_Image_134.bmp,Sagrada Familia,fire
4,486,1.5,3,F_Image_1.bmp,Albert Einstein,magnet
4,487,1.5,3,S_Image_120.bmp,Machu Picchu,sunshine
4,488,1.5,3,O_Image_68.bmp,Hat,laundry
4,489,1.5,3,S_Image_114.bmp,Great Wall,cone
4,490,1.5,3,F_Image_40.bmp,Robert De Niro,antique
4,491,1.5,3,F_Image_47.bmp,Whoopi Goldberg,alien
4,492,1.5,3,S_Image_102.bmp,Ayers Rock,crumb
4,493,1.5,3,S_Image_111.bmp,Gizeh Pyramids,witch
4,494,1.5,3,O_Image_90.bmp,Telephone,flood
4,495,1.5,3,O_Image_85.bmp,Sock,menu
4,496,1.5,3,F_Image_21.bmp,John Lennon,steam
4,497,1.5,3,F_Image_46.bmp,Wayne Rooney,army
4,498,1.5,3,F_Image_37.bmp,Pierce Brosnan,measles
4,499,1.5,3,F_Image_39.bmp,Robbie Williams,hurricane
4,500,1.5,3,O_Image_74.bmp,Mirror,giant
4,501,1.5,3,O_Image_64.bmp,Goggles,spray
4,502,1.5,3,F_Image_30.bmp,Meryl Streep,poison
4,503,1.5,3,F_Image_48.bmp,Will Smith,wound
4,504,2,3,O_Image_90.bmp-O_Lure_90.bmp,Telephone,flood
4,505,2,3,O_Image_64.bmp-O_Lure_64.bmp,Goggles,spray
4,506,2,3,F_Image_40.bmp-F_Lure_40.bmp,Robert De Niro,antique
4,507,2,3,F_Image_21.bmp-F_Lure_21.bmp,John Lennon,steam
4,508,2,3,O_Image_74.bmp-O_Lure_74.bmp,Mirror,giant
4,509,2,3,F_Image_1.bmp-F_Lure_1.bmp,Albert Einstein,magnet
4,510,2,3,S_Image_136.bmp-S_Lure_136.bmp,Sistine Chapel,money
4,511,2,3,O_Image_56.bmp-O_Lure_56.bmp,Broom,spike
4,512,2,3,O_Image_85.bmp-O_Lure_85.bmp,Sock,menu
4,513,2,3,F_Image_47.bmp-F_Lure_47.bmp,Whoopi Goldberg,alien
4,514,2,3,F_Image_39.bmp-F_Lure_39.bmp,Robbie Williams,hurricane
4,515,2,3,O_Image_68.bmp-O_Lure_68.bmp,Hat,laundry
4,516,2,3,F_Image_46.bmp-F_Lure_46.bmp,Wayne Rooney,army
4,517,2,3,S_Image_114.bmp-S_Lure_114.bmp,Great Wall,cone
4,518,2,3,S_Image_111.bmp-S_Lure_111.bmp,Gizeh Pyramids,witch
4,519,2,3,F_Image_48.bmp-F_Lure_48.bmp,Will Smith,wound
4,520,2,3,F_Image_30.bmp-F_Lure_30.bmp,Meryl Streep,poison
4,521,2,3,S_Image_129.bmp-S_Lure_129.bmp,Petra,board
4,522,2,3,S_Image_102.bmp-S_Lure_102.bmp,Ayers Rock,crumb
4,523,2,3,S_Image_134.bmp-S_Lure_134.bmp,Sagrada Familia,fire
4,524,2,3,S_Image_120.bmp-S_Lure_120.bmp,Machu Picchu,sunshine
4,525,2,3,O_Image_67.bmp-O_Lure_67.bmp,Hammock,angel
4,526,2,3,F_Image_37.bmp-F_Lure_37.bmp,Pierce Brosnan,measles
4,527,2,3,S_Image_126.bmp-S_Lure_126.bmp,Neu schwanstein Castle,shadow
4,528,3,3,F_Image_40.bmp-F_Lure_40.bmp,Robert De Niro,antique
4,529,3,3,F_Image_21.bmp-F_Lure_21.bmp,John Lennon,steam
4,530,3,3,O_Image_67.bmp-O_Lure_67.bmp,Hammock,angel
4,531,3,3,S_Image_126.bmp-S_Lure_126.bmp,Neu schwanstein Castle,shadow
4,532,3,3,S_Image_136.bmp-S_Lure_136.bmp,Sistine Chapel,money
4,533,3,3,S_Image_129.bmp-S_Lure_129.bmp,Petra,board
4,534,3,3,S_Image_102.bmp-S_Lure_102.bmp,Ayers Rock,crumb
4,535,3,3,O_Image_56.bmp-O_Lure_56.bmp,Broom,spike
4,536,3,3,O_Image_68.bmp-O_Lure_68.bmp,Hat,laundry
4,537,3,3,O_Image_74.bmp-O_Lure_74.bmp,Mirror,giant
4,538,3,3,S_Image_114.bmp-S_Lure_114.bmp,Great Wall,cone
4,539,3,3,F_Image_1.bmp-F_Lure_1.bmp,Albert Einstein,magnet
4,540,3,3,F_Image_37.bmp-F_Lure_37.bmp,Pierce Brosnan,measles
4,541,3,3,F_Image_48.bmp-F_Lure_48.bmp,Will Smith,wound
4,542,3,3,S_Image_120.bmp-S_Lure_120.bmp,Machu Picchu,sunshine
4,543,3,3,F_Image_47.bmp-F_Lure_47.bmp,Whoopi Goldberg,alien
4,544,3,3,S_Image_111.bmp-S_Lure_111.bmp,Gizeh Pyramids,witch
4,545,3,3,O_Image_64.bmp-O_Lure_64.bmp,Goggles,spray
4,546,3,3,F_Image_46.bmp-F_Lure_46.bmp,Wayne Rooney,army
4,547,3,3,S_Image_134.bmp-S_Lure_134.bmp,Sagrada Familia,fire
4,548,3,3,F_Image_39.bmp-F_Lure_39.bmp,Robbie Williams,hurricane
4,549,3,3,O_Image_90.bmp-O_Lure_90.bmp,Telephone,flood
4,550,3,3,F_Image_30.bmp-F_Lure_30.bmp,Meryl Streep,poison
4,551,3,3,O_Image_85.bmp-O_Lure_85.bmp,Sock,menu
4,552,3.5,1,F_Image_26.bmp,Madonna,fuel
4,553,3.5,1,S_Image_142.bmp,Tower Bridge,army
4,554,3.5,1,O_Image_57.bmp,Brush,harem
4,555,3.5,1,O_Image_54.bmp,Bicycle,kiss
4,556,3.5,1,O_Image_59.bmp,Fan,galaxy
4,557,3.5,1,F_Image_34.bmp,Nelson Mandela,rock
4,558,3.5,1,O_Image_69.bmp,Headphones,tail
4,559,3.5,1,S_Image_139.bmp,Sydney Opera,hurricane
4,560,3.5,1,O_Image_58.bmp,Canoe,ghost
4,561,3.5,1,F_Image_3.bmp,Angela Merkel,spray
4,562,3.5,1,O_Image_79.bmp,Remote Control,antique
4,563,3.5,1,F_Image_16.bmp,George Bush,asphalt
4,564,3.5,1,F_Image_4.bmp,Barack Obama,sweat
4,565,3.5,1,F_Image_44.bmp,Tom Hanks,shadow
4,566,3.5,1,S_Image_131.bmp,Rapa Nui,tube
4,567,3.5,1,F_Image_33.bmp,Mother Teresa,stripe
4,568,3.5,1,S_Image_132.bmp,Red Square,arrow
4,569,3.5,1,O_Image_87.bmp,Stapler,magnet
4,570,3.5,1,S_Image_143.bmp,Versailles,wound
4,571,3.5,1,F_Image_42.bmp,Scarlett Johansson,board
4,572,3.5,1,F_Image_20.bmp,Jennifer Lopez,angel
4,573,3.5,1,S_Image_117.bmp,Kings College,water
4,574,3.5,1,F_Image_25.bmp,Leonardo DiCaprio,snow
4,575,3.5,1,S_Image_118.bmp,Leaning Tower,wool
4,576,4,1,F_Image_26.bmp-F_Lure_26.bmp,Madonna,fuel
4,577,4,1,O_Image_58.bmp-O_Lure_58.bmp,Canoe,ghost
4,578,4,1,F_Image_44.bmp-F_Lure_44.bmp,Tom Hanks,shadow
4,579,4,1,F_Image_34.bmp-F_Lure_34.bmp,Nelson Mandela,rock
4,580,4,1,F_Image_20.bmp-F_Lure_20.bmp,Jennifer Lopez,angel
4,581,4,1,F_Image_16.bmp-F_Lure_16.bmp,George Bush,asphalt
4,582,4,1,F_Image_4.bmp-F_Lure_4.bmp,Barack Obama,sweat
4,583,4,1,S_Image_139.bmp-S_Lure_139.bmp,Sydney Opera,hurricane
4,584,4,1,F_Image_33.bmp-F_Lure_33.bmp,Mother Teresa,stripe
4,585,4,1,S_Image_132.bmp-S_Lure_132.bmp,Red Square,arrow
4,586,4,1,F_Image_3.bmp-F_Lure_3.bmp,Angela Merkel,spray
4,587,4,1,O_Image_57.bmp-O_Lure_57.bmp,Brush,harem
4,588,4,1,F_Image_25.bmp-F_Lure_25.bmp,Leonardo DiCaprio,snow
4,589,4,1,S_Image_142.bmp-S_Lure_142.bmp,Tower Bridge,army
4,590,4,1,S_Image_117.bmp-S_Lure_117.bmp,Kings College,water
4,591,4,1,S_Image_118.bmp-S_Lure_118.bmp,Leaning Tower,wool
4,592,4,1,F_Image_42.bmp-F_Lure_42.bmp,Scarlett Johansson,board
4,593,4,1,O_Image_79.bmp-O_Lure_79.bmp,Remote Control,antique
4,594,4,1,S_Image_131.bmp-S_Lure_131.bmp,Rapa Nui,tube
4,595,4,1,S_Image_143.bmp-S_Lure_143.bmp,Versailles,wound
4,596,4,1,O_Image_87.bmp-O_Lure_87.bmp,Stapler,magnet
4,597,4,1,O_Image_54.bmp-O_Lure_54.bmp,Bicycle,kiss
4,598,4,1,O_Image_59.bmp-O_Lure_59.bmp,Fan,galaxy
4,599,4,1,O_Image_69.bmp-O_Lure_69.bmp,Headphones,tail
4,600,3.5,2,O_Image_49.bmp,Anchor,fire
4,601,3.5,2,S_Image_98.bmp,Alcatraz,seed
4,602,3.5,2,F_Image_17.bmp,George Clooney,cloud
4,603,3.5,2,F_Image_35.bmp,Nikola Sarkozy,sunshine
4,604,3.5,2,O_Image_61.bmp,Football,corner
4,605,3.5,2,S_Image_101.bmp,Atomium,black
4,606,3.5,2,F_Image_14.bmp,Elvis Presley,drizzle
4,607,3.5,2,S_Image_108.bmp,Dover Cliffs,tear
4,608,3.5,2,F_Image_45.bmp,Tony Blair,hostage
4,609,3.5,2,F_Image_9.bmp,Charlie Chaplin,animal
4,610,3.5,2,S_Image_105.bmp,Chichen Itza,yellow
4,611,3.5,2,S_Image_122.bmp,Mont Saint Michel,tourist
4,612,3.5,2,F_Image_8.bmp,Cameron Diaz,corpse
4,613,3.5,2,S_Image_135.bmp,Sahara Desert,arch
4,614,3.5,2,F_Image_31.bmp,Michael Jackson,money
4,615,3.5,2,F_Image_41.bmp,Rod Steward,witch
4,616,3.5,2,S_Image_133.bmp,Rialto Bridge,measles
4,617,3.5,2,O_Image_65.bmp,GrandPiano,costume
4,618,3.5,2,F_Image_15.bmp,Fidel Castro,spike
4,619,3.5,2,O_Image_62.bmp,FryingPan,triangle
4,620,3.5,2,O_Image_51.bmp,Basket,crumb
4,621,3.5,2,S_Image_103.bmp,Big Ben,slope
4,622,3.5,2,O_Image_70.bmp,Key,attack
4,623,3.5,2,O_Image_88.bmp,Suitcase,sand
4,624,4,2,S_Image_108.bmp-S_Lure_108.bmp,Dover Cliffs,tear
4,625,4,2,F_Image_8.bmp-F_Lure_8.bmp,Cameron Diaz,corpse
4,626,4,2,S_Image_135.bmp-S_Lure_135.bmp,Sahara Desert,arch
4,627,4,2,F_Image_45.bmp-F_Lure_45.bmp,Tony Blair,hostage
4,628,4,2,S_Image_133.bmp-S_Lure_133.bmp,Rialto Bridge,measles
4,629,4,2,S_Image_122.bmp-S_Lure_122.bmp,Mont Saint Michel,tourist
4,630,4,2,O_Image_62.bmp-O_Lure_62.bmp,FryingPan,triangle
4,631,4,2,F_Image_15.bmp-F_Lure_15.bmp,Fidel Castro,spike
4,632,4,2,O_Image_51.bmp-O_Lure_51.bmp,Basket,crumb
4,633,4,2,F_Image_41.bmp-F_Lure_41.bmp,Rod Steward,witch
4,634,4,2,F_Image_14.bmp-F_Lure_14.bmp,Elvis Presley,drizzle
4,635,4,2,F_Image_35.bmp-F_Lure_35.bmp,Nikola Sarkozy,sunshine
4,636,4,2,S_Image_103.bmp-S_Lure_103.bmp,Big Ben,slope
4,637,4,2,O_Image_61.bmp-O_Lure_61.bmp,Football,corner
4,638,4,2,O_Image_65.bmp-O_Lure_65.bmp,GrandPiano,costume
4,639,4,2,S_Image_105.bmp-S_Lure_105.bmp,Chichen Itza,yellow
4,640,4,2,O_Image_70.bmp-O_Lure_70.bmp,Key,attack
4,641,4,2,F_Image_17.bmp-F_Lure_17.bmp,George Clooney,cloud
4,642,4,2,O_Image_49.bmp-O_Lure_49.bmp,Anchor,fire
4,643,4,2,F_Image_31.bmp-F_Lure_31.bmp,Michael Jackson,money
4,644,4,2,S_Image_98.bmp-S_Lure_98.bmp,Alcatraz,seed
4,645,4,2,O_Image_88.bmp-O_Lure_88.bmp,Suitcase,sand
4,646,4,2,S_Image_101.bmp-S_Lure_101.bmp,Atomium,black
4,647,4,2,F_Image_9.bmp-F_Lure_9.bmp,Charlie Chaplin,animal
4,648,3.5,3,S_Image_121.bmp,Mecca,giant
4,649,3.5,3,S_Image_100.bmp,Angkor Wat,signal
4,650,3.5,3,S_Image_125.bmp,Mount Rushmore,wreck
4,651,3.5,3,O_Image_60.bmp,Flask,shell
4,652,3.5,3,S_Image_116.bmp,Hollywood Sign,laundry
4,653,3.5,3,F_Image_10.bmp,Dalai Lama,menu
4,654,3.5,3,O_Image_84.bmp,Skirt,rust
4,655,3.5,3,F_Image_38.bmp,Queen Elisabeth,scar
4,656,3.5,3,O_Image_92.bmp,Trophy,breakfast
4,657,3.5,3,F_Image_12.bmp,David Beckham,flood
4,658,3.5,3,S_Image_127.bmp,Niagara Falls,honeymoon
4,659,3.5,3,F_Image_5.bmp,Bill Clinton,lever
4,660,3.5,3,S_Image_104.bmp,Brandenburg Gate,alcohol
4,661,3.5,3,O_Image_55.bmp,Binoculars,stem
4,662,3.5,3,O_Image_50.bmp,Barbecue,quake
4,663,3.5,3,S_Image_124.bmp,Mount Fuji,marble
4,664,3.5,3,O_Image_72.bmp,Lightbulb,paper
4,665,3.5,3,S_Image_123.bmp,Mount Everest,steam
4,666,3.5,3,O_Image_63.bmp,Globe,bubble
4,667,3.5,3,O_Image_82.bmp,Scissors,poison
4,668,3.5,3,O_Image_71.bmp,Ladder,alien
4,669,3.5,3,S_Image_119.bmp,Louvre,vegetable
4,670,3.5,3,F_Image_22.bmp,Judi Dench,cone
4,671,3.5,3,O_Image_76.bmp,Pillows,orchestra
4,672,4,3,F_Image_38.bmp-F_Lure_38.bmp,Queen Elisabeth,scar
4,673,4,3,O_Image_82.bmp-O_Lure_82.bmp,Scissors,poison
4,674,4,3,S_Image_127.bmp-S_Lure_127.bmp,Niagara Falls,honeymoon
4,675,4,3,S_Image_123.bmp-S_Lure_123.bmp,Mount Everest,steam
4,676,4,3,F_Image_12.bmp-F_Lure_12.bmp,David Beckham,flood
4,677,4,3,F_Image_22.bmp-F_Lure_22.bmp,Judi Dench,cone
4,678,4,3,S_Image_119.bmp-S_Lure_119.bmp,Louvre,vegetable
4,679,4,3,S_Image_100.bmp-S_Lure_100.bmp,Angkor Wat,signal
4,680,4,3,S_Image_125.bmp-S_Lure_125.bmp,Mount Rushmore,wreck
4,681,4,3,F_Image_5.bmp-F_Lure_5.bmp,Bill Clinton,lever
4,682,4,3,O_Image_60.bmp-O_Lure_60.bmp,Flask,shell
4,683,4,3,O_Image_50.bmp-O_Lure_50.bmp,Barbecue,quake
4,684,4,3,O_Image_55.bmp-O_Lure_55.bmp,Binoculars,stem
4,685,4,3,S_Image_104.bmp-S_Lure_104.bmp,Brandenburg Gate,alcohol
4,686,4,3,S_Image_116.bmp-S_Lure_116.bmp,Hollywood Sign,laundry
4,687,4,3,O_Image_84.bmp-O_Lure_84.bmp,Skirt,rust
4,688,4,3,O_Image_71.bmp-O_Lure_71.bmp,Ladder,alien
4,689,4,3,O_Image_76.bmp-O_Lure_76.bmp,Pillows,orchestra
4,690,4,3,S_Image_121.bmp-S_Lure_121.bmp,Mecca,giant
4,691,4,3,O_Image_92.bmp-O_Lure_92.bmp,Trophy,breakfast
4,692,4,3,S_Image_124.bmp-S_Lure_124.bmp,Mount Fuji,marble
4,693,4,3,F_Image_10.bmp-F_Lure_10.bmp,Dalai Lama,menu
4,694,4,3,O_Image_72.bmp-O_Lure_72.bmp,Lightbulb,paper
4,695,4,3,O_Image_63.bmp-O_Lure_63.bmp,Globe,bubble
4,696,5, 1 ,S_Image_111.bmp-F_Lure_41.bmp,Gizeh Pyramids-Rod Steward,witch
4,697,5, 1 ,S_Image_144.bmp-O_Lure_55.bmp,White House-Binoculars,stem
4,698,5, 1 ,F_Image_39.bmp-S_Lure_139.bmp,Robbie Williams-Sydney Opera,hurricane
4,699,5, 1 ,F_Image_28.bmp-O_Lure_65.bmp,Margaret Thatcher-GrandPiano,costume
4,700,5, 1 ,O_Image_73.bmp-S_Lure_105.bmp,Microscope-Chichen Itza,yellow
4,701,5, 1 ,F_Image_11.bmp-O_Lure_76.bmp,Daniel Radcliffe-Pillows,orchestra
4,702,5, 1 ,F_Image_40.bmp-O_Lure_79.bmp,Robert De Niro-Remote Control,antique
4,703,5, 1 ,O_Image_73.bmp-S_Lure_105.bmp,Microscope-Chichen Itza,yellow
4,704,5, 1 ,F_Image_13.bmp-O_Lure_88.bmp,Elton John-Suitcase,sand
4,705,5, 1 ,F_Image_18.bmp-O_Lure_92.bmp,Jack Nicholson-Trophy,breakfast
4,706,5, 1 ,F_Image_30.bmp-O_Lure_82.bmp,Meryl Streep-Scissors,poison
4,707,5, 1 ,F_Image_39.bmp-S_Lure_139.bmp,Robbie Williams-Sydney Opera,hurricane
4,708,5, 1 ,S_Image_128.bmp-F_Lure_25.bmp,Notre Dame-Leonardo DiCaprio,snow
4,709,5, 1 ,F_Image_6.bmp-S_Lure_132.bmp,Brad Pitt-Red Square,arrow
4,710,5, 1 ,S_Image_97.bmp-F_Lure_45.bmp,Akropolis-Tony Blair,hostage
4,711,5, 1 ,F_Image_23.bmp-S_Lure_122.bmp,Julia Roberts-Mont Saint Michel,tourist
4,712,5, 1 ,S_Image_97.bmp-F_Lure_45.bmp,Akropolis-Tony Blair,hostage
4,713,5, 1 ,F_Image_21.bmp-S_Lure_123.bmp,John Lennon-Mount Everest,steam
4,714,5, 1 ,O_Image_53.bmp-S_Lure_117.bmp,Belt-Kings College,water
4,715,5, 1 ,F_Image_36.bmp-O_Lure_70.bmp,Penelope Cruz-Key,attack
4,716,5, 1 ,F_Image_29.bmp-O_Lure_84.bmp,Marilyn Monroe-Skirt,rust
4,717,5, 1 ,S_Image_107.bmp-F_Lure_34.bmp,Colosseum-Nelson Mandela,rock
4,718,5, 1 ,O_Image_83.bmp-F_Lure_16.bmp,Shoe-George Bush,asphalt
4,719,5, 1 ,F_Image_32.bmp-S_Lure_135.bmp,Mick Jagger-Sahara Desert,arch
4,720,5, 1 ,O_Image_77.bmp-F_Lure_14.bmp,Radio-Elvis Presley,drizzle
4,721,5, 1 ,F_Image_18.bmp-O_Lure_92.bmp,Jack Nicholson-Trophy,breakfast
4,722,5, 1 ,S_Image_129.bmp-F_Lure_42.bmp,Petra-Scarlett Johansson,board
4,723,5, 1 ,S_Image_140.bmp-O_Lure_59.bmp,Taj Mahal-Fan,galaxy
4,724,5, 1 ,S_Image_129.bmp-F_Lure_42.bmp,Petra-Scarlett Johansson,board
4,725,5, 1 ,O_Image_89.bmp-S_Lure_119.bmp,Teddybear-Louvre,vegetable
4,726,5, 1 ,F_Image_37.bmp-S_Lure_133.bmp,Pierce Brosnan-Rialto Bridge,measles
4,727,5, 1 ,O_Image_95.bmp-S_Lure_100.bmp,Wheelchair-Angkor Wat,signal
4,728,5, 1 ,F_Image_30.bmp-O_Lure_82.bmp,Meryl Streep-Scissors,poison
4,729,5, 1 ,F_Image_47.bmp-O_Lure_71.bmp,Whoopi Goldberg-Ladder,alien
4,730,5, 1 ,O_Image_95.bmp-S_Lure_100.bmp,Wheelchair-Angkor Wat,signal
4,731,5, 1 ,F_Image_46.bmp-S_Lure_142.bmp,Wayne Rooney-Tower Bridge,army
4,732,5, 1 ,O_Image_68.bmp-S_Lure_116.bmp,Hat-Hollywood Sign,laundry
4,733,5, 1 ,S_Image_126.bmp-F_Lure_44.bmp,Neu schwanstein Castle-Tom Hanks,shadow
4,734,5, 1 ,F_Image_32.bmp-S_Lure_135.bmp,Mick Jagger-Sahara Desert,arch
4,735,5, 1 ,S_Image_113.bmp-F_Lure_33.bmp,Grand Canyon-Mother Teresa,stripe
4,736,5, 1 ,F_Image_32.bmp-S_Lure_135.bmp,Mick Jagger-Sahara Desert,arch
4,737,5, 1 ,O_Image_78.bmp-F_Lure_5.bmp,Razor-Bill Clinton,lever
4,738,5, 1 ,S_Image_126.bmp-F_Lure_44.bmp,Neu schwanstein Castle-Tom Hanks,shadow
4,739,5, 1 ,O_Image_93.bmp-S_Lure_103.bmp,Umbrella-Big Ben,slope
4,740,5, 1 ,F_Image_23.bmp-S_Lure_122.bmp,Julia Roberts-Mont Saint Michel,tourist
4,741,5, 1 ,O_Image_56.bmp-F_Lure_15.bmp,Broom-Fidel Castro,spike
4,742,5, 1 ,S_Image_129.bmp-F_Lure_42.bmp,Petra-Scarlett Johansson,board
4,743,5, 1 ,O_Image_95.bmp-S_Lure_100.bmp,Wheelchair-Angkor Wat,signal
4,744,5, 1 ,F_Image_18.bmp-O_Lure_92.bmp,Jack Nicholson-Trophy,breakfast
4,745,5, 1 ,S_Image_140.bmp-O_Lure_59.bmp,Taj Mahal-Fan,galaxy
4,746,5, 1 ,F_Image_46.bmp-S_Lure_142.bmp,Wayne Rooney-Tower Bridge,army
4,747,5, 1 ,S_Image_128.bmp-F_Lure_25.bmp,Notre Dame-Leonardo DiCaprio,snow
4,748,5, 1 ,O_Image_89.bmp-S_Lure_119.bmp,Teddybear-Louvre,vegetable
4,749,5, 1 ,S_Image_109.bmp-F_Lure_38.bmp,Eiffel Tower-Queen Elisabeth,scar
4,750,5, 1 ,S_Image_107.bmp-F_Lure_34.bmp,Colosseum-Nelson Mandela,rock
4,751,5, 1 ,S_Image_134.bmp-O_Lure_49.bmp,Sagrada Familia-Anchor,fire
4,752,5, 1 ,F_Image_1.bmp-O_Lure_87.bmp,Albert Einstein-Stapler,magnet
4,753,5, 1 ,O_Image_52.bmp-F_Lure_9.bmp,Bed-Charlie Chaplin,animal
4,754,5, 1 ,F_Image_30.bmp-O_Lure_82.bmp,Meryl Streep-Scissors,poison
4,755,5, 1 ,F_Image_7.bmp-O_Lure_69.bmp,Britney Spears-Headphones,tail
4,756,5, 1 ,F_Image_27.bmp-S_Lure_131.bmp,Mahadma Gandhi-Rapa Nui,tube
4,757,5, 1 ,S_Image_144.bmp-O_Lure_55.bmp,White House-Binoculars,stem
4,758,5, 1 ,S_Image_144.bmp-O_Lure_55.bmp,White House-Binoculars,stem
4,759,5, 1 ,F_Image_27.bmp-S_Lure_131.bmp,Mahadma Gandhi-Rapa Nui,tube
4,760,5, 1 ,S_Image_109.bmp-F_Lure_38.bmp,Eiffel Tower-Queen Elisabeth,scar
4,761,5, 1 ,F_Image_23.bmp-S_Lure_122.bmp,Julia Roberts-Mont Saint Michel,tourist
4,762,5, 1 ,F_Image_29.bmp-O_Lure_84.bmp,Marilyn Monroe-Skirt,rust
4,763,5, 1 ,S_Image_130.bmp-O_Lure_63.bmp,Potala Palace-Globe,bubble
4,764,5, 1 ,O_Image_93.bmp-S_Lure_103.bmp,Umbrella-Big Ben,slope
4,765,5, 1 ,O_Image_64.bmp-F_Lure_3.bmp,Goggles-Angela Merkel,spray
4,766,5, 1 ,O_Image_91.bmp-S_Lure_118.bmp,Torch-Leaning Tower,wool
4,767,5, 1 ,F_Image_37.bmp-S_Lure_133.bmp,Pierce Brosnan-Rialto Bridge,measles
4,768,5, 1 ,S_Image_136.bmp-F_Lure_31.bmp,Sistine Chapel-Michael Jackson,money
4,769,5, 1 ,F_Image_23.bmp-S_Lure_122.bmp,Julia Roberts-Mont Saint Michel,tourist
4,770,5, 1 ,F_Image_28.bmp-O_Lure_65.bmp,Margaret Thatcher-GrandPiano,costume
4,771,5, 1 ,F_Image_2.bmp-S_Lure_125.bmp,Amy Winehouse-Mount Rushmore,wreck
4,772,5, 1 ,S_Image_126.bmp-F_Lure_44.bmp,Neu schwanstein Castle-Tom Hanks,shadow
4,773,5, 1 ,S_Image_129.bmp-F_Lure_42.bmp,Petra-Scarlett Johansson,board
4,774,5, 1 ,O_Image_81.bmp-F_Lure_8.bmp,Scale-Cameron Diaz,corpse
4,775,5, 1 ,F_Image_1.bmp-O_Lure_87.bmp,Albert Einstein-Stapler,magnet
4,776,5, 1 ,S_Image_141.bmp-O_Lure_50.bmp,Time Square-Barbecue,quake
4,777,5, 1 ,F_Image_1.bmp-O_Lure_87.bmp,Albert Einstein-Stapler,magnet
4,778,5, 1 ,F_Image_29.bmp-O_Lure_84.bmp,Marilyn Monroe-Skirt,rust
4,779,5, 1 ,S_Image_134.bmp-O_Lure_49.bmp,Sagrada Familia-Anchor,fire
4,780,5, 1 ,O_Image_91.bmp-S_Lure_118.bmp,Torch-Leaning Tower,wool
4,781,5, 1 ,O_Image_52.bmp-F_Lure_9.bmp,Bed-Charlie Chaplin,animal
4,782,5, 1 ,S_Image_97.bmp-F_Lure_45.bmp,Akropolis-Tony Blair,hostage
4,783,5, 1 ,O_Image_83.bmp-F_Lure_16.bmp,Shoe-George Bush,asphalt
4,784,5, 1 ,O_Image_77.bmp-F_Lure_14.bmp,Radio-Elvis Presley,drizzle
4,785,5, 1 ,F_Image_6.bmp-S_Lure_132.bmp,Brad Pitt-Red Square,arrow
4,786,5, 1 ,F_Image_48.bmp-S_Lure_143.bmp,Will Smith-Versailles,wound
4,787,5, 1 ,S_Image_130.bmp-O_Lure_63.bmp,Potala Palace-Globe,bubble
4,788,5, 1 ,O_Image_91.bmp-S_Lure_118.bmp,Torch-Leaning Tower,wool
4,789,5, 1 ,F_Image_1.bmp-O_Lure_87.bmp,Albert Einstein-Stapler,magnet
4,790,5, 1 ,F_Image_36.bmp-O_Lure_70.bmp,Penelope Cruz-Key,attack
4,791,5, 1 ,O_Image_64.bmp-F_Lure_3.bmp,Goggles-Angela Merkel,spray
4,792,5, 1 ,F_Image_36.bmp-O_Lure_70.bmp,Penelope Cruz-Key,attack
4,793,5, 1 ,O_Image_77.bmp-F_Lure_14.bmp,Radio-Elvis Presley,drizzle
4,794,5, 1 ,S_Image_141.bmp-O_Lure_50.bmp,Time Square-Barbecue,quake
4,795,5, 1 ,O_Image_93.bmp-S_Lure_103.bmp,Umbrella-Big Ben,slope
4,796,5, 1 ,O_Image_68.bmp-S_Lure_116.bmp,Hat-Hollywood Sign,laundry
4,797,5, 1 ,S_Image_140.bmp-O_Lure_59.bmp,Taj Mahal-Fan,galaxy
4,798,5, 1 ,S_Image_128.bmp-F_Lure_25.bmp,Notre Dame-Leonardo DiCaprio,snow
4,799,5, 1 ,S_Image_134.bmp-O_Lure_49.bmp,Sagrada Familia-Anchor,fire
4,800,5, 1 ,F_Image_39.bmp-S_Lure_139.bmp,Robbie Williams-Sydney Opera,hurricane
4,801,5, 1 ,O_Image_81.bmp-F_Lure_8.bmp,Scale-Cameron Diaz,corpse
4,802,5, 1 ,F_Image_36.bmp-O_Lure_70.bmp,Penelope Cruz-Key,attack
4,803,5, 1 ,O_Image_81.bmp-F_Lure_8.bmp,Scale-Cameron Diaz,corpse
4,804,5, 1 ,O_Image_53.bmp-S_Lure_117.bmp,Belt-Kings College,water
4,805,5, 1 ,O_Image_81.bmp-F_Lure_8.bmp,Scale-Cameron Diaz,corpse
4,806,5, 1 ,S_Image_99.bmp-O_Lure_61.bmp,Alhambra-Football,corner
4,807,5, 1 ,S_Image_113.bmp-F_Lure_33.bmp,Grand Canyon-Mother Teresa,stripe
4,808,5, 1 ,F_Image_47.bmp-O_Lure_71.bmp,Whoopi Goldberg-Ladder,alien
4,809,5, 1 ,F_Image_7.bmp-O_Lure_69.bmp,Britney Spears-Headphones,tail
4,810,5, 1 ,O_Image_56.bmp-F_Lure_15.bmp,Broom-Fidel Castro,spike
4,811,5, 1 ,S_Image_136.bmp-F_Lure_31.bmp,Sistine Chapel-Michael Jackson,money
4,812,5, 1 ,S_Image_137.bmp-O_Lure_58.bmp,Statue Of Liberty-Canoe,ghost
4,813,5, 1 ,F_Image_6.bmp-S_Lure_132.bmp,Brad Pitt-Red Square,arrow
4,814,5, 1 ,F_Image_47.bmp-O_Lure_71.bmp,Whoopi Goldberg-Ladder,alien
4,815,5, 1 ,F_Image_37.bmp-S_Lure_133.bmp,Pierce Brosnan-Rialto Bridge,measles
4,816,5, 1 ,F_Image_40.bmp-O_Lure_79.bmp,Robert De Niro-Remote Control,antique
4,817,5, 1 ,S_Image_114.bmp-F_Lure_22.bmp,Great Wall-Judi Dench,cone
4,818,5, 1 ,F_Image_37.bmp-S_Lure_133.bmp,Pierce Brosnan-Rialto Bridge,measles
4,819,5, 1 ,F_Image_48.bmp-S_Lure_143.bmp,Will Smith-Versailles,wound
4,820,5, 1 ,S_Image_126.bmp-F_Lure_44.bmp,Neu schwanstein Castle-Tom Hanks,shadow
4,821,5, 1 ,S_Image_110.bmp-O_Lure_60.bmp,Forbidden City-Flask,shell
4,822,5, 1 ,O_Image_91.bmp-S_Lure_118.bmp,Torch-Leaning Tower,wool
4,823,5, 1 ,S_Image_97.bmp-F_Lure_45.bmp,Akropolis-Tony Blair,hostage
4,824,5, 1 ,O_Image_68.bmp-S_Lure_116.bmp,Hat-Hollywood Sign,laundry
4,825,5, 1 ,S_Image_110.bmp-O_Lure_60.bmp,Forbidden City-Flask,shell
4,826,5, 1 ,S_Image_111.bmp-F_Lure_41.bmp,Gizeh Pyramids-Rod Steward,witch
4,827,5, 1 ,S_Image_144.bmp-O_Lure_55.bmp,White House-Binoculars,stem
4,828,5, 1 ,S_Image_137.bmp-O_Lure_58.bmp,Statue Of Liberty-Canoe,ghost
4,829,5, 1 ,F_Image_7.bmp-O_Lure_69.bmp,Britney Spears-Headphones,tail
4,830,5, 1 ,O_Image_52.bmp-F_Lure_9.bmp,Bed-Charlie Chaplin,animal
4,831,5, 1 ,O_Image_53.bmp-S_Lure_117.bmp,Belt-Kings College,water
4,832,5, 1 ,F_Image_40.bmp-O_Lure_79.bmp,Robert De Niro-Remote Control,antique
4,833,5, 1 ,O_Image_64.bmp-F_Lure_3.bmp,Goggles-Angela Merkel,spray
4,834,5, 1 ,F_Image_11.bmp-O_Lure_76.bmp,Daniel Radcliffe-Pillows,orchestra
4,835,5, 1 ,O_Image_78.bmp-F_Lure_5.bmp,Razor-Bill Clinton,lever
4,836,5, 1 ,F_Image_6.bmp-S_Lure_132.bmp,Brad Pitt-Red Square,arrow
4,837,5, 1 ,S_Image_115.bmp-O_Lure_57.bmp,Hagia Sophia-Brush,harem
4,838,5, 1 ,S_Image_114.bmp-F_Lure_22.bmp,Great Wall-Judi Dench,cone
4,839,5, 1 ,O_Image_52.bmp-F_Lure_9.bmp,Bed-Charlie Chaplin,animal
4,840,5, 1 ,F_Image_13.bmp-O_Lure_88.bmp,Elton John-Suitcase,sand
4,841,5, 1 ,F_Image_29.bmp-O_Lure_84.bmp,Marilyn Monroe-Skirt,rust
4,842,5, 1 ,O_Image_83.bmp-F_Lure_16.bmp,Shoe-George Bush,asphalt
4,843,5, 1 ,O_Image_53.bmp-S_Lure_117.bmp,Belt-Kings College,water
4,844,5, 1 ,S_Image_137.bmp-O_Lure_58.bmp,Statue Of Liberty-Canoe,ghost
4,845,5, 1 ,O_Image_78.bmp-F_Lure_5.bmp,Razor-Bill Clinton,lever
4,846,5, 1 ,S_Image_107.bmp-F_Lure_34.bmp,Colosseum-Nelson Mandela,rock
4,847,5, 1 ,O_Image_89.bmp-S_Lure_119.bmp,Teddybear-Louvre,vegetable
4,848,5, 1 ,S_Image_137.bmp-O_Lure_58.bmp,Statue Of Liberty-Canoe,ghost
4,849,5, 1 ,S_Image_99.bmp-O_Lure_61.bmp,Alhambra-Football,corner
4,850,5, 1 ,F_Image_7.bmp-O_Lure_69.bmp,Britney Spears-Headphones,tail
4,851,5, 1 ,O_Image_89.bmp-S_Lure_119.bmp,Teddybear-Louvre,vegetable
4,852,5, 1 ,F_Image_40.bmp-O_Lure_79.bmp,Robert De Niro-Remote Control,antique
4,853,5, 1 ,F_Image_28.bmp-O_Lure_65.bmp,Margaret Thatcher-GrandPiano,costume
4,854,5, 1 ,F_Image_2.bmp-S_Lure_125.bmp,Amy Winehouse-Mount Rushmore,wreck
4,855,5, 1 ,S_Image_141.bmp-O_Lure_50.bmp,Time Square-Barbecue,quake
4,856,5, 1 ,F_Image_21.bmp-S_Lure_123.bmp,John Lennon-Mount Everest,steam
4,857,5, 1 ,S_Image_136.bmp-F_Lure_31.bmp,Sistine Chapel-Michael Jackson,money
4,858,5, 1 ,S_Image_128.bmp-F_Lure_25.bmp,Notre Dame-Leonardo DiCaprio,snow
4,859,5, 1 ,S_Image_130.bmp-O_Lure_63.bmp,Potala Palace-Globe,bubble
4,860,5, 1 ,S_Image_114.bmp-F_Lure_22.bmp,Great Wall-Judi Dench,cone
4,861,5, 1 ,S_Image_115.bmp-O_Lure_57.bmp,Hagia Sophia-Brush,harem
4,862,5, 1 ,F_Image_28.bmp-O_Lure_65.bmp,Margaret Thatcher-GrandPiano,costume
4,863,5, 1 ,F_Image_46.bmp-S_Lure_142.bmp,Wayne Rooney-Tower Bridge,army
4,864,5, 1 ,O_Image_56.bmp-F_Lure_15.bmp,Broom-Fidel Castro,spike
4,865,5, 1 ,S_Image_110.bmp-O_Lure_60.bmp,Forbidden City-Flask,shell
4,866,5, 1 ,F_Image_48.bmp-S_Lure_143.bmp,Will Smith-Versailles,wound
4,867,5, 1 ,S_Image_113.bmp-F_Lure_33.bmp,Grand Canyon-Mother Teresa,stripe
4,868,5, 1 ,O_Image_77.bmp-F_Lure_14.bmp,Radio-Elvis Presley,drizzle
4,869,5, 1 ,F_Image_2.bmp-S_Lure_125.bmp,Amy Winehouse-Mount Rushmore,wreck
4,870,5, 1 ,S_Image_109.bmp-F_Lure_38.bmp,Eiffel Tower-Queen Elisabeth,scar
4,871,5, 1 ,O_Image_83.bmp-F_Lure_16.bmp,Shoe-George Bush,asphalt
4,872,5, 1 ,S_Image_140.bmp-O_Lure_59.bmp,Taj Mahal-Fan,galaxy
4,873,5, 1 ,F_Image_13.bmp-O_Lure_88.bmp,Elton John-Suitcase,sand
4,874,5, 1 ,O_Image_78.bmp-F_Lure_5.bmp,Razor-Bill Clinton,lever
4,875,5, 1 ,S_Image_113.bmp-F_Lure_33.bmp,Grand Canyon-Mother Teresa,stripe
4,876,5, 1 ,S_Image_99.bmp-O_Lure_61.bmp,Alhambra-Football,corner
4,877,5, 1 ,F_Image_13.bmp-O_Lure_88.bmp,Elton John-Suitcase,sand
4,878,5, 1 ,S_Image_115.bmp-O_Lure_57.bmp,Hagia Sophia-Brush,harem
4,879,5, 1 ,F_Image_11.bmp-O_Lure_76.bmp,Daniel Radcliffe-Pillows,orchestra
4,880,5, 1 ,S_Image_141.bmp-O_Lure_50.bmp,Time Square-Barbecue,quake
4,881,5, 1 ,O_Image_95.bmp-S_Lure_100.bmp,Wheelchair-Angkor Wat,signal
4,882,5, 1 ,F_Image_47.bmp-O_Lure_71.bmp,Whoopi Goldberg-Ladder,alien
4,883,5, 1 ,O_Image_64.bmp-F_Lure_3.bmp,Goggles-Angela Merkel,spray
4,884,5, 1 ,S_Image_109.bmp-F_Lure_38.bmp,Eiffel Tower-Queen Elisabeth,scar
4,885,5, 1 ,S_Image_136.bmp-F_Lure_31.bmp,Sistine Chapel-Michael Jackson,money
4,886,5, 1 ,F_Image_21.bmp-S_Lure_123.bmp,John Lennon-Mount Everest,steam
4,887,5, 1 ,O_Image_93.bmp-S_Lure_103.bmp,Umbrella-Big Ben,slope
4,888,5, 1 ,S_Image_107.bmp-F_Lure_34.bmp,Colosseum-Nelson Mandela,rock
4,889,5, 1 ,F_Image_27.bmp-S_Lure_131.bmp,Mahadma Gandhi-Rapa Nui,tube
4,890,5, 1 ,S_Image_114.bmp-F_Lure_22.bmp,Great Wall-Judi Dench,cone
4,891,5, 1 ,O_Image_56.bmp-F_Lure_15.bmp,Broom-Fidel Castro,spike
4,892,5, 1 ,O_Image_73.bmp-S_Lure_105.bmp,Microscope-Chichen Itza,yellow
4,893,5, 1 ,S_Image_99.bmp-O_Lure_61.bmp,Alhambra-Football,corner
4,894,5, 1 ,F_Image_39.bmp-S_Lure_139.bmp,Robbie Williams-Sydney Opera,hurricane
4,895,5, 1 ,S_Image_115.bmp-O_Lure_57.bmp,Hagia Sophia-Brush,harem
4,896,5, 1 ,S_Image_130.bmp-O_Lure_63.bmp,Potala Palace-Globe,bubble
4,897,5, 1 ,F_Image_27.bmp-S_Lure_131.bmp,Mahadma Gandhi-Rapa Nui,tube
4,898,5, 1 ,F_Image_2.bmp-S_Lure_125.bmp,Amy Winehouse-Mount Rushmore,wreck
4,899,5, 1 ,O_Image_68.bmp-S_Lure_116.bmp,Hat-Hollywood Sign,laundry
4,900,5, 1 ,S_Image_134.bmp-O_Lure_49.bmp,Sagrada Familia-Anchor,fire
4,901,5, 1 ,O_Image_73.bmp-S_Lure_105.bmp,Microscope-Chichen Itza,yellow
4,902,5, 1 ,F_Image_46.bmp-S_Lure_142.bmp,Wayne Rooney-Tower Bridge,army
4,903,5, 1 ,F_Image_11.bmp-O_Lure_76.bmp,Daniel Radcliffe-Pillows,orchestra
4,904,5, 1 ,S_Image_110.bmp-O_Lure_60.bmp,Forbidden City-Flask,shell
4,905,5, 1 ,F_Image_18.bmp-O_Lure_92.bmp,Jack Nicholson-Trophy,breakfast
4,906,5, 1 ,F_Image_48.bmp-S_Lure_143.bmp,Will Smith-Versailles,wound
4,907,5, 1 ,F_Image_32.bmp-S_Lure_135.bmp,Mick Jagger-Sahara Desert,arch
4,908,5, 1 ,F_Image_30.bmp-O_Lure_82.bmp,Meryl Streep-Scissors,poison
4,909,5, 1 ,F_Image_21.bmp-S_Lure_123.bmp,John Lennon-Mount Everest,steam
4,910,5, 1 ,S_Image_111.bmp-F_Lure_41.bmp,Gizeh Pyramids-Rod Steward,witch
4,911,5, 1 ,S_Image_111.bmp-F_Lure_41.bmp,Gizeh Pyramids-Rod Steward,witch
4,912,6,1,S_Image_121.bmp-S_Lure_121.bmp,Mecca,giant
4,913,6,1,S_Image_131.bmp-S_Lure_131.bmp,Rapa Nui,tube
4,914,6,1,S_Image_104.bmp-S_Lure_104.bmp,Brandenburg Gate,alcohol
4,915,6,1,S_Image_101.bmp-S_Lure_101.bmp,Atomium,black
4,916,6,1,S_Image_127.bmp-S_Lure_127.bmp,Niagara Falls,honeymoon
4,917,6,1,S_Image_125.bmp-S_Lure_125.bmp,Mount Rushmore,wreck
4,918,6,1,O_Image_51.bmp-O_Lure_51.bmp,Basket,crumb
4,919,6,1,F_Image_15.bmp-F_Lure_15.bmp,Fidel Castro,spike
4,920,6,1,S_Image_118.bmp-S_Lure_118.bmp,Leaning Tower,wool
4,921,6,1,F_Image_3.bmp-F_Lure_3.bmp,Angela Merkel,spray
4,922,6,1,O_Image_59.bmp-O_Lure_59.bmp,Fan,galaxy
4,923,6,1,O_Image_57.bmp-O_Lure_57.bmp,Brush,harem
4,924,6,1,F_Image_22.bmp-F_Lure_22.bmp,Judi Dench,cone
4,925,6,1,O_Image_49.bmp-O_Lure_49.bmp,Anchor,fire
4,926,6,1,O_Image_60.bmp-O_Lure_60.bmp,Flask,shell
4,927,6,1,F_Image_41.bmp-F_Lure_41.bmp,Rod Steward,witch
4,928,6,1,S_Image_124.bmp-S_Lure_124.bmp,Mount Fuji,marble
4,929,6,1,S_Image_142.bmp-S_Lure_142.bmp,Tower Bridge,army
4,930,6,1,O_Image_54.bmp-O_Lure_54.bmp,Bicycle,kiss
4,931,6,1,S_Image_117.bmp-S_Lure_117.bmp,Kings College,water
4,932,6,1,O_Image_88.bmp-O_Lure_88.bmp,Suitcase,sand
4,933,6,1,F_Image_31.bmp-F_Lure_31.bmp,Michael Jackson,money
4,934,6,1,F_Image_44.bmp-F_Lure_44.bmp,Tom Hanks,shadow
4,935,6,1,O_Image_55.bmp-O_Lure_55.bmp,Binoculars,stem
4,936,6,1,O_Image_84.bmp-O_Lure_84.bmp,Skirt,rust
4,937,6,1,F_Image_38.bmp-F_Lure_38.bmp,Queen Elisabeth,scar
4,938,6,1,O_Image_70.bmp-O_Lure_70.bmp,Key,attack
4,939,6,1,O_Image_92.bmp-O_Lure_92.bmp,Trophy,breakfast
4,940,6,1,S_Image_108.bmp-S_Lure_108.bmp,Dover Cliffs,tear
4,941,6,1,S_Image_119.bmp-S_Lure_119.bmp,Louvre,vegetable
4,942,6,1,F_Image_34.bmp-F_Lure_34.bmp,Nelson Mandela,rock
4,943,6,1,S_Image_133.bmp-S_Lure_133.bmp,Rialto Bridge,measles
4,944,6,1,F_Image_12.bmp-F_Lure_12.bmp,David Beckham,flood
4,945,6,1,S_Image_132.bmp-S_Lure_132.bmp,Red Square,arrow
4,946,6,1,O_Image_63.bmp-O_Lure_63.bmp,Globe,bubble
4,947,6,1,F_Image_26.bmp-F_Lure_26.bmp,Madonna,fuel
4,948,6,1,S_Image_143.bmp-S_Lure_143.bmp,Versailles,wound
4,949,6,1,O_Image_87.bmp-O_Lure_87.bmp,Stapler,magnet
4,950,6,1,S_Image_100.bmp-S_Lure_100.bmp,Angkor Wat,signal
4,951,6,1,O_Image_61.bmp-O_Lure_61.bmp,Football,corner
4,952,6,1,S_Image_98.bmp-S_Lure_98.bmp,Alcatraz,seed
4,953,6,1,F_Image_35.bmp-F_Lure_35.bmp,Nikola Sarkozy,sunshine
4,954,6,1,S_Image_135.bmp-S_Lure_135.bmp,Sahara Desert,arch
4,955,6,1,F_Image_14.bmp-F_Lure_14.bmp,Elvis Presley,drizzle
4,956,6,1,F_Image_42.bmp-F_Lure_42.bmp,Scarlett Johansson,board
4,957,6,1,O_Image_50.bmp-O_Lure_50.bmp,Barbecue,quake
4,958,6,1,S_Image_116.bmp-S_Lure_116.bmp,Hollywood Sign,laundry
4,959,6,1,O_Image_62.bmp-O_Lure_62.bmp,FryingPan,triangle
4,960,6,1,F_Image_33.bmp-F_Lure_33.bmp,Mother Teresa,stripe
4,961,6,1,F_Image_25.bmp-F_Lure_25.bmp,Leonardo DiCaprio,snow
4,962,6,1,F_Image_10.bmp-F_Lure_10.bmp,Dalai Lama,menu
4,963,6,1,S_Image_123.bmp-S_Lure_123.bmp,Mount Everest,steam
4,964,6,1,F_Image_20.bmp-F_Lure_20.bmp,Jennifer Lopez,angel
4,965,6,1,O_Image_69.bmp-O_Lure_69.bmp,Headphones,tail
4,966,6,1,O_Image_72.bmp-O_Lure_72.bmp,Lightbulb,paper
4,967,6,1,S_Image_105.bmp-S_Lure_105.bmp,Chichen Itza,yellow
4,968,6,1,O_Image_79.bmp-O_Lure_79.bmp,Remote Control,antique
4,969,6,1,S_Image_103.bmp-S_Lure_103.bmp,Big Ben,slope
4,970,6,1,O_Image_65.bmp-O_Lure_65.bmp,GrandPiano,costume
4,971,6,1,O_Image_71.bmp-O_Lure_71.bmp,Ladder,alien
4,972,6,1,F_Image_9.bmp-F_Lure_9.bmp,Charlie Chaplin,animal
4,973,6,1,F_Image_45.bmp-F_Lure_45.bmp,Tony Blair,hostage
4,974,6,1,F_Image_8.bmp-F_Lure_8.bmp,Cameron Diaz,corpse
4,975,6,1,F_Image_17.bmp-F_Lure_17.bmp,George Clooney,cloud
4,976,6,1,F_Image_5.bmp-F_Lure_5.bmp,Bill Clinton,lever
4,977,6,1,O_Image_58.bmp-O_Lure_58.bmp,Canoe,ghost
4,978,6,1,F_Image_16.bmp-F_Lure_16.bmp,George Bush,asphalt
4,979,6,1,O_Image_76.bmp-O_Lure_76.bmp,Pillows,orchestra
4,980,6,1,S_Image_122.bmp-S_Lure_122.bmp,Mont Saint Michel,tourist
4,981,6,1,F_Image_4.bmp-F_Lure_4.bmp,Barack Obama,sweat
4,982,6,1,O_Image_82.bmp-O_Lure_82.bmp,Scissors,poison
4,983,6,1,S_Image_139.bmp-S_Lure_139.bmp,Sydney Opera,hurricane
4,984,6,1,O_Image_64.bmp-O_Lure_64.bmp,Goggles,spray
4,985,6,1,F_Image_43.bmp-F_Lure_43.bmp,Tom Cruise,marble
4,986,6,1,F_Image_1.bmp-F_Lure_1.bmp,Albert Einstein,magnet
4,987,6,1,S_Image_97.bmp-S_Lure_97.bmp,Akropolis,hostage
4,988,6,1,O_Image_67.bmp-O_Lure_67.bmp,Hammock,angel
4,989,6,1,F_Image_29.bmp-F_Lure_29.bmp,Marilyn Monroe,rust
4,990,6,1,O_Image_89.bmp-O_Lure_89.bmp,Teddybear,vegetable
4,991,6,1,F_Image_21.bmp-F_Lure_21.bmp,John Lennon,steam
4,992,6,1,F_Image_13.bmp-F_Lure_13.bmp,Elton John,sand
4,993,6,1,F_Image_30.bmp-F_Lure_30.bmp,Meryl Streep,poison
4,994,6,1,S_Image_126.bmp-S_Lure_126.bmp,Neu schwanstein Castle,shadow
4,995,6,1,F_Image_46.bmp-F_Lure_46.bmp,Wayne Rooney,army
4,996,6,1,O_Image_93.bmp-O_Lure_93.bmp,Umbrella,slope
4,997,6,1,S_Image_129.bmp-S_Lure_129.bmp,Petra,board
4,998,6,1,F_Image_6.bmp-F_Lure_6.bmp,Brad Pitt,arrow
4,999,6,1,F_Image_24.bmp-F_Lure_24.bmp,Keanu Reeves,honeymoon
4,1000,6,1,O_Image_86.bmp-O_Lure_86.bmp,Soother,sweat
4,1001,6,1,F_Image_47.bmp-F_Lure_47.bmp,Whoopi Goldberg,alien
4,1002,6,1,O_Image_83.bmp-O_Lure_83.bmp,Shoe,asphalt
4,1003,6,1,O_Image_95.bmp-O_Lure_95.bmp,Wheelchair,signal
4,1004,6,1,O_Image_81.bmp-O_Lure_81.bmp,Scale,corpse
4,1005,6,1,O_Image_74.bmp-O_Lure_74.bmp,Mirror,giant
4,1006,6,1,F_Image_39.bmp-F_Lure_39.bmp,Robbie Williams,hurricane
4,1007,6,1,S_Image_136.bmp-S_Lure_136.bmp,Sistine Chapel,money
4,1008,6,1,S_Image_113.bmp-S_Lure_113.bmp,Grand Canyon,stripe
4,1009,6,1,F_Image_11.bmp-F_Lure_11.bmp,Daniel Radcliffe,orchestra
4,1010,6,1,F_Image_32.bmp-F_Lure_32.bmp,Mick Jagger,arch
4,1011,6,1,F_Image_40.bmp-F_Lure_40.bmp,Robert De Niro,antique
4,1012,6,1,F_Image_28.bmp-F_Lure_28.bmp,Margaret Thatcher,costume
4,1013,6,1,S_Image_144.bmp-S_Lure_144.bmp,White House,stem
4,1014,6,1,S_Image_106.bmp-S_Lure_106.bmp,Christ The Redeemer,triangle
4,1015,6,1,S_Image_110.bmp-S_Lure_110.bmp,Forbidden City,shell
4,1016,6,1,O_Image_94.bmp-O_Lure_94.bmp,Watch,cloud
4,1017,6,1,O_Image_85.bmp-O_Lure_85.bmp,Sock,menu
4,1018,6,1,S_Image_109.bmp-S_Lure_109.bmp,Eiffel Tower,scar
4,1019,6,1,S_Image_120.bmp-S_Lure_120.bmp,Machu Picchu,sunshine
4,1020,6,1,F_Image_36.bmp-F_Lure_36.bmp,Penelope Cruz,attack
4,1021,6,1,F_Image_2.bmp-F_Lure_2.bmp,Amy Winehouse,wreck
4,1022,6,1,O_Image_53.bmp-O_Lure_53.bmp,Belt,water
4,1023,6,1,S_Image_141.bmp-S_Lure_141.bmp,Time Square,quake
4,1024,6,1,S_Image_138.bmp-S_Lure_138.bmp,Stonehenge,fuel
4,1025,6,1,O_Image_80.bmp-O_Lure_80.bmp,Rope,tear
4,1026,6,1,S_Image_107.bmp-S_Lure_107.bmp,Colosseum,rock
4,1027,6,1,S_Image_130.bmp-S_Lure_130.bmp,Potala Palace,bubble
4,1028,6,1,S_Image_128.bmp-S_Lure_128.bmp,Notre Dame,snow
4,1029,6,1,S_Image_99.bmp-S_Lure_99.bmp,Alhambra,corner
4,1030,6,1,F_Image_37.bmp-F_Lure_37.bmp,Pierce Brosnan,measles
4,1031,6,1,F_Image_19.bmp-F_Lure_19.bmp,James Dean,paper
4,1032,6,1,S_Image_102.bmp-S_Lure_102.bmp,Ayers Rock,crumb
4,1033,6,1,O_Image_52.bmp-O_Lure_52.bmp,Bed,animal
4,1034,6,1,S_Image_115.bmp-S_Lure_115.bmp,Hagia Sophia,harem
4,1035,6,1,S_Image_111.bmp-S_Lure_111.bmp,Gizeh Pyramids,witch
4,1036,6,1,S_Image_114.bmp-S_Lure_114.bmp,Great Wall,cone
4,1037,6,1,F_Image_48.bmp-F_Lure_48.bmp,Will Smith,wound
4,1038,6,1,F_Image_7.bmp-F_Lure_7.bmp,Britney Spears,tail
4,1039,6,1,F_Image_23.bmp-F_Lure_23.bmp,Julia Roberts,tourist
4,1040,6,1,S_Image_140.bmp-S_Lure_140.bmp,Taj Mahal,galaxy
4,1041,6,1,O_Image_90.bmp-O_Lure_90.bmp,Telephone,flood
4,1042,6,1,O_Image_78.bmp-O_Lure_78.bmp,Razor,lever
4,1043,6,1,F_Image_18.bmp-F_Lure_18.bmp,Jack Nicholson,breakfast
4,1044,6,1,O_Image_56.bmp-O_Lure_56.bmp,Broom,spike
4,1045,6,1,O_Image_68.bmp-O_Lure_68.bmp,Hat,laundry
4,1046,6,1,O_Image_66.bmp-O_Lure_66.bmp,Guitar,seed
4,1047,6,1,O_Image_91.bmp-O_Lure_91.bmp,Torch,wool
4,1048,6,1,F_Image_27.bmp-F_Lure_27.bmp,Mahadma Gandhi,tube
4,1049,6,1,O_Image_75.bmp-O_Lure_75.bmp,Necklace,black
4,1050,6,1,S_Image_137.bmp-S_Lure_137.bmp,Statue Of Liberty,ghost
4,1051,6,1,O_Image_77.bmp-O_Lure_77.bmp,Radio,drizzle
4,1052,6,1,S_Image_134.bmp-S_Lure_134.bmp,Sagrada Familia,fire
4,1053,6,1,S_Image_112.bmp-S_Lure_112.bmp,Golden Gate Bridge,kiss
4,1054,6,1,O_Image_73.bmp-O_Lure_73.bmp,Microscope,yellow
4,1055,6,1,O_Image_96.bmp-O_Lure_96.bmp,Wineglass,alcohol
