5,Trial,Cond,Block,ImageFiles,Labels,Cues
5,1,1,1,F_Image_42.bmp,Scarlett Johansson,NaN
5,2,1,1,S_Image_103.bmp,Big Ben,NaN
5,3,1,1,F_Lure_30.bmp,Meryl Streep,NaN
5,4,1,1,O_Lure_58.bmp,Canoe,NaN
5,5,1,1,S_Lure_123.bmp,Mount Everest,NaN
5,6,1,1,S_Image_105.bmp,Chichen Itza,NaN
5,7,1,1,O_Image_71.bmp,Ladder,NaN
5,8,1,1,O_Image_94.bmp,Watch,NaN
5,9,1,1,O_Lure_69.bmp,Headphones,NaN
5,10,1,1,S_Image_128.bmp,Notre Dame,NaN
5,11,1,1,F_Lure_38.bmp,Queen Elisabeth,NaN
5,12,1,1,O_Lure_65.bmp,GrandPiano,NaN
5,13,1,1,O_Image_69.bmp,Headphones,NaN
5,14,1,1,O_Lure_61.bmp,Football,NaN
5,15,1,1,F_Lure_34.bmp,Nelson Mandela,NaN
5,16,1,1,S_Lure_140.bmp,Taj Mahal,NaN
5,17,1,1,S_Image_111.bmp,Gizeh Pyramids,NaN
5,18,1,1,F_Image_11.bmp,Daniel Radcliffe,NaN
5,19,1,1,S_Image_137.bmp,Statue Of Liberty,NaN
5,20,1,1,F_Image_48.bmp,Will Smith,NaN
5,21,1,1,S_Lure_141.bmp,Time Square,NaN
5,22,1,1,F_Lure_42.bmp,Scarlett Johansson,NaN
5,23,1,1,O_Image_49.bmp,Anchor,NaN
5,24,1,1,F_Image_13.bmp,Elton John,NaN
5,25,1,1,S_Image_127.bmp,Niagara Falls,NaN
5,26,1,1,O_Lure_50.bmp,Barbecue,NaN
5,27,1,1,F_Lure_9.bmp,Charlie Chaplin,NaN
5,28,1,1,F_Image_45.bmp,Tony Blair,NaN
5,29,1,1,O_Image_95.bmp,Wheelchair,NaN
5,30,1,1,O_Lure_81.bmp,Scale,NaN
5,31,1,1,F_Image_22.bmp,Judi Dench,NaN
5,32,1,1,F_Image_5.bmp,Bill Clinton,NaN
5,33,1,1,O_Image_52.bmp,Bed,NaN
5,34,1,1,F_Lure_8.bmp,Cameron Diaz,NaN
5,35,1,1,F_Lure_37.bmp,Pierce Brosnan,NaN
5,36,1,1,S_Image_121.bmp,Mecca,NaN
5,37,1,1,F_Image_30.bmp,Meryl Streep,NaN
5,38,1,1,F_Lure_33.bmp,Mother Teresa,NaN
5,39,1,1,S_Image_123.bmp,Mount Everest,NaN
5,40,1,1,F_Image_41.bmp,Rod Steward,NaN
5,41,1,1,S_Lure_139.bmp,Sydney Opera,NaN
5,42,1,1,O_Lure_51.bmp,Basket,NaN
5,43,1,1,S_Lure_107.bmp,Colosseum,NaN
5,44,1,1,O_Lure_72.bmp,Lightbulb,NaN
5,45,1,1,S_Lure_111.bmp,Gizeh Pyramids,NaN
5,46,1,1,F_Lure_17.bmp,George Clooney,NaN
5,47,1,1,S_Image_114.bmp,Great Wall,NaN
5,48,1,1,S_Lure_134.bmp,Sagrada Familia,NaN
5,49,1,1,F_Lure_12.bmp,David Beckham,NaN
5,50,1,1,O_Lure_89.bmp,Teddybear,NaN
5,51,1,1,S_Image_118.bmp,Leaning Tower,NaN
5,52,1,1,F_Image_37.bmp,Pierce Brosnan,NaN
5,53,1,1,F_Lure_7.bmp,Britney Spears,NaN
5,54,1,1,O_Image_90.bmp,Telephone,NaN
5,55,1,1,F_Image_44.bmp,Tom Hanks,NaN
5,56,1,1,O_Lure_75.bmp,Necklace,NaN
5,57,1,1,O_Image_96.bmp,Wineglass,NaN
5,58,1,1,S_Image_101.bmp,Atomium,NaN
5,59,1,1,S_Lure_100.bmp,Angkor Wat,NaN
5,60,1,1,O_Lure_91.bmp,Torch,NaN
5,61,1,1,F_Lure_41.bmp,Rod Steward,NaN
5,62,1,1,S_Image_112.bmp,Golden Gate Bridge,NaN
5,63,1,1,F_Image_27.bmp,Mahadma Gandhi,NaN
5,64,1,1,O_Image_67.bmp,Hammock,NaN
5,65,1,1,F_Lure_47.bmp,Whoopi Goldberg,NaN
5,66,1,1,S_Image_132.bmp,Red Square,NaN
5,67,1,1,S_Lure_132.bmp,Red Square,NaN
5,68,1,1,F_Image_35.bmp,Nikola Sarkozy,NaN
5,69,1,1,S_Image_125.bmp,Mount Rushmore,NaN
5,70,1,1,O_Image_79.bmp,Remote Control,NaN
5,71,1,1,S_Image_122.bmp,Mont Saint Michel,NaN
5,72,1,1,S_Image_129.bmp,Petra,NaN
5,73,1,1,O_Image_88.bmp,Suitcase,NaN
5,74,1,1,O_Lure_87.bmp,Stapler,NaN
5,75,1,1,O_Lure_84.bmp,Skirt,NaN
5,76,1,1,F_Image_43.bmp,Tom Cruise,NaN
5,77,1,1,O_Lure_73.bmp,Microscope,NaN
5,78,1,1,S_Lure_106.bmp,Christ The Redeemer,NaN
5,79,1,1,S_Image_102.bmp,Ayers Rock,NaN
5,80,1,1,O_Image_55.bmp,Binoculars,NaN
5,81,1,1,F_Lure_29.bmp,Marilyn Monroe,NaN
5,82,1,1,F_Image_24.bmp,Keanu Reeves,NaN
5,83,1,1,O_Lure_71.bmp,Ladder,NaN
5,84,1,1,F_Image_39.bmp,Robbie Williams,NaN
5,85,1,1,S_Image_97.bmp,Akropolis,NaN
5,86,1,1,O_Lure_86.bmp,Soother,NaN
5,87,1,1,S_Image_108.bmp,Dover Cliffs,NaN
5,88,1,1,O_Lure_63.bmp,Globe,NaN
5,89,1,1,S_Lure_129.bmp,Petra,NaN
5,90,1,1,F_Image_46.bmp,Wayne Rooney,NaN
5,91,1,1,O_Lure_59.bmp,Fan,NaN
5,92,1,1,S_Image_100.bmp,Angkor Wat,NaN
5,93,1,1,O_Image_81.bmp,Scale,NaN
5,94,1,1,S_Lure_125.bmp,Mount Rushmore,NaN
5,95,1,1,O_Image_65.bmp,GrandPiano,NaN
5,96,1,1,F_Image_31.bmp,Michael Jackson,NaN
5,97,1,1,F_Image_6.bmp,Brad Pitt,NaN
5,98,1,1,O_Lure_80.bmp,Rope,NaN
5,99,1,1,S_Image_124.bmp,Mount Fuji,NaN
5,100,1,1,F_Image_2.bmp,Amy Winehouse,NaN
5,101,1,1,O_Image_63.bmp,Globe,NaN
5,102,1,1,F_Lure_44.bmp,Tom Hanks,NaN
5,103,1,1,O_Image_83.bmp,Shoe,NaN
5,104,1,1,S_Image_98.bmp,Alcatraz,NaN
5,105,1,1,F_Image_1.bmp,Albert Einstein,NaN
5,106,1,1,O_Lure_96.bmp,Wineglass,NaN
5,107,1,1,F_Image_38.bmp,Queen Elisabeth,NaN
5,108,1,1,S_Image_131.bmp,Rapa Nui,NaN
5,109,1,1,S_Lure_112.bmp,Golden Gate Bridge,NaN
5,110,1,1,S_Lure_118.bmp,Leaning Tower,NaN
5,111,1,1,O_Image_54.bmp,Bicycle,NaN
5,112,1,1,S_Lure_131.bmp,Rapa Nui,NaN
5,113,1,1,O_Lure_67.bmp,Hammock,NaN
5,114,1,1,O_Image_60.bmp,Flask,NaN
5,115,1,1,O_Image_51.bmp,Basket,NaN
5,116,1,1,F_Lure_14.bmp,Elvis Presley,NaN
5,117,1,1,O_Lure_62.bmp,FryingPan,NaN
5,118,1,1,O_Image_82.bmp,Scissors,NaN
5,119,1,1,S_Image_135.bmp,Sahara Desert,NaN
5,120,1,1,S_Image_107.bmp,Colosseum,NaN
5,121,1,1,O_Lure_78.bmp,Razor,NaN
5,122,1,1,O_Image_68.bmp,Hat,NaN
5,123,1,1,F_Image_17.bmp,George Clooney,NaN
5,124,1,1,S_Lure_142.bmp,Tower Bridge,NaN
5,125,1,1,S_Image_104.bmp,Brandenburg Gate,NaN
5,126,1,1,F_Lure_27.bmp,Mahadma Gandhi,NaN
5,127,1,1,F_Image_18.bmp,Jack Nicholson,NaN
5,128,1,1,O_Lure_56.bmp,Broom,NaN
5,129,1,1,S_Image_113.bmp,Grand Canyon,NaN
5,130,1,1,F_Lure_23.bmp,Julia Roberts,NaN
5,131,1,1,O_Image_89.bmp,Teddybear,NaN
5,132,1,1,O_Image_86.bmp,Soother,NaN
5,133,1,1,O_Image_73.bmp,Microscope,NaN
5,134,1,1,S_Lure_121.bmp,Mecca,NaN
5,135,1,1,O_Lure_60.bmp,Flask,NaN
5,136,1,1,O_Lure_83.bmp,Shoe,NaN
5,137,1,1,S_Lure_144.bmp,White House,NaN
5,138,1,1,S_Image_116.bmp,Hollywood Sign,NaN
5,139,1,1,S_Lure_108.bmp,Dover Cliffs,NaN
5,140,1,1,F_Lure_40.bmp,Robert De Niro,NaN
5,141,1,1,O_Image_76.bmp,Pillows,NaN
5,142,1,1,S_Image_115.bmp,Hagia Sophia,NaN
5,143,1,1,F_Image_8.bmp,Cameron Diaz,NaN
5,144,1,1,F_Lure_26.bmp,Madonna,NaN
5,145,1,1,O_Image_91.bmp,Torch,NaN
5,146,1,1,F_Image_10.bmp,Dalai Lama,NaN
5,147,1,1,S_Image_99.bmp,Alhambra,NaN
5,148,1,1,S_Image_141.bmp,Time Square,NaN
5,149,1,1,S_Image_126.bmp,Neu schwanstein Castle,NaN
5,150,1,1,F_Lure_2.bmp,Amy Winehouse,NaN
5,151,1,1,F_Image_19.bmp,James Dean,NaN
5,152,1,1,S_Lure_101.bmp,Atomium,NaN
5,153,1,1,F_Image_29.bmp,Marilyn Monroe,NaN
5,154,1,1,F_Lure_21.bmp,John Lennon,NaN
5,155,1,1,S_Lure_138.bmp,Stonehenge,NaN
5,156,1,1,O_Lure_76.bmp,Pillows,NaN
5,157,1,1,S_Lure_104.bmp,Brandenburg Gate,NaN
5,158,1,1,F_Image_15.bmp,Fidel Castro,NaN
5,159,1,1,S_Lure_124.bmp,Mount Fuji,NaN
5,160,1,1,O_Image_56.bmp,Broom,NaN
5,161,1,1,O_Image_53.bmp,Belt,NaN
5,162,1,1,S_Lure_122.bmp,Mont Saint Michel,NaN
5,163,1,1,S_Lure_135.bmp,Sahara Desert,NaN
5,164,1,1,F_Image_25.bmp,Leonardo DiCaprio,NaN
5,165,1,1,O_Lure_82.bmp,Scissors,NaN
5,166,1,1,S_Image_106.bmp,Christ The Redeemer,NaN
5,167,1,1,F_Image_16.bmp,George Bush,NaN
5,168,1,1,F_Lure_22.bmp,Judi Dench,NaN
5,169,1,1,S_Lure_143.bmp,Versailles,NaN
5,170,1,1,F_Lure_3.bmp,Angela Merkel,NaN
5,171,1,1,O_Image_80.bmp,Rope,NaN
5,172,1,1,O_Image_57.bmp,Brush,NaN
5,173,1,1,O_Image_64.bmp,Goggles,NaN
5,174,1,1,S_Image_120.bmp,Machu Picchu,NaN
5,175,1,1,O_Lure_68.bmp,Hat,NaN
5,176,1,1,F_Image_34.bmp,Nelson Mandela,NaN
5,177,1,1,F_Lure_5.bmp,Bill Clinton,NaN
5,178,1,1,S_Lure_98.bmp,Alcatraz,NaN
5,179,1,1,F_Lure_13.bmp,Elton John,NaN
5,180,1,1,O_Image_84.bmp,Skirt,NaN
5,181,1,1,F_Lure_19.bmp,James Dean,NaN
5,182,1,1,O_Image_50.bmp,Barbecue,NaN
5,183,1,1,S_Lure_115.bmp,Hagia Sophia,NaN
5,184,1,1,F_Lure_1.bmp,Albert Einstein,NaN
5,185,1,1,S_Lure_127.bmp,Niagara Falls,NaN
5,186,1,1,F_Image_14.bmp,Elvis Presley,NaN
5,187,1,1,F_Image_36.bmp,Penelope Cruz,NaN
5,188,1,1,S_Lure_128.bmp,Notre Dame,NaN
5,189,1,1,S_Lure_109.bmp,Eiffel Tower,NaN
5,190,1,1,S_Lure_102.bmp,Ayers Rock,NaN
5,191,1,1,O_Image_77.bmp,Radio,NaN
5,192,1,1,F_Image_28.bmp,Margaret Thatcher,NaN
5,193,1,1,F_Lure_16.bmp,George Bush,NaN
5,194,1,1,F_Lure_46.bmp,Wayne Rooney,NaN
5,195,1,1,F_Lure_31.bmp,Michael Jackson,NaN
5,196,1,1,O_Lure_94.bmp,Watch,NaN
5,197,1,1,O_Lure_79.bmp,Remote Control,NaN
5,198,1,1,S_Image_138.bmp,Stonehenge,NaN
5,199,1,1,S_Image_144.bmp,White House,NaN
5,200,1,1,S_Lure_117.bmp,Kings College,NaN
5,201,1,1,S_Image_133.bmp,Rialto Bridge,NaN
5,202,1,1,O_Lure_52.bmp,Bed,NaN
5,203,1,1,S_Lure_137.bmp,Statue Of Liberty,NaN
5,204,1,1,S_Lure_99.bmp,Alhambra,NaN
5,205,1,1,S_Lure_97.bmp,Akropolis,NaN
5,206,1,1,O_Image_92.bmp,Trophy,NaN
5,207,1,1,F_Lure_48.bmp,Will Smith,NaN
5,208,1,1,F_Image_23.bmp,Julia Roberts,NaN
5,209,1,1,F_Lure_32.bmp,Mick Jagger,NaN
5,210,1,1,O_Image_61.bmp,Football,NaN
5,211,1,1,F_Lure_18.bmp,Jack Nicholson,NaN
5,212,1,1,O_Lure_70.bmp,Key,NaN
5,213,1,1,S_Lure_136.bmp,Sistine Chapel,NaN
5,214,1,1,S_Lure_114.bmp,Great Wall,NaN
5,215,1,1,O_Image_62.bmp,FryingPan,NaN
5,216,1,1,F_Image_4.bmp,Barack Obama,NaN
5,217,1,1,F_Lure_6.bmp,Brad Pitt,NaN
5,218,1,1,O_Image_59.bmp,Fan,NaN
5,219,1,1,S_Lure_113.bmp,Grand Canyon,NaN
5,220,1,1,O_Lure_93.bmp,Umbrella,NaN
5,221,1,1,O_Lure_57.bmp,Brush,NaN
5,222,1,1,F_Lure_4.bmp,Barack Obama,NaN
5,223,1,1,F_Lure_35.bmp,Nikola Sarkozy,NaN
5,224,1,1,F_Lure_36.bmp,Penelope Cruz,NaN
5,225,1,1,S_Lure_133.bmp,Rialto Bridge,NaN
5,226,1,1,F_Image_7.bmp,Britney Spears,NaN
5,227,1,1,O_Lure_95.bmp,Wheelchair,NaN
5,228,1,1,O_Image_87.bmp,Stapler,NaN
5,229,1,1,O_Lure_55.bmp,Binoculars,NaN
5,230,1,1,O_Image_78.bmp,Razor,NaN
5,231,1,1,O_Image_93.bmp,Umbrella,NaN
5,232,1,1,O_Image_74.bmp,Mirror,NaN
5,233,1,1,F_Image_40.bmp,Robert De Niro,NaN
5,234,1,1,S_Image_140.bmp,Taj Mahal,NaN
5,235,1,1,F_Image_20.bmp,Jennifer Lopez,NaN
5,236,1,1,F_Lure_20.bmp,Jennifer Lopez,NaN
5,237,1,1,O_Lure_64.bmp,Goggles,NaN
5,238,1,1,S_Lure_126.bmp,Neu schwanstein Castle,NaN
5,239,1,1,F_Lure_45.bmp,Tony Blair,NaN
5,240,1,1,S_Lure_116.bmp,Hollywood Sign,NaN
5,241,1,1,O_Lure_90.bmp,Telephone,NaN
5,242,1,1,F_Image_3.bmp,Angela Merkel,NaN
5,243,1,1,S_Lure_110.bmp,Forbidden City,NaN
5,244,1,1,O_Lure_53.bmp,Belt,NaN
5,245,1,1,S_Image_117.bmp,Kings College,NaN
5,246,1,1,O_Image_58.bmp,Canoe,NaN
5,247,1,1,F_Lure_25.bmp,Leonardo DiCaprio,NaN
5,248,1,1,S_Image_109.bmp,Eiffel Tower,NaN
5,249,1,1,S_Image_136.bmp,Sistine Chapel,NaN
5,250,1,1,S_Lure_103.bmp,Big Ben,NaN
5,251,1,1,O_Image_66.bmp,Guitar,NaN
5,252,1,1,S_Image_143.bmp,Versailles,NaN
5,253,1,1,F_Image_47.bmp,Whoopi Goldberg,NaN
5,254,1,1,S_Image_142.bmp,Tower Bridge,NaN
5,255,1,1,F_Lure_10.bmp,Dalai Lama,NaN
5,256,1,1,F_Image_33.bmp,Mother Teresa,NaN
5,257,1,1,F_Lure_11.bmp,Daniel Radcliffe,NaN
5,258,1,1,S_Image_110.bmp,Forbidden City,NaN
5,259,1,1,O_Lure_74.bmp,Mirror,NaN
5,260,1,1,F_Image_12.bmp,David Beckham,NaN
5,261,1,1,O_Image_70.bmp,Key,NaN
5,262,1,1,O_Lure_66.bmp,Guitar,NaN
5,263,1,1,O_Lure_54.bmp,Bicycle,NaN
5,264,1,1,F_Image_26.bmp,Madonna,NaN
5,265,1,1,O_Lure_88.bmp,Suitcase,NaN
5,266,1,1,S_Image_139.bmp,Sydney Opera,NaN
5,267,1,1,S_Lure_130.bmp,Potala Palace,NaN
5,268,1,1,S_Lure_105.bmp,Chichen Itza,NaN
5,269,1,1,F_Lure_39.bmp,Robbie Williams,NaN
5,270,1,1,F_Lure_43.bmp,Tom Cruise,NaN
5,271,1,1,S_Image_130.bmp,Potala Palace,NaN
5,272,1,1,O_Image_72.bmp,Lightbulb,NaN
5,273,1,1,O_Lure_92.bmp,Trophy,NaN
5,274,1,1,S_Image_134.bmp,Sagrada Familia,NaN
5,275,1,1,F_Image_32.bmp,Mick Jagger,NaN
5,276,1,1,S_Lure_119.bmp,Louvre,NaN
5,277,1,1,O_Lure_49.bmp,Anchor,NaN
5,278,1,1,O_Lure_77.bmp,Radio,NaN
5,279,1,1,S_Image_119.bmp,Louvre,NaN
5,280,1,1,F_Lure_28.bmp,Margaret Thatcher,NaN
5,281,1,1,S_Lure_120.bmp,Machu Picchu,NaN
5,282,1,1,F_Image_9.bmp,Charlie Chaplin,NaN
5,283,1,1,F_Lure_15.bmp,Fidel Castro,NaN
5,284,1,1,O_Image_85.bmp,Sock,NaN
5,285,1,1,O_Lure_85.bmp,Sock,NaN
5,286,1,1,F_Lure_24.bmp,Keanu Reeves,NaN
5,287,1,1,F_Image_21.bmp,John Lennon,NaN
5,288,1,1,O_Image_75.bmp,Necklace,NaN
5,289,1,1,S_Lure_123.bmp,Mount Everest,NaN
5,290,1,1,S_Image_105.bmp,Chichen Itza,NaN
5,291,1,1,F_Image_45.bmp,Tony Blair,NaN
5,292,1,1,F_Image_22.bmp,Judi Dench,NaN
5,293,1,1,F_Lure_37.bmp,Pierce Brosnan,NaN
5,294,1,1,F_Image_41.bmp,Rod Steward,NaN
5,295,1,1,S_Lure_139.bmp,Sydney Opera,NaN
5,296,1,1,S_Lure_134.bmp,Sagrada Familia,NaN
5,297,1,1,S_Image_101.bmp,Atomium,NaN
5,298,1,1,S_Lure_100.bmp,Angkor Wat,NaN
5,299,1,1,F_Lure_41.bmp,Rod Steward,NaN
5,300,1,1,S_Image_132.bmp,Red Square,NaN
5,301,1,1,S_Lure_132.bmp,Red Square,NaN
5,302,1,1,F_Image_35.bmp,Nikola Sarkozy,NaN
5,303,1,1,S_Image_122.bmp,Mont Saint Michel,NaN
5,304,1,1,S_Image_129.bmp,Petra,NaN
5,305,1,1,S_Lure_106.bmp,Christ The Redeemer,NaN
5,306,1,1,S_Image_102.bmp,Ayers Rock,NaN
5,307,1,1,F_Image_39.bmp,Robbie Williams,NaN
5,308,1,1,S_Image_97.bmp,Akropolis,NaN
5,309,1,1,S_Image_108.bmp,Dover Cliffs,NaN
5,310,1,1,S_Lure_129.bmp,Petra,NaN
5,311,1,1,F_Image_46.bmp,Wayne Rooney,NaN
5,312,1,1,S_Image_100.bmp,Angkor Wat,NaN
5,313,1,1,S_Image_124.bmp,Mount Fuji,NaN
5,314,1,1,S_Image_98.bmp,Alcatraz,NaN
5,315,1,1,S_Image_131.bmp,Rapa Nui,NaN
5,316,1,1,S_Lure_131.bmp,Rapa Nui,NaN
5,317,1,1,S_Lure_142.bmp,Tower Bridge,NaN
5,318,1,1,S_Image_104.bmp,Brandenburg Gate,NaN
5,319,1,1,S_Image_113.bmp,Grand Canyon,NaN
5,320,1,1,S_Lure_108.bmp,Dover Cliffs,NaN
5,321,1,1,S_Image_115.bmp,Hagia Sophia,NaN
5,322,1,1,F_Image_10.bmp,Dalai Lama,NaN
5,323,1,1,S_Image_99.bmp,Alhambra,NaN
5,324,1,1,S_Image_126.bmp,Neu schwanstein Castle,NaN
5,325,1,1,F_Lure_21.bmp,John Lennon,NaN
5,326,1,1,S_Lure_138.bmp,Stonehenge,NaN
5,327,1,1,S_Lure_104.bmp,Brandenburg Gate,NaN
5,328,1,1,F_Image_15.bmp,Fidel Castro,NaN
5,329,1,1,S_Lure_124.bmp,Mount Fuji,NaN
5,330,1,1,S_Lure_122.bmp,Mont Saint Michel,NaN
5,331,1,1,S_Lure_143.bmp,Versailles,NaN
5,332,1,1,F_Lure_3.bmp,Angela Merkel,NaN
5,333,1,1,S_Image_120.bmp,Machu Picchu,NaN
5,334,1,1,S_Lure_115.bmp,Hagia Sophia,NaN
5,335,1,1,S_Lure_128.bmp,Notre Dame,NaN
5,336,1,1,S_Lure_102.bmp,Ayers Rock,NaN
5,337,1,1,F_Image_28.bmp,Margaret Thatcher,NaN
5,338,1,1,F_Lure_46.bmp,Wayne Rooney,NaN
5,339,1,1,S_Lure_117.bmp,Kings College,NaN
5,340,1,1,S_Image_133.bmp,Rialto Bridge,NaN
5,341,1,1,S_Lure_99.bmp,Alhambra,NaN
5,342,1,1,S_Lure_97.bmp,Akropolis,NaN
5,343,1,1,S_Lure_136.bmp,Sistine Chapel,NaN
5,344,1,1,S_Lure_113.bmp,Grand Canyon,NaN
5,345,1,1,F_Lure_35.bmp,Nikola Sarkozy,NaN
5,346,1,1,S_Lure_133.bmp,Rialto Bridge,NaN
5,347,1,1,S_Lure_126.bmp,Neu schwanstein Castle,NaN
5,348,1,1,F_Lure_45.bmp,Tony Blair,NaN
5,349,1,1,F_Image_3.bmp,Angela Merkel,NaN
5,350,1,1,S_Lure_110.bmp,Forbidden City,NaN
5,351,1,1,S_Image_117.bmp,Kings College,NaN
5,352,1,1,S_Image_136.bmp,Sistine Chapel,NaN
5,353,1,1,S_Image_143.bmp,Versailles,NaN
5,354,1,1,S_Image_142.bmp,Tower Bridge,NaN
5,355,1,1,S_Image_110.bmp,Forbidden City,NaN
5,356,1,1,S_Lure_130.bmp,Potala Palace,NaN
5,357,1,1,S_Lure_105.bmp,Chichen Itza,NaN
5,358,1,1,F_Lure_39.bmp,Robbie Williams,NaN
5,359,1,1,S_Image_130.bmp,Potala Palace,NaN
5,360,1,1,S_Image_134.bmp,Sagrada Familia,NaN
5,361,1,1,F_Lure_28.bmp,Margaret Thatcher,NaN
5,362,1,1,S_Lure_120.bmp,Machu Picchu,NaN
5,363,1.5,1,S_Image_115.bmp,Hagia Sophia,animal
5,364,1.5,1,O_Image_67.bmp,Hammock,hurricane
5,365,1.5,1,F_Image_44.bmp,Tom Hanks,steam
5,366,1.5,1,O_Image_84.bmp,Skirt,alcohol
5,367,1.5,1,S_Image_125.bmp,Mount Rushmore,tail
5,368,1.5,1,F_Image_26.bmp,Madonna,scar
5,369,1.5,1,S_Image_100.bmp,Angkor Wat,vegetable
5,370,1.5,1,O_Image_72.bmp,Lightbulb,witch
5,371,1.5,1,F_Image_34.bmp,Nelson Mandela,slope
5,372,1.5,1,S_Image_137.bmp,Statue Of Liberty,wreck
5,373,1.5,1,S_Image_122.bmp,Mont Saint Michel,spray
5,374,1.5,1,S_Image_131.bmp,Rapa Nui,seed
5,375,1.5,1,F_Image_9.bmp,Charlie Chaplin,fuel
5,376,1.5,1,F_Image_20.bmp,Jennifer Lopez,sunshine
5,377,1.5,1,F_Image_21.bmp,John Lennon,attack
5,378,1.5,1,O_Image_83.bmp,Shoe,tourist
5,379,1.5,1,F_Image_2.bmp,Amy Winehouse,rock
5,380,1.5,1,F_Image_40.bmp,Robert De Niro,costume
5,381,1.5,1,F_Image_28.bmp,Margaret Thatcher,snow
5,382,1.5,1,O_Image_89.bmp,Teddybear,shell
5,383,1.5,1,F_Image_46.bmp,Wayne Rooney,orchestra
5,384,1.5,1,O_Image_60.bmp,Flask,flood
5,385,1.5,1,O_Image_90.bmp,Telephone,army
5,386,1.5,1,F_Image_35.bmp,Nikola Sarkozy,quake
5,387,2,1,F_Image_26.bmp-F_Lure_26.bmp,Madonna,scar
5,388,2,1,S_Image_131.bmp-S_Lure_131.bmp,Rapa Nui,seed
5,389,2,1,S_Image_100.bmp-S_Lure_100.bmp,Angkor Wat,vegetable
5,390,2,1,F_Image_9.bmp-F_Lure_9.bmp,Charlie Chaplin,fuel
5,391,2,1,F_Image_40.bmp-F_Lure_40.bmp,Robert De Niro,costume
5,392,2,1,O_Image_83.bmp-O_Lure_83.bmp,Shoe,tourist
5,393,2,1,S_Image_137.bmp-S_Lure_137.bmp,Statue Of Liberty,wreck
5,394,2,1,O_Image_89.bmp-O_Lure_89.bmp,Teddybear,shell
5,395,2,1,O_Image_60.bmp-O_Lure_60.bmp,Flask,flood
5,396,2,1,O_Image_84.bmp-O_Lure_84.bmp,Skirt,alcohol
5,397,2,1,F_Image_2.bmp-F_Lure_2.bmp,Amy Winehouse,rock
5,398,2,1,F_Image_35.bmp-F_Lure_35.bmp,Nikola Sarkozy,quake
5,399,2,1,F_Image_46.bmp-F_Lure_46.bmp,Wayne Rooney,orchestra
5,400,2,1,O_Image_90.bmp-O_Lure_90.bmp,Telephone,army
5,401,2,1,S_Image_125.bmp-S_Lure_125.bmp,Mount Rushmore,tail
5,402,2,1,O_Image_72.bmp-O_Lure_72.bmp,Lightbulb,witch
5,403,2,1,F_Image_20.bmp-F_Lure_20.bmp,Jennifer Lopez,sunshine
5,404,2,1,S_Image_122.bmp-S_Lure_122.bmp,Mont Saint Michel,spray
5,405,2,1,S_Image_115.bmp-S_Lure_115.bmp,Hagia Sophia,animal
5,406,2,1,F_Image_34.bmp-F_Lure_34.bmp,Nelson Mandela,slope
5,407,2,1,O_Image_67.bmp-O_Lure_67.bmp,Hammock,hurricane
5,408,2,1,F_Image_44.bmp-F_Lure_44.bmp,Tom Hanks,steam
5,409,2,1,F_Image_21.bmp-F_Lure_21.bmp,John Lennon,attack
5,410,2,1,F_Image_28.bmp-F_Lure_28.bmp,Margaret Thatcher,snow
5,411,3,1,O_Image_83.bmp-O_Lure_83.bmp,Shoe,tourist
5,412,3,1,S_Image_137.bmp-S_Lure_137.bmp,Statue Of Liberty,wreck
5,413,3,1,F_Image_40.bmp-F_Lure_40.bmp,Robert De Niro,costume
5,414,3,1,S_Image_122.bmp-S_Lure_122.bmp,Mont Saint Michel,spray
5,415,3,1,F_Image_20.bmp-F_Lure_20.bmp,Jennifer Lopez,sunshine
5,416,3,1,S_Image_131.bmp-S_Lure_131.bmp,Rapa Nui,seed
5,417,3,1,F_Image_28.bmp-F_Lure_28.bmp,Margaret Thatcher,snow
5,418,3,1,F_Image_46.bmp-F_Lure_46.bmp,Wayne Rooney,orchestra
5,419,3,1,F_Image_35.bmp-F_Lure_35.bmp,Nikola Sarkozy,quake
5,420,3,1,O_Image_67.bmp-O_Lure_67.bmp,Hammock,hurricane
5,421,3,1,F_Image_9.bmp-F_Lure_9.bmp,Charlie Chaplin,fuel
5,422,3,1,O_Image_60.bmp-O_Lure_60.bmp,Flask,flood
5,423,3,1,F_Image_2.bmp-F_Lure_2.bmp,Amy Winehouse,rock
5,424,3,1,O_Image_90.bmp-O_Lure_90.bmp,Telephone,army
5,425,3,1,F_Image_44.bmp-F_Lure_44.bmp,Tom Hanks,steam
5,426,3,1,O_Image_89.bmp-O_Lure_89.bmp,Teddybear,shell
5,427,3,1,S_Image_115.bmp-S_Lure_115.bmp,Hagia Sophia,animal
5,428,3,1,S_Image_100.bmp-S_Lure_100.bmp,Angkor Wat,vegetable
5,429,3,1,F_Image_26.bmp-F_Lure_26.bmp,Madonna,scar
5,430,3,1,O_Image_72.bmp-O_Lure_72.bmp,Lightbulb,witch
5,431,3,1,S_Image_125.bmp-S_Lure_125.bmp,Mount Rushmore,tail
5,432,3,1,F_Image_34.bmp-F_Lure_34.bmp,Nelson Mandela,slope
5,433,3,1,F_Image_21.bmp-F_Lure_21.bmp,John Lennon,attack
5,434,3,1,O_Image_84.bmp-O_Lure_84.bmp,Skirt,alcohol
5,435,1.5,2,F_Image_29.bmp,Marilyn Monroe,triangle
5,436,1.5,2,O_Image_77.bmp,Radio,sand
5,437,1.5,2,S_Image_130.bmp,Potala Palace,yellow
5,438,1.5,2,O_Image_78.bmp,Razor,asphalt
5,439,1.5,2,S_Image_142.bmp,Tower Bridge,magnet
5,440,1.5,2,F_Image_25.bmp,Leonardo DiCaprio,signal
5,441,1.5,2,O_Image_55.bmp,Binoculars,menu
5,442,1.5,2,S_Image_98.bmp,Alcatraz,money
5,443,1.5,2,O_Image_59.bmp,Fan,giant
5,444,1.5,2,F_Image_27.bmp,Mahadma Gandhi,stem
5,445,1.5,2,S_Image_136.bmp,Sistine Chapel,cone
5,446,1.5,2,F_Image_33.bmp,Mother Teresa,hostage
5,447,1.5,2,F_Image_36.bmp,Penelope Cruz,wound
5,448,1.5,2,F_Image_14.bmp,Elvis Presley,cloud
5,449,1.5,2,O_Image_54.bmp,Bicycle,wool
5,450,1.5,2,S_Image_99.bmp,Alhambra,corner
5,451,1.5,2,O_Image_74.bmp,Mirror,breakfast
5,452,1.5,2,O_Image_87.bmp,Stapler,water
5,453,1.5,2,F_Image_38.bmp,Queen Elisabeth,arrow
5,454,1.5,2,S_Image_133.bmp,Rialto Bridge,spike
5,455,1.5,2,S_Image_141.bmp,Time Square,tear
5,456,1.5,2,S_Image_126.bmp,Neu schwanstein Castle,crumb
5,457,1.5,2,O_Image_85.bmp,Sock,kiss
5,458,1.5,2,O_Image_80.bmp,Rope,board
5,459,2,2,S_Image_136.bmp-S_Lure_136.bmp,Sistine Chapel,cone
5,460,2,2,O_Image_80.bmp-O_Lure_80.bmp,Rope,board
5,461,2,2,O_Image_74.bmp-O_Lure_74.bmp,Mirror,breakfast
5,462,2,2,O_Image_78.bmp-O_Lure_78.bmp,Razor,asphalt
5,463,2,2,O_Image_77.bmp-O_Lure_77.bmp,Radio,sand
5,464,2,2,F_Image_36.bmp-F_Lure_36.bmp,Penelope Cruz,wound
5,465,2,2,O_Image_59.bmp-O_Lure_59.bmp,Fan,giant
5,466,2,2,O_Image_87.bmp-O_Lure_87.bmp,Stapler,water
5,467,2,2,F_Image_33.bmp-F_Lure_33.bmp,Mother Teresa,hostage
5,468,2,2,S_Image_126.bmp-S_Lure_126.bmp,Neu schwanstein Castle,crumb
5,469,2,2,S_Image_133.bmp-S_Lure_133.bmp,Rialto Bridge,spike
5,470,2,2,S_Image_141.bmp-S_Lure_141.bmp,Time Square,tear
5,471,2,2,O_Image_55.bmp-O_Lure_55.bmp,Binoculars,menu
5,472,2,2,S_Image_99.bmp-S_Lure_99.bmp,Alhambra,corner
5,473,2,2,F_Image_27.bmp-F_Lure_27.bmp,Mahadma Gandhi,stem
5,474,2,2,S_Image_98.bmp-S_Lure_98.bmp,Alcatraz,money
5,475,2,2,F_Image_29.bmp-F_Lure_29.bmp,Marilyn Monroe,triangle
5,476,2,2,F_Image_14.bmp-F_Lure_14.bmp,Elvis Presley,cloud
5,477,2,2,F_Image_38.bmp-F_Lure_38.bmp,Queen Elisabeth,arrow
5,478,2,2,F_Image_25.bmp-F_Lure_25.bmp,Leonardo DiCaprio,signal
5,479,2,2,S_Image_142.bmp-S_Lure_142.bmp,Tower Bridge,magnet
5,480,2,2,O_Image_85.bmp-O_Lure_85.bmp,Sock,kiss
5,481,2,2,O_Image_54.bmp-O_Lure_54.bmp,Bicycle,wool
5,482,2,2,S_Image_130.bmp-S_Lure_130.bmp,Potala Palace,yellow
5,483,3,2,F_Image_38.bmp-F_Lure_38.bmp,Queen Elisabeth,arrow
5,484,3,2,O_Image_80.bmp-O_Lure_80.bmp,Rope,board
5,485,3,2,O_Image_59.bmp-O_Lure_59.bmp,Fan,giant
5,486,3,2,S_Image_99.bmp-S_Lure_99.bmp,Alhambra,corner
5,487,3,2,S_Image_126.bmp-S_Lure_126.bmp,Neu schwanstein Castle,crumb
5,488,3,2,O_Image_54.bmp-O_Lure_54.bmp,Bicycle,wool
5,489,3,2,F_Image_14.bmp-F_Lure_14.bmp,Elvis Presley,cloud
5,490,3,2,F_Image_25.bmp-F_Lure_25.bmp,Leonardo DiCaprio,signal
5,491,3,2,S_Image_98.bmp-S_Lure_98.bmp,Alcatraz,money
5,492,3,2,F_Image_27.bmp-F_Lure_27.bmp,Mahadma Gandhi,stem
5,493,3,2,S_Image_136.bmp-S_Lure_136.bmp,Sistine Chapel,cone
5,494,3,2,O_Image_74.bmp-O_Lure_74.bmp,Mirror,breakfast
5,495,3,2,O_Image_78.bmp-O_Lure_78.bmp,Razor,asphalt
5,496,3,2,O_Image_85.bmp-O_Lure_85.bmp,Sock,kiss
5,497,3,2,S_Image_130.bmp-S_Lure_130.bmp,Potala Palace,yellow
5,498,3,2,S_Image_141.bmp-S_Lure_141.bmp,Time Square,tear
5,499,3,2,S_Image_142.bmp-S_Lure_142.bmp,Tower Bridge,magnet
5,500,3,2,O_Image_55.bmp-O_Lure_55.bmp,Binoculars,menu
5,501,3,2,F_Image_33.bmp-F_Lure_33.bmp,Mother Teresa,hostage
5,502,3,2,O_Image_87.bmp-O_Lure_87.bmp,Stapler,water
5,503,3,2,F_Image_36.bmp-F_Lure_36.bmp,Penelope Cruz,wound
5,504,3,2,S_Image_133.bmp-S_Lure_133.bmp,Rialto Bridge,spike
5,505,3,2,O_Image_77.bmp-O_Lure_77.bmp,Radio,sand
5,506,3,2,F_Image_29.bmp-F_Lure_29.bmp,Marilyn Monroe,triangle
5,507,1.5,3,S_Image_101.bmp,Atomium,black
5,508,1.5,3,S_Image_120.bmp,Machu Picchu,laundry
5,509,1.5,3,F_Image_8.bmp,Cameron Diaz,marble
5,510,1.5,3,O_Image_93.bmp,Umbrella,arch
5,511,1.5,3,F_Image_11.bmp,Daniel Radcliffe,angel
5,512,1.5,3,O_Image_76.bmp,Pillows,galaxy
5,513,1.5,3,S_Image_119.bmp,Louvre,lever
5,514,1.5,3,O_Image_91.bmp,Torch,fire
5,515,1.5,3,S_Image_109.bmp,Eiffel Tower,alien
5,516,1.5,3,O_Image_64.bmp,Goggles,shadow
5,517,1.5,3,O_Image_49.bmp,Anchor,tube
5,518,1.5,3,S_Image_138.bmp,Stonehenge,sweat
5,519,1.5,3,S_Image_103.bmp,Big Ben,bubble
5,520,1.5,3,S_Image_116.bmp,Hollywood Sign,stripe
5,521,1.5,3,S_Image_118.bmp,Leaning Tower,honeymoon
5,522,1.5,3,S_Image_121.bmp,Mecca,paper
5,523,1.5,3,F_Image_24.bmp,Keanu Reeves,poison
5,524,1.5,3,S_Image_140.bmp,Taj Mahal,measles
5,525,1.5,3,O_Image_52.bmp,Bed,corpse
5,526,1.5,3,O_Image_88.bmp,Suitcase,harem
5,527,1.5,3,F_Image_41.bmp,Rod Steward,ghost
5,528,1.5,3,F_Image_12.bmp,David Beckham,drizzle
5,529,1.5,3,F_Image_16.bmp,George Bush,rust
5,530,1.5,3,O_Image_66.bmp,Guitar,antique
5,531,2,3,S_Image_121.bmp-S_Lure_121.bmp,Mecca,paper
5,532,2,3,F_Image_41.bmp-F_Lure_41.bmp,Rod Steward,ghost
5,533,2,3,F_Image_16.bmp-F_Lure_16.bmp,George Bush,rust
5,534,2,3,S_Image_101.bmp-S_Lure_101.bmp,Atomium,black
5,535,2,3,O_Image_49.bmp-O_Lure_49.bmp,Anchor,tube
5,536,2,3,S_Image_118.bmp-S_Lure_118.bmp,Leaning Tower,honeymoon
5,537,2,3,F_Image_8.bmp-F_Lure_8.bmp,Cameron Diaz,marble
5,538,2,3,O_Image_76.bmp-O_Lure_76.bmp,Pillows,galaxy
5,539,2,3,F_Image_12.bmp-F_Lure_12.bmp,David Beckham,drizzle
5,540,2,3,O_Image_64.bmp-O_Lure_64.bmp,Goggles,shadow
5,541,2,3,S_Image_119.bmp-S_Lure_119.bmp,Louvre,lever
5,542,2,3,S_Image_103.bmp-S_Lure_103.bmp,Big Ben,bubble
5,543,2,3,S_Image_120.bmp-S_Lure_120.bmp,Machu Picchu,laundry
5,544,2,3,S_Image_109.bmp-S_Lure_109.bmp,Eiffel Tower,alien
5,545,2,3,O_Image_52.bmp-O_Lure_52.bmp,Bed,corpse
5,546,2,3,F_Image_24.bmp-F_Lure_24.bmp,Keanu Reeves,poison
5,547,2,3,S_Image_140.bmp-S_Lure_140.bmp,Taj Mahal,measles
5,548,2,3,O_Image_88.bmp-O_Lure_88.bmp,Suitcase,harem
5,549,2,3,O_Image_93.bmp-O_Lure_93.bmp,Umbrella,arch
5,550,2,3,O_Image_91.bmp-O_Lure_91.bmp,Torch,fire
5,551,2,3,S_Image_116.bmp-S_Lure_116.bmp,Hollywood Sign,stripe
5,552,2,3,O_Image_66.bmp-O_Lure_66.bmp,Guitar,antique
5,553,2,3,S_Image_138.bmp-S_Lure_138.bmp,Stonehenge,sweat
5,554,2,3,F_Image_11.bmp-F_Lure_11.bmp,Daniel Radcliffe,angel
5,555,3,3,O_Image_91.bmp-O_Lure_91.bmp,Torch,fire
5,556,3,3,F_Image_41.bmp-F_Lure_41.bmp,Rod Steward,ghost
5,557,3,3,O_Image_66.bmp-O_Lure_66.bmp,Guitar,antique
5,558,3,3,S_Image_109.bmp-S_Lure_109.bmp,Eiffel Tower,alien
5,559,3,3,O_Image_49.bmp-O_Lure_49.bmp,Anchor,tube
5,560,3,3,F_Image_12.bmp-F_Lure_12.bmp,David Beckham,drizzle
5,561,3,3,S_Image_120.bmp-S_Lure_120.bmp,Machu Picchu,laundry
5,562,3,3,O_Image_52.bmp-O_Lure_52.bmp,Bed,corpse
5,563,3,3,F_Image_11.bmp-F_Lure_11.bmp,Daniel Radcliffe,angel
5,564,3,3,O_Image_76.bmp-O_Lure_76.bmp,Pillows,galaxy
5,565,3,3,O_Image_88.bmp-O_Lure_88.bmp,Suitcase,harem
5,566,3,3,S_Image_119.bmp-S_Lure_119.bmp,Louvre,lever
5,567,3,3,S_Image_138.bmp-S_Lure_138.bmp,Stonehenge,sweat
5,568,3,3,S_Image_140.bmp-S_Lure_140.bmp,Taj Mahal,measles
5,569,3,3,F_Image_8.bmp-F_Lure_8.bmp,Cameron Diaz,marble
5,570,3,3,O_Image_64.bmp-O_Lure_64.bmp,Goggles,shadow
5,571,3,3,O_Image_93.bmp-O_Lure_93.bmp,Umbrella,arch
5,572,3,3,F_Image_16.bmp-F_Lure_16.bmp,George Bush,rust
5,573,3,3,F_Image_24.bmp-F_Lure_24.bmp,Keanu Reeves,poison
5,574,3,3,S_Image_118.bmp-S_Lure_118.bmp,Leaning Tower,honeymoon
5,575,3,3,S_Image_121.bmp-S_Lure_121.bmp,Mecca,paper
5,576,3,3,S_Image_103.bmp-S_Lure_103.bmp,Big Ben,bubble
5,577,3,3,S_Image_101.bmp-S_Lure_101.bmp,Atomium,black
5,578,3,3,S_Image_116.bmp-S_Lure_116.bmp,Hollywood Sign,stripe
5,579,3.5,1,F_Image_42.bmp,Scarlett Johansson,yellow
5,580,3.5,1,S_Image_135.bmp,Sahara Desert,galaxy
5,581,3.5,1,O_Image_62.bmp,FryingPan,stem
5,582,3.5,1,O_Image_79.bmp,Remote Control,alien
5,583,3.5,1,F_Image_43.bmp,Tom Cruise,measles
5,584,3.5,1,S_Image_104.bmp,Brandenburg Gate,arrow
5,585,3.5,1,S_Image_111.bmp,Gizeh Pyramids,sunshine
5,586,3.5,1,O_Image_75.bmp,Necklace,spray
5,587,3.5,1,O_Image_53.bmp,Belt,rock
5,588,3.5,1,O_Image_95.bmp,Wheelchair,tail
5,589,3.5,1,O_Image_65.bmp,GrandPiano,triangle
5,590,3.5,1,S_Image_143.bmp,Versailles,witch
5,591,3.5,1,F_Image_10.bmp,Dalai Lama,wool
5,592,3.5,1,S_Image_127.bmp,Niagara Falls,giant
5,593,3.5,1,O_Image_92.bmp,Trophy,paper
5,594,3.5,1,S_Image_123.bmp,Mount Everest,asphalt
5,595,3.5,1,O_Image_51.bmp,Basket,marble
5,596,3.5,1,F_Image_18.bmp,Jack Nicholson,hurricane
5,597,3.5,1,F_Image_1.bmp,Albert Einstein,flood
5,598,3.5,1,F_Image_17.bmp,George Clooney,breakfast
5,599,3.5,1,S_Image_112.bmp,Golden Gate Bridge,scar
5,600,3.5,1,O_Image_57.bmp,Brush,snow
5,601,3.5,1,S_Image_144.bmp,White House,sand
5,602,3.5,1,O_Image_56.bmp,Broom,orchestra
5,603,4,1,F_Image_10.bmp-F_Lure_10.bmp,Dalai Lama,wool
5,604,4,1,S_Image_143.bmp-S_Lure_143.bmp,Versailles,witch
5,605,4,1,S_Image_135.bmp-S_Lure_135.bmp,Sahara Desert,galaxy
5,606,4,1,O_Image_62.bmp-O_Lure_62.bmp,FryingPan,stem
5,607,4,1,F_Image_1.bmp-F_Lure_1.bmp,Albert Einstein,flood
5,608,4,1,O_Image_57.bmp-O_Lure_57.bmp,Brush,snow
5,609,4,1,O_Image_92.bmp-O_Lure_92.bmp,Trophy,paper
5,610,4,1,F_Image_43.bmp-F_Lure_43.bmp,Tom Cruise,measles
5,611,4,1,O_Image_56.bmp-O_Lure_56.bmp,Broom,orchestra
5,612,4,1,S_Image_112.bmp-S_Lure_112.bmp,Golden Gate Bridge,scar
5,613,4,1,S_Image_111.bmp-S_Lure_111.bmp,Gizeh Pyramids,sunshine
5,614,4,1,O_Image_75.bmp-O_Lure_75.bmp,Necklace,spray
5,615,4,1,S_Image_104.bmp-S_Lure_104.bmp,Brandenburg Gate,arrow
5,616,4,1,O_Image_53.bmp-O_Lure_53.bmp,Belt,rock
5,617,4,1,O_Image_65.bmp-O_Lure_65.bmp,GrandPiano,triangle
5,618,4,1,F_Image_42.bmp-F_Lure_42.bmp,Scarlett Johansson,yellow
5,619,4,1,O_Image_51.bmp-O_Lure_51.bmp,Basket,marble
5,620,4,1,O_Image_95.bmp-O_Lure_95.bmp,Wheelchair,tail
5,621,4,1,S_Image_123.bmp-S_Lure_123.bmp,Mount Everest,asphalt
5,622,4,1,F_Image_18.bmp-F_Lure_18.bmp,Jack Nicholson,hurricane
5,623,4,1,F_Image_17.bmp-F_Lure_17.bmp,George Clooney,breakfast
5,624,4,1,S_Image_144.bmp-S_Lure_144.bmp,White House,sand
5,625,4,1,O_Image_79.bmp-O_Lure_79.bmp,Remote Control,alien
5,626,4,1,S_Image_127.bmp-S_Lure_127.bmp,Niagara Falls,giant
5,627,3.5,2,O_Image_63.bmp,Globe,angel
5,628,3.5,2,O_Image_82.bmp,Scissors,black
5,629,3.5,2,O_Image_96.bmp,Wineglass,cone
5,630,3.5,2,F_Image_31.bmp,Michael Jackson,tear
5,631,3.5,2,F_Image_23.bmp,Julia Roberts,money
5,632,3.5,2,O_Image_70.bmp,Key,spike
5,633,3.5,2,O_Image_73.bmp,Microscope,wreck
5,634,3.5,2,F_Image_5.bmp,Bill Clinton,fire
5,635,3.5,2,F_Image_37.bmp,Pierce Brosnan,honeymoon
5,636,3.5,2,F_Image_19.bmp,James Dean,army
5,637,3.5,2,S_Image_129.bmp,Petra,alcohol
5,638,3.5,2,F_Image_39.bmp,Robbie Williams,magnet
5,639,3.5,2,S_Image_128.bmp,Notre Dame,kiss
5,640,3.5,2,F_Image_47.bmp,Whoopi Goldberg,lever
5,641,3.5,2,O_Image_94.bmp,Watch,stripe
5,642,3.5,2,O_Image_71.bmp,Ladder,corner
5,643,3.5,2,S_Image_139.bmp,Sydney Opera,harem
5,644,3.5,2,S_Image_97.bmp,Akropolis,hostage
5,645,3.5,2,F_Image_3.bmp,Angela Merkel,tourist
5,646,3.5,2,S_Image_132.bmp,Red Square,shadow
5,647,3.5,2,S_Image_113.bmp,Grand Canyon,wound
5,648,3.5,2,S_Image_114.bmp,Great Wall,cloud
5,649,3.5,2,O_Image_61.bmp,Football,fuel
5,650,3.5,2,O_Image_50.bmp,Barbecue,ghost
5,651,4,2,O_Image_70.bmp-O_Lure_70.bmp,Key,spike
5,652,4,2,S_Image_128.bmp-S_Lure_128.bmp,Notre Dame,kiss
5,653,4,2,F_Image_5.bmp-F_Lure_5.bmp,Bill Clinton,fire
5,654,4,2,F_Image_37.bmp-F_Lure_37.bmp,Pierce Brosnan,honeymoon
5,655,4,2,O_Image_73.bmp-O_Lure_73.bmp,Microscope,wreck
5,656,4,2,S_Image_139.bmp-S_Lure_139.bmp,Sydney Opera,harem
5,657,4,2,O_Image_61.bmp-O_Lure_61.bmp,Football,fuel
5,658,4,2,O_Image_50.bmp-O_Lure_50.bmp,Barbecue,ghost
5,659,4,2,F_Image_39.bmp-F_Lure_39.bmp,Robbie Williams,magnet
5,660,4,2,S_Image_132.bmp-S_Lure_132.bmp,Red Square,shadow
5,661,4,2,S_Image_113.bmp-S_Lure_113.bmp,Grand Canyon,wound
5,662,4,2,S_Image_114.bmp-S_Lure_114.bmp,Great Wall,cloud
5,663,4,2,S_Image_129.bmp-S_Lure_129.bmp,Petra,alcohol
5,664,4,2,F_Image_19.bmp-F_Lure_19.bmp,James Dean,army
5,665,4,2,F_Image_31.bmp-F_Lure_31.bmp,Michael Jackson,tear
5,666,4,2,F_Image_23.bmp-F_Lure_23.bmp,Julia Roberts,money
5,667,4,2,O_Image_71.bmp-O_Lure_71.bmp,Ladder,corner
5,668,4,2,O_Image_63.bmp-O_Lure_63.bmp,Globe,angel
5,669,4,2,F_Image_47.bmp-F_Lure_47.bmp,Whoopi Goldberg,lever
5,670,4,2,O_Image_94.bmp-O_Lure_94.bmp,Watch,stripe
5,671,4,2,S_Image_97.bmp-S_Lure_97.bmp,Akropolis,hostage
5,672,4,2,O_Image_96.bmp-O_Lure_96.bmp,Wineglass,cone
5,673,4,2,O_Image_82.bmp-O_Lure_82.bmp,Scissors,black
5,674,4,2,F_Image_3.bmp-F_Lure_3.bmp,Angela Merkel,tourist
5,675,3.5,3,F_Image_30.bmp,Meryl Streep,laundry
5,676,3.5,3,S_Image_124.bmp,Mount Fuji,water
5,677,3.5,3,S_Image_102.bmp,Ayers Rock,steam
5,678,3.5,3,F_Image_45.bmp,Tony Blair,bubble
5,679,3.5,3,S_Image_108.bmp,Dover Cliffs,costume
5,680,3.5,3,O_Image_86.bmp,Soother,vegetable
5,681,3.5,3,O_Image_68.bmp,Hat,signal
5,682,3.5,3,S_Image_117.bmp,Kings College,shell
5,683,3.5,3,S_Image_110.bmp,Forbidden City,poison
5,684,3.5,3,F_Image_48.bmp,Will Smith,sweat
5,685,3.5,3,F_Image_4.bmp,Barack Obama,board
5,686,3.5,3,F_Image_13.bmp,Elton John,corpse
5,687,3.5,3,F_Image_15.bmp,Fidel Castro,arch
5,688,3.5,3,S_Image_106.bmp,Christ The Redeemer,quake
5,689,3.5,3,O_Image_69.bmp,Headphones,attack
5,690,3.5,3,F_Image_22.bmp,Judi Dench,seed
5,691,3.5,3,S_Image_134.bmp,Sagrada Familia,menu
5,692,3.5,3,F_Image_32.bmp,Mick Jagger,animal
5,693,3.5,3,O_Image_81.bmp,Scale,crumb
5,694,3.5,3,S_Image_107.bmp,Colosseum,drizzle
5,695,3.5,3,O_Image_58.bmp,Canoe,rust
5,696,3.5,3,S_Image_105.bmp,Chichen Itza,slope
5,697,3.5,3,F_Image_7.bmp,Britney Spears,tube
5,698,3.5,3,F_Image_6.bmp,Brad Pitt,antique
5,699,4,3,F_Image_6.bmp-F_Lure_6.bmp,Brad Pitt,antique
5,700,4,3,O_Image_81.bmp-O_Lure_81.bmp,Scale,crumb
5,701,4,3,S_Image_108.bmp-S_Lure_108.bmp,Dover Cliffs,costume
5,702,4,3,F_Image_22.bmp-F_Lure_22.bmp,Judi Dench,seed
5,703,4,3,O_Image_86.bmp-O_Lure_86.bmp,Soother,vegetable
5,704,4,3,F_Image_7.bmp-F_Lure_7.bmp,Britney Spears,tube
5,705,4,3,S_Image_107.bmp-S_Lure_107.bmp,Colosseum,drizzle
5,706,4,3,F_Image_48.bmp-F_Lure_48.bmp,Will Smith,sweat
5,707,4,3,S_Image_105.bmp-S_Lure_105.bmp,Chichen Itza,slope
5,708,4,3,F_Image_45.bmp-F_Lure_45.bmp,Tony Blair,bubble
5,709,4,3,S_Image_134.bmp-S_Lure_134.bmp,Sagrada Familia,menu
5,710,4,3,S_Image_106.bmp-S_Lure_106.bmp,Christ The Redeemer,quake
5,711,4,3,S_Image_117.bmp-S_Lure_117.bmp,Kings College,shell
5,712,4,3,S_Image_110.bmp-S_Lure_110.bmp,Forbidden City,poison
5,713,4,3,F_Image_15.bmp-F_Lure_15.bmp,Fidel Castro,arch
5,714,4,3,O_Image_68.bmp-O_Lure_68.bmp,Hat,signal
5,715,4,3,F_Image_30.bmp-F_Lure_30.bmp,Meryl Streep,laundry
5,716,4,3,S_Image_102.bmp-S_Lure_102.bmp,Ayers Rock,steam
5,717,4,3,F_Image_4.bmp-F_Lure_4.bmp,Barack Obama,board
5,718,4,3,O_Image_58.bmp-O_Lure_58.bmp,Canoe,rust
5,719,4,3,S_Image_124.bmp-S_Lure_124.bmp,Mount Fuji,water
5,720,4,3,O_Image_69.bmp-O_Lure_69.bmp,Headphones,attack
5,721,4,3,F_Image_13.bmp-F_Lure_13.bmp,Elton John,corpse
5,722,4,3,F_Image_32.bmp-F_Lure_32.bmp,Mick Jagger,animal
5,723,5, 1 ,S_Image_115.bmp-F_Lure_32.bmp,Hagia Sophia-Mick Jagger,animal
5,724,5, 1 ,S_Image_120.bmp-F_Lure_30.bmp,Machu Picchu-Meryl Streep,laundry
5,725,5, 1 ,O_Image_60.bmp-F_Lure_1.bmp,Flask-Albert Einstein,flood
5,726,5, 1 ,F_Image_21.bmp-O_Lure_69.bmp,John Lennon-Headphones,attack
5,727,5, 1 ,F_Image_41.bmp-O_Lure_50.bmp,Rod Steward-Barbecue,ghost
5,728,5, 1 ,S_Image_125.bmp-O_Lure_95.bmp,Mount Rushmore-Wheelchair,tail
5,729,5, 1 ,S_Image_126.bmp-O_Lure_81.bmp,Neu schwanstein Castle-Scale,crumb
5,730,5, 1 ,F_Image_38.bmp-S_Lure_104.bmp,Queen Elisabeth-Brandenburg Gate,arrow
5,731,5, 1 ,S_Image_137.bmp-O_Lure_73.bmp,Statue Of Liberty-Microscope,wreck
5,732,5, 1 ,F_Image_35.bmp-S_Lure_106.bmp,Nikola Sarkozy-Christ The Redeemer,quake
5,733,5, 1 ,O_Image_77.bmp-S_Lure_144.bmp,Radio-White House,sand
5,734,5, 1 ,S_Image_126.bmp-O_Lure_81.bmp,Neu schwanstein Castle-Scale,crumb
5,735,5, 1 ,O_Image_67.bmp-F_Lure_18.bmp,Hammock-Jack Nicholson,hurricane
5,736,5, 1 ,O_Image_64.bmp-S_Lure_132.bmp,Goggles-Red Square,shadow
5,737,5, 1 ,O_Image_59.bmp-S_Lure_127.bmp,Fan-Niagara Falls,giant
5,738,5, 1 ,F_Image_41.bmp-O_Lure_50.bmp,Rod Steward-Barbecue,ghost
5,739,5, 1 ,F_Image_27.bmp-O_Lure_62.bmp,Mahadma Gandhi-FryingPan,stem
5,740,5, 1 ,S_Image_115.bmp-F_Lure_32.bmp,Hagia Sophia-Mick Jagger,animal
5,741,5, 1 ,O_Image_91.bmp-F_Lure_5.bmp,Torch-Bill Clinton,fire
5,742,5, 1 ,S_Image_101.bmp-O_Lure_82.bmp,Atomium-Scissors,black
5,743,5, 1 ,S_Image_130.bmp-F_Lure_42.bmp,Potala Palace-Scarlett Johansson,yellow
5,744,5, 1 ,S_Image_98.bmp-F_Lure_23.bmp,Alcatraz-Julia Roberts,money
5,745,5, 1 ,S_Image_99.bmp-O_Lure_71.bmp,Alhambra-Ladder,corner
5,746,5, 1 ,F_Image_20.bmp-S_Lure_111.bmp,Jennifer Lopez-Gizeh Pyramids,sunshine
5,747,5, 1 ,F_Image_33.bmp-S_Lure_97.bmp,Mother Teresa-Akropolis,hostage
5,748,5, 1 ,F_Image_14.bmp-S_Lure_114.bmp,Elvis Presley-Great Wall,cloud
5,749,5, 1 ,S_Image_136.bmp-O_Lure_96.bmp,Sistine Chapel-Wineglass,cone
5,750,5, 1 ,S_Image_116.bmp-O_Lure_94.bmp,Hollywood Sign-Watch,stripe
5,751,5, 1 ,F_Image_35.bmp-S_Lure_106.bmp,Nikola Sarkozy-Christ The Redeemer,quake
5,752,5, 1 ,S_Image_109.bmp-O_Lure_79.bmp,Eiffel Tower-Remote Control,alien
5,753,5, 1 ,S_Image_101.bmp-O_Lure_82.bmp,Atomium-Scissors,black
5,754,5, 1 ,F_Image_34.bmp-S_Lure_105.bmp,Nelson Mandela-Chichen Itza,slope
5,755,5, 1 ,O_Image_89.bmp-S_Lure_117.bmp,Teddybear-Kings College,shell
5,756,5, 1 ,F_Image_28.bmp-O_Lure_57.bmp,Margaret Thatcher-Brush,snow
5,757,5, 1 ,O_Image_91.bmp-F_Lure_5.bmp,Torch-Bill Clinton,fire
5,758,5, 1 ,F_Image_21.bmp-O_Lure_69.bmp,John Lennon-Headphones,attack
5,759,5, 1 ,S_Image_126.bmp-O_Lure_81.bmp,Neu schwanstein Castle-Scale,crumb
5,760,5, 1 ,O_Image_89.bmp-S_Lure_117.bmp,Teddybear-Kings College,shell
5,761,5, 1 ,S_Image_136.bmp-O_Lure_96.bmp,Sistine Chapel-Wineglass,cone
5,762,5, 1 ,O_Image_84.bmp-S_Lure_129.bmp,Skirt-Petra,alcohol
5,763,5, 1 ,F_Image_25.bmp-O_Lure_68.bmp,Leonardo DiCaprio-Hat,signal
5,764,5, 1 ,O_Image_91.bmp-F_Lure_5.bmp,Torch-Bill Clinton,fire
5,765,5, 1 ,S_Image_142.bmp-F_Lure_39.bmp,Tower Bridge-Robbie Williams,magnet
5,766,5, 1 ,S_Image_120.bmp-F_Lure_30.bmp,Machu Picchu-Meryl Streep,laundry
5,767,5, 1 ,S_Image_142.bmp-F_Lure_39.bmp,Tower Bridge-Robbie Williams,magnet
5,768,5, 1 ,S_Image_138.bmp-F_Lure_48.bmp,Stonehenge-Will Smith,sweat
5,769,5, 1 ,F_Image_8.bmp-O_Lure_51.bmp,Cameron Diaz-Basket,marble
5,770,5, 1 ,S_Image_115.bmp-F_Lure_32.bmp,Hagia Sophia-Mick Jagger,animal
5,771,5, 1 ,O_Image_49.bmp-F_Lure_7.bmp,Anchor-Britney Spears,tube
5,772,5, 1 ,S_Image_100.bmp-O_Lure_86.bmp,Angkor Wat-Soother,vegetable
5,773,5, 1 ,F_Image_24.bmp-S_Lure_110.bmp,Keanu Reeves-Forbidden City,poison
5,774,5, 1 ,F_Image_21.bmp-O_Lure_69.bmp,John Lennon-Headphones,attack
5,775,5, 1 ,S_Image_115.bmp-F_Lure_32.bmp,Hagia Sophia-Mick Jagger,animal
5,776,5, 1 ,S_Image_122.bmp-O_Lure_75.bmp,Mont Saint Michel-Necklace,spray
5,777,5, 1 ,O_Image_52.bmp-F_Lure_13.bmp,Bed-Elton John,corpse
5,778,5, 1 ,F_Image_25.bmp-O_Lure_68.bmp,Leonardo DiCaprio-Hat,signal
5,779,5, 1 ,S_Image_98.bmp-F_Lure_23.bmp,Alcatraz-Julia Roberts,money
5,780,5, 1 ,O_Image_78.bmp-S_Lure_123.bmp,Razor-Mount Everest,asphalt
5,781,5, 1 ,S_Image_98.bmp-F_Lure_23.bmp,Alcatraz-Julia Roberts,money
5,782,5, 1 ,O_Image_49.bmp-F_Lure_7.bmp,Anchor-Britney Spears,tube
5,783,5, 1 ,F_Image_44.bmp-S_Lure_102.bmp,Tom Hanks-Ayers Rock,steam
5,784,5, 1 ,S_Image_131.bmp-F_Lure_22.bmp,Rapa Nui-Judi Dench,seed
5,785,5, 1 ,F_Image_24.bmp-S_Lure_110.bmp,Keanu Reeves-Forbidden City,poison
5,786,5, 1 ,S_Image_133.bmp-O_Lure_70.bmp,Rialto Bridge-Key,spike
5,787,5, 1 ,S_Image_133.bmp-O_Lure_70.bmp,Rialto Bridge-Key,spike
5,788,5, 1 ,S_Image_118.bmp-F_Lure_37.bmp,Leaning Tower-Pierce Brosnan,honeymoon
5,789,5, 1 ,O_Image_52.bmp-F_Lure_13.bmp,Bed-Elton John,corpse
5,790,5, 1 ,O_Image_49.bmp-F_Lure_7.bmp,Anchor-Britney Spears,tube
5,791,5, 1 ,F_Image_41.bmp-O_Lure_50.bmp,Rod Steward-Barbecue,ghost
5,792,5, 1 ,S_Image_141.bmp-F_Lure_31.bmp,Time Square-Michael Jackson,tear
5,793,5, 1 ,F_Image_28.bmp-O_Lure_57.bmp,Margaret Thatcher-Brush,snow
5,794,5, 1 ,O_Image_59.bmp-S_Lure_127.bmp,Fan-Niagara Falls,giant
5,795,5, 1 ,F_Image_9.bmp-O_Lure_61.bmp,Charlie Chaplin-Football,fuel
5,796,5, 1 ,S_Image_118.bmp-F_Lure_37.bmp,Leaning Tower-Pierce Brosnan,honeymoon
5,797,5, 1 ,F_Image_34.bmp-S_Lure_105.bmp,Nelson Mandela-Chichen Itza,slope
5,798,5, 1 ,O_Image_60.bmp-F_Lure_1.bmp,Flask-Albert Einstein,flood
5,799,5, 1 ,S_Image_130.bmp-F_Lure_42.bmp,Potala Palace-Scarlett Johansson,yellow
5,800,5, 1 ,O_Image_60.bmp-F_Lure_1.bmp,Flask-Albert Einstein,flood
5,801,5, 1 ,S_Image_131.bmp-F_Lure_22.bmp,Rapa Nui-Judi Dench,seed
5,802,5, 1 ,S_Image_126.bmp-O_Lure_81.bmp,Neu schwanstein Castle-Scale,crumb
5,803,5, 1 ,F_Image_8.bmp-O_Lure_51.bmp,Cameron Diaz-Basket,marble
5,804,5, 1 ,F_Image_21.bmp-O_Lure_69.bmp,John Lennon-Headphones,attack
5,805,5, 1 ,F_Image_12.bmp-S_Lure_107.bmp,David Beckham-Colosseum,drizzle
5,806,5, 1 ,O_Image_84.bmp-S_Lure_129.bmp,Skirt-Petra,alcohol
5,807,5, 1 ,O_Image_77.bmp-S_Lure_144.bmp,Radio-White House,sand
5,808,5, 1 ,F_Image_20.bmp-S_Lure_111.bmp,Jennifer Lopez-Gizeh Pyramids,sunshine
5,809,5, 1 ,F_Image_35.bmp-S_Lure_106.bmp,Nikola Sarkozy-Christ The Redeemer,quake
5,810,5, 1 ,S_Image_130.bmp-F_Lure_42.bmp,Potala Palace-Scarlett Johansson,yellow
5,811,5, 1 ,O_Image_76.bmp-S_Lure_135.bmp,Pillows-Sahara Desert,galaxy
5,812,5, 1 ,S_Image_142.bmp-F_Lure_39.bmp,Tower Bridge-Robbie Williams,magnet
5,813,5, 1 ,F_Image_27.bmp-O_Lure_62.bmp,Mahadma Gandhi-FryingPan,stem
5,814,5, 1 ,F_Image_25.bmp-O_Lure_68.bmp,Leonardo DiCaprio-Hat,signal
5,815,5, 1 ,S_Image_133.bmp-O_Lure_70.bmp,Rialto Bridge-Key,spike
5,816,5, 1 ,F_Image_11.bmp-O_Lure_63.bmp,Daniel Radcliffe-Globe,angel
5,817,5, 1 ,F_Image_9.bmp-O_Lure_61.bmp,Charlie Chaplin-Football,fuel
5,818,5, 1 ,S_Image_119.bmp-F_Lure_47.bmp,Louvre-Whoopi Goldberg,lever
5,819,5, 1 ,F_Image_8.bmp-O_Lure_51.bmp,Cameron Diaz-Basket,marble
5,820,5, 1 ,O_Image_60.bmp-F_Lure_1.bmp,Flask-Albert Einstein,flood
5,821,5, 1 ,O_Image_84.bmp-S_Lure_129.bmp,Skirt-Petra,alcohol
5,822,5, 1 ,S_Image_100.bmp-O_Lure_86.bmp,Angkor Wat-Soother,vegetable
5,823,5, 1 ,F_Image_44.bmp-S_Lure_102.bmp,Tom Hanks-Ayers Rock,steam
5,824,5, 1 ,O_Image_91.bmp-F_Lure_5.bmp,Torch-Bill Clinton,fire
5,825,5, 1 ,S_Image_118.bmp-F_Lure_37.bmp,Leaning Tower-Pierce Brosnan,honeymoon
5,826,5, 1 ,S_Image_125.bmp-O_Lure_95.bmp,Mount Rushmore-Wheelchair,tail
5,827,5, 1 ,S_Image_131.bmp-F_Lure_22.bmp,Rapa Nui-Judi Dench,seed
5,828,5, 1 ,F_Image_9.bmp-O_Lure_61.bmp,Charlie Chaplin-Football,fuel
5,829,5, 1 ,F_Image_34.bmp-S_Lure_105.bmp,Nelson Mandela-Chichen Itza,slope
5,830,5, 1 ,S_Image_137.bmp-O_Lure_73.bmp,Statue Of Liberty-Microscope,wreck
5,831,5, 1 ,O_Image_85.bmp-S_Lure_128.bmp,Sock-Notre Dame,kiss
5,832,5, 1 ,O_Image_66.bmp-F_Lure_6.bmp,Guitar-Brad Pitt,antique
5,833,5, 1 ,S_Image_125.bmp-O_Lure_95.bmp,Mount Rushmore-Wheelchair,tail
5,834,5, 1 ,S_Image_116.bmp-O_Lure_94.bmp,Hollywood Sign-Watch,stripe
5,835,5, 1 ,F_Image_12.bmp-S_Lure_107.bmp,David Beckham-Colosseum,drizzle
5,836,5, 1 ,S_Image_138.bmp-F_Lure_48.bmp,Stonehenge-Will Smith,sweat
5,837,5, 1 ,S_Image_131.bmp-F_Lure_22.bmp,Rapa Nui-Judi Dench,seed
5,838,5, 1 ,O_Image_74.bmp-F_Lure_17.bmp,Mirror-George Clooney,breakfast
5,839,5, 1 ,S_Image_119.bmp-F_Lure_47.bmp,Louvre-Whoopi Goldberg,lever
5,840,5, 1 ,F_Image_11.bmp-O_Lure_63.bmp,Daniel Radcliffe-Globe,angel
5,841,5, 1 ,S_Image_109.bmp-O_Lure_79.bmp,Eiffel Tower-Remote Control,alien
5,842,5, 1 ,S_Image_116.bmp-O_Lure_94.bmp,Hollywood Sign-Watch,stripe
5,843,5, 1 ,S_Image_99.bmp-O_Lure_71.bmp,Alhambra-Ladder,corner
5,844,5, 1 ,O_Image_59.bmp-S_Lure_127.bmp,Fan-Niagara Falls,giant
5,845,5, 1 ,F_Image_12.bmp-S_Lure_107.bmp,David Beckham-Colosseum,drizzle
5,846,5, 1 ,O_Image_84.bmp-S_Lure_129.bmp,Skirt-Petra,alcohol
5,847,5, 1 ,F_Image_14.bmp-S_Lure_114.bmp,Elvis Presley-Great Wall,cloud
5,848,5, 1 ,S_Image_137.bmp-O_Lure_73.bmp,Statue Of Liberty-Microscope,wreck
5,849,5, 1 ,O_Image_67.bmp-F_Lure_18.bmp,Hammock-Jack Nicholson,hurricane
5,850,5, 1 ,F_Image_24.bmp-S_Lure_110.bmp,Keanu Reeves-Forbidden City,poison
5,851,5, 1 ,F_Image_38.bmp-S_Lure_104.bmp,Queen Elisabeth-Brandenburg Gate,arrow
5,852,5, 1 ,F_Image_33.bmp-S_Lure_97.bmp,Mother Teresa-Akropolis,hostage
5,853,5, 1 ,O_Image_66.bmp-F_Lure_6.bmp,Guitar-Brad Pitt,antique
5,854,5, 1 ,O_Image_76.bmp-S_Lure_135.bmp,Pillows-Sahara Desert,galaxy
5,855,5, 1 ,O_Image_76.bmp-S_Lure_135.bmp,Pillows-Sahara Desert,galaxy
5,856,5, 1 ,F_Image_24.bmp-S_Lure_110.bmp,Keanu Reeves-Forbidden City,poison
5,857,5, 1 ,S_Image_98.bmp-F_Lure_23.bmp,Alcatraz-Julia Roberts,money
5,858,5, 1 ,F_Image_20.bmp-S_Lure_111.bmp,Jennifer Lopez-Gizeh Pyramids,sunshine
5,859,5, 1 ,S_Image_125.bmp-O_Lure_95.bmp,Mount Rushmore-Wheelchair,tail
5,860,5, 1 ,F_Image_9.bmp-O_Lure_61.bmp,Charlie Chaplin-Football,fuel
5,861,5, 1 ,O_Image_76.bmp-S_Lure_135.bmp,Pillows-Sahara Desert,galaxy
5,862,5, 1 ,O_Image_85.bmp-S_Lure_128.bmp,Sock-Notre Dame,kiss
5,863,5, 1 ,O_Image_59.bmp-S_Lure_127.bmp,Fan-Niagara Falls,giant
5,864,5, 1 ,O_Image_64.bmp-S_Lure_132.bmp,Goggles-Red Square,shadow
5,865,5, 1 ,F_Image_12.bmp-S_Lure_107.bmp,David Beckham-Colosseum,drizzle
5,866,5, 1 ,S_Image_119.bmp-F_Lure_47.bmp,Louvre-Whoopi Goldberg,lever
5,867,5, 1 ,O_Image_67.bmp-F_Lure_18.bmp,Hammock-Jack Nicholson,hurricane
5,868,5, 1 ,F_Image_28.bmp-O_Lure_57.bmp,Margaret Thatcher-Brush,snow
5,869,5, 1 ,O_Image_85.bmp-S_Lure_128.bmp,Sock-Notre Dame,kiss
5,870,5, 1 ,S_Image_118.bmp-F_Lure_37.bmp,Leaning Tower-Pierce Brosnan,honeymoon
5,871,5, 1 ,F_Image_28.bmp-O_Lure_57.bmp,Margaret Thatcher-Brush,snow
5,872,5, 1 ,F_Image_34.bmp-S_Lure_105.bmp,Nelson Mandela-Chichen Itza,slope
5,873,5, 1 ,F_Image_33.bmp-S_Lure_97.bmp,Mother Teresa-Akropolis,hostage
5,874,5, 1 ,F_Image_44.bmp-S_Lure_102.bmp,Tom Hanks-Ayers Rock,steam
5,875,5, 1 ,S_Image_101.bmp-O_Lure_82.bmp,Atomium-Scissors,black
5,876,5, 1 ,F_Image_8.bmp-O_Lure_51.bmp,Cameron Diaz-Basket,marble
5,877,5, 1 ,S_Image_120.bmp-F_Lure_30.bmp,Machu Picchu-Meryl Streep,laundry
5,878,5, 1 ,F_Image_26.bmp-S_Lure_112.bmp,Madonna-Golden Gate Bridge,scar
5,879,5, 1 ,F_Image_14.bmp-S_Lure_114.bmp,Elvis Presley-Great Wall,cloud
5,880,5, 1 ,O_Image_64.bmp-S_Lure_132.bmp,Goggles-Red Square,shadow
5,881,5, 1 ,F_Image_38.bmp-S_Lure_104.bmp,Queen Elisabeth-Brandenburg Gate,arrow
5,882,5, 1 ,S_Image_133.bmp-O_Lure_70.bmp,Rialto Bridge-Key,spike
5,883,5, 1 ,S_Image_137.bmp-O_Lure_73.bmp,Statue Of Liberty-Microscope,wreck
5,884,5, 1 ,S_Image_101.bmp-O_Lure_82.bmp,Atomium-Scissors,black
5,885,5, 1 ,O_Image_89.bmp-S_Lure_117.bmp,Teddybear-Kings College,shell
5,886,5, 1 ,S_Image_122.bmp-O_Lure_75.bmp,Mont Saint Michel-Necklace,spray
5,887,5, 1 ,S_Image_109.bmp-O_Lure_79.bmp,Eiffel Tower-Remote Control,alien
5,888,5, 1 ,S_Image_116.bmp-O_Lure_94.bmp,Hollywood Sign-Watch,stripe
5,889,5, 1 ,S_Image_99.bmp-O_Lure_71.bmp,Alhambra-Ladder,corner
5,890,5, 1 ,O_Image_66.bmp-F_Lure_6.bmp,Guitar-Brad Pitt,antique
5,891,5, 1 ,F_Image_27.bmp-O_Lure_62.bmp,Mahadma Gandhi-FryingPan,stem
5,892,5, 1 ,S_Image_138.bmp-F_Lure_48.bmp,Stonehenge-Will Smith,sweat
5,893,5, 1 ,S_Image_100.bmp-O_Lure_86.bmp,Angkor Wat-Soother,vegetable
5,894,5, 1 ,S_Image_142.bmp-F_Lure_39.bmp,Tower Bridge-Robbie Williams,magnet
5,895,5, 1 ,S_Image_141.bmp-F_Lure_31.bmp,Time Square-Michael Jackson,tear
5,896,5, 1 ,F_Image_41.bmp-O_Lure_50.bmp,Rod Steward-Barbecue,ghost
5,897,5, 1 ,O_Image_78.bmp-S_Lure_123.bmp,Razor-Mount Everest,asphalt
5,898,5, 1 ,O_Image_89.bmp-S_Lure_117.bmp,Teddybear-Kings College,shell
5,899,5, 1 ,O_Image_74.bmp-F_Lure_17.bmp,Mirror-George Clooney,breakfast
5,900,5, 1 ,S_Image_136.bmp-O_Lure_96.bmp,Sistine Chapel-Wineglass,cone
5,901,5, 1 ,S_Image_99.bmp-O_Lure_71.bmp,Alhambra-Ladder,corner
5,902,5, 1 ,S_Image_141.bmp-F_Lure_31.bmp,Time Square-Michael Jackson,tear
5,903,5, 1 ,O_Image_64.bmp-S_Lure_132.bmp,Goggles-Red Square,shadow
5,904,5, 1 ,S_Image_136.bmp-O_Lure_96.bmp,Sistine Chapel-Wineglass,cone
5,905,5, 1 ,S_Image_120.bmp-F_Lure_30.bmp,Machu Picchu-Meryl Streep,laundry
5,906,5, 1 ,O_Image_49.bmp-F_Lure_7.bmp,Anchor-Britney Spears,tube
5,907,5, 1 ,O_Image_74.bmp-F_Lure_17.bmp,Mirror-George Clooney,breakfast
5,908,5, 1 ,F_Image_26.bmp-S_Lure_112.bmp,Madonna-Golden Gate Bridge,scar
5,909,5, 1 ,F_Image_44.bmp-S_Lure_102.bmp,Tom Hanks-Ayers Rock,steam
5,910,5, 1 ,F_Image_11.bmp-O_Lure_63.bmp,Daniel Radcliffe-Globe,angel
5,911,5, 1 ,F_Image_38.bmp-S_Lure_104.bmp,Queen Elisabeth-Brandenburg Gate,arrow
5,912,5, 1 ,O_Image_66.bmp-F_Lure_6.bmp,Guitar-Brad Pitt,antique
5,913,5, 1 ,O_Image_85.bmp-S_Lure_128.bmp,Sock-Notre Dame,kiss
5,914,5, 1 ,O_Image_52.bmp-F_Lure_13.bmp,Bed-Elton John,corpse
5,915,5, 1 ,S_Image_130.bmp-F_Lure_42.bmp,Potala Palace-Scarlett Johansson,yellow
5,916,5, 1 ,S_Image_141.bmp-F_Lure_31.bmp,Time Square-Michael Jackson,tear
5,917,5, 1 ,O_Image_67.bmp-F_Lure_18.bmp,Hammock-Jack Nicholson,hurricane
5,918,5, 1 ,S_Image_138.bmp-F_Lure_48.bmp,Stonehenge-Will Smith,sweat
5,919,5, 1 ,S_Image_109.bmp-O_Lure_79.bmp,Eiffel Tower-Remote Control,alien
5,920,5, 1 ,S_Image_122.bmp-O_Lure_75.bmp,Mont Saint Michel-Necklace,spray
5,921,5, 1 ,O_Image_77.bmp-S_Lure_144.bmp,Radio-White House,sand
5,922,5, 1 ,O_Image_78.bmp-S_Lure_123.bmp,Razor-Mount Everest,asphalt
5,923,5, 1 ,F_Image_20.bmp-S_Lure_111.bmp,Jennifer Lopez-Gizeh Pyramids,sunshine
5,924,5, 1 ,F_Image_27.bmp-O_Lure_62.bmp,Mahadma Gandhi-FryingPan,stem
5,925,5, 1 ,F_Image_26.bmp-S_Lure_112.bmp,Madonna-Golden Gate Bridge,scar
5,926,5, 1 ,F_Image_35.bmp-S_Lure_106.bmp,Nikola Sarkozy-Christ The Redeemer,quake
5,927,5, 1 ,O_Image_78.bmp-S_Lure_123.bmp,Razor-Mount Everest,asphalt
5,928,5, 1 ,O_Image_74.bmp-F_Lure_17.bmp,Mirror-George Clooney,breakfast
5,929,5, 1 ,O_Image_77.bmp-S_Lure_144.bmp,Radio-White House,sand
5,930,5, 1 ,F_Image_14.bmp-S_Lure_114.bmp,Elvis Presley-Great Wall,cloud
5,931,5, 1 ,S_Image_119.bmp-F_Lure_47.bmp,Louvre-Whoopi Goldberg,lever
5,932,5, 1 ,F_Image_25.bmp-O_Lure_68.bmp,Leonardo DiCaprio-Hat,signal
5,933,5, 1 ,O_Image_52.bmp-F_Lure_13.bmp,Bed-Elton John,corpse
5,934,5, 1 ,F_Image_33.bmp-S_Lure_97.bmp,Mother Teresa-Akropolis,hostage
5,935,5, 1 ,F_Image_26.bmp-S_Lure_112.bmp,Madonna-Golden Gate Bridge,scar
5,936,5, 1 ,S_Image_100.bmp-O_Lure_86.bmp,Angkor Wat-Soother,vegetable
5,937,5, 1 ,F_Image_11.bmp-O_Lure_63.bmp,Daniel Radcliffe-Globe,angel
5,938,5, 1 ,S_Image_122.bmp-O_Lure_75.bmp,Mont Saint Michel-Necklace,spray
5,939,6,1,S_Image_117.bmp-S_Lure_117.bmp,Kings College,shell
5,940,6,1,S_Image_129.bmp-S_Lure_129.bmp,Petra,alcohol
5,941,6,1,F_Image_31.bmp-F_Lure_31.bmp,Michael Jackson,tear
5,942,6,1,F_Image_37.bmp-F_Lure_37.bmp,Pierce Brosnan,honeymoon
5,943,6,1,O_Image_58.bmp-O_Lure_58.bmp,Canoe,rust
5,944,6,1,S_Image_124.bmp-S_Lure_124.bmp,Mount Fuji,water
5,945,6,1,O_Image_82.bmp-O_Lure_82.bmp,Scissors,black
5,946,6,1,F_Image_17.bmp-F_Lure_17.bmp,George Clooney,breakfast
5,947,6,1,O_Image_56.bmp-O_Lure_56.bmp,Broom,orchestra
5,948,6,1,F_Image_43.bmp-F_Lure_43.bmp,Tom Cruise,measles
5,949,6,1,O_Image_73.bmp-O_Lure_73.bmp,Microscope,wreck
5,950,6,1,O_Image_53.bmp-O_Lure_53.bmp,Belt,rock
5,951,6,1,O_Image_62.bmp-O_Lure_62.bmp,FryingPan,stem
5,952,6,1,F_Image_48.bmp-F_Lure_48.bmp,Will Smith,sweat
5,953,6,1,S_Image_143.bmp-S_Lure_143.bmp,Versailles,witch
5,954,6,1,F_Image_4.bmp-F_Lure_4.bmp,Barack Obama,board
5,955,6,1,S_Image_134.bmp-S_Lure_134.bmp,Sagrada Familia,menu
5,956,6,1,O_Image_68.bmp-O_Lure_68.bmp,Hat,signal
5,957,6,1,S_Image_105.bmp-S_Lure_105.bmp,Chichen Itza,slope
5,958,6,1,S_Image_110.bmp-S_Lure_110.bmp,Forbidden City,poison
5,959,6,1,O_Image_95.bmp-O_Lure_95.bmp,Wheelchair,tail
5,960,6,1,O_Image_75.bmp-O_Lure_75.bmp,Necklace,spray
5,961,6,1,S_Image_135.bmp-S_Lure_135.bmp,Sahara Desert,galaxy
5,962,6,1,O_Image_70.bmp-O_Lure_70.bmp,Key,spike
5,963,6,1,S_Image_106.bmp-S_Lure_106.bmp,Christ The Redeemer,quake
5,964,6,1,S_Image_104.bmp-S_Lure_104.bmp,Brandenburg Gate,arrow
5,965,6,1,S_Image_102.bmp-S_Lure_102.bmp,Ayers Rock,steam
5,966,6,1,O_Image_81.bmp-O_Lure_81.bmp,Scale,crumb
5,967,6,1,S_Image_97.bmp-S_Lure_97.bmp,Akropolis,hostage
5,968,6,1,F_Image_39.bmp-F_Lure_39.bmp,Robbie Williams,magnet
5,969,6,1,F_Image_22.bmp-F_Lure_22.bmp,Judi Dench,seed
5,970,6,1,S_Image_128.bmp-S_Lure_128.bmp,Notre Dame,kiss
5,971,6,1,F_Image_45.bmp-F_Lure_45.bmp,Tony Blair,bubble
5,972,6,1,F_Image_5.bmp-F_Lure_5.bmp,Bill Clinton,fire
5,973,6,1,O_Image_63.bmp-O_Lure_63.bmp,Globe,angel
5,974,6,1,O_Image_92.bmp-O_Lure_92.bmp,Trophy,paper
5,975,6,1,S_Image_112.bmp-S_Lure_112.bmp,Golden Gate Bridge,scar
5,976,6,1,S_Image_139.bmp-S_Lure_139.bmp,Sydney Opera,harem
5,977,6,1,F_Image_32.bmp-F_Lure_32.bmp,Mick Jagger,animal
5,978,6,1,O_Image_51.bmp-O_Lure_51.bmp,Basket,marble
5,979,6,1,S_Image_123.bmp-S_Lure_123.bmp,Mount Everest,asphalt
5,980,6,1,F_Image_23.bmp-F_Lure_23.bmp,Julia Roberts,money
5,981,6,1,F_Image_6.bmp-F_Lure_6.bmp,Brad Pitt,antique
5,982,6,1,O_Image_50.bmp-O_Lure_50.bmp,Barbecue,ghost
5,983,6,1,O_Image_65.bmp-O_Lure_65.bmp,GrandPiano,triangle
5,984,6,1,O_Image_79.bmp-O_Lure_79.bmp,Remote Control,alien
5,985,6,1,S_Image_132.bmp-S_Lure_132.bmp,Red Square,shadow
5,986,6,1,S_Image_111.bmp-S_Lure_111.bmp,Gizeh Pyramids,sunshine
5,987,6,1,O_Image_57.bmp-O_Lure_57.bmp,Brush,snow
5,988,6,1,F_Image_13.bmp-F_Lure_13.bmp,Elton John,corpse
5,989,6,1,S_Image_107.bmp-S_Lure_107.bmp,Colosseum,drizzle
5,990,6,1,F_Image_18.bmp-F_Lure_18.bmp,Jack Nicholson,hurricane
5,991,6,1,O_Image_86.bmp-O_Lure_86.bmp,Soother,vegetable
5,992,6,1,F_Image_7.bmp-F_Lure_7.bmp,Britney Spears,tube
5,993,6,1,S_Image_127.bmp-S_Lure_127.bmp,Niagara Falls,giant
5,994,6,1,O_Image_69.bmp-O_Lure_69.bmp,Headphones,attack
5,995,6,1,F_Image_15.bmp-F_Lure_15.bmp,Fidel Castro,arch
5,996,6,1,O_Image_61.bmp-O_Lure_61.bmp,Football,fuel
5,997,6,1,O_Image_71.bmp-O_Lure_71.bmp,Ladder,corner
5,998,6,1,S_Image_144.bmp-S_Lure_144.bmp,White House,sand
5,999,6,1,O_Image_94.bmp-O_Lure_94.bmp,Watch,stripe
5,1000,6,1,F_Image_19.bmp-F_Lure_19.bmp,James Dean,army
5,1001,6,1,F_Image_10.bmp-F_Lure_10.bmp,Dalai Lama,wool
5,1002,6,1,S_Image_113.bmp-S_Lure_113.bmp,Grand Canyon,wound
5,1003,6,1,F_Image_3.bmp-F_Lure_3.bmp,Angela Merkel,tourist
5,1004,6,1,F_Image_1.bmp-F_Lure_1.bmp,Albert Einstein,flood
5,1005,6,1,F_Image_42.bmp-F_Lure_42.bmp,Scarlett Johansson,yellow
5,1006,6,1,O_Image_96.bmp-O_Lure_96.bmp,Wineglass,cone
5,1007,6,1,S_Image_114.bmp-S_Lure_114.bmp,Great Wall,cloud
5,1008,6,1,F_Image_47.bmp-F_Lure_47.bmp,Whoopi Goldberg,lever
5,1009,6,1,S_Image_108.bmp-S_Lure_108.bmp,Dover Cliffs,costume
5,1010,6,1,F_Image_30.bmp-F_Lure_30.bmp,Meryl Streep,laundry
5,1011,6,1,F_Image_28.bmp-F_Lure_28.bmp,Margaret Thatcher,snow
5,1012,6,1,F_Image_33.bmp-F_Lure_33.bmp,Mother Teresa,hostage
5,1013,6,1,O_Image_90.bmp-O_Lure_90.bmp,Telephone,army
5,1014,6,1,O_Image_87.bmp-O_Lure_87.bmp,Stapler,water
5,1015,6,1,O_Image_77.bmp-O_Lure_77.bmp,Radio,sand
5,1016,6,1,O_Image_85.bmp-O_Lure_85.bmp,Sock,kiss
5,1017,6,1,F_Image_27.bmp-F_Lure_27.bmp,Mahadma Gandhi,stem
5,1018,6,1,O_Image_74.bmp-O_Lure_74.bmp,Mirror,breakfast
5,1019,6,1,O_Image_80.bmp-O_Lure_80.bmp,Rope,board
5,1020,6,1,O_Image_88.bmp-O_Lure_88.bmp,Suitcase,harem
5,1021,6,1,S_Image_120.bmp-S_Lure_120.bmp,Machu Picchu,laundry
5,1022,6,1,S_Image_119.bmp-S_Lure_119.bmp,Louvre,lever
5,1023,6,1,S_Image_99.bmp-S_Lure_99.bmp,Alhambra,corner
5,1024,6,1,F_Image_26.bmp-F_Lure_26.bmp,Madonna,scar
5,1025,6,1,O_Image_83.bmp-O_Lure_83.bmp,Shoe,tourist
5,1026,6,1,F_Image_20.bmp-F_Lure_20.bmp,Jennifer Lopez,sunshine
5,1027,6,1,S_Image_130.bmp-S_Lure_130.bmp,Potala Palace,yellow
5,1028,6,1,F_Image_38.bmp-F_Lure_38.bmp,Queen Elisabeth,arrow
5,1029,6,1,O_Image_54.bmp-O_Lure_54.bmp,Bicycle,wool
5,1030,6,1,F_Image_8.bmp-F_Lure_8.bmp,Cameron Diaz,marble
5,1031,6,1,F_Image_36.bmp-F_Lure_36.bmp,Penelope Cruz,wound
5,1032,6,1,S_Image_141.bmp-S_Lure_141.bmp,Time Square,tear
5,1033,6,1,S_Image_122.bmp-S_Lure_122.bmp,Mont Saint Michel,spray
5,1034,6,1,F_Image_24.bmp-F_Lure_24.bmp,Keanu Reeves,poison
5,1035,6,1,O_Image_55.bmp-O_Lure_55.bmp,Binoculars,menu
5,1036,6,1,S_Image_101.bmp-S_Lure_101.bmp,Atomium,black
5,1037,6,1,O_Image_49.bmp-O_Lure_49.bmp,Anchor,tube
5,1038,6,1,F_Image_21.bmp-F_Lure_21.bmp,John Lennon,attack
5,1039,6,1,S_Image_116.bmp-S_Lure_116.bmp,Hollywood Sign,stripe
5,1040,6,1,F_Image_44.bmp-F_Lure_44.bmp,Tom Hanks,steam
5,1041,6,1,F_Image_40.bmp-F_Lure_40.bmp,Robert De Niro,costume
5,1042,6,1,O_Image_66.bmp-O_Lure_66.bmp,Guitar,antique
5,1043,6,1,F_Image_11.bmp-F_Lure_11.bmp,Daniel Radcliffe,angel
5,1044,6,1,O_Image_72.bmp-O_Lure_72.bmp,Lightbulb,witch
5,1045,6,1,O_Image_60.bmp-O_Lure_60.bmp,Flask,flood
5,1046,6,1,O_Image_64.bmp-O_Lure_64.bmp,Goggles,shadow
5,1047,6,1,F_Image_29.bmp-F_Lure_29.bmp,Marilyn Monroe,triangle
5,1048,6,1,F_Image_25.bmp-F_Lure_25.bmp,Leonardo DiCaprio,signal
5,1049,6,1,S_Image_118.bmp-S_Lure_118.bmp,Leaning Tower,honeymoon
5,1050,6,1,F_Image_35.bmp-F_Lure_35.bmp,Nikola Sarkozy,quake
5,1051,6,1,S_Image_142.bmp-S_Lure_142.bmp,Tower Bridge,magnet
5,1052,6,1,S_Image_121.bmp-S_Lure_121.bmp,Mecca,paper
5,1053,6,1,S_Image_98.bmp-S_Lure_98.bmp,Alcatraz,money
5,1054,6,1,F_Image_2.bmp-F_Lure_2.bmp,Amy Winehouse,rock
5,1055,6,1,F_Image_16.bmp-F_Lure_16.bmp,George Bush,rust
5,1056,6,1,S_Image_140.bmp-S_Lure_140.bmp,Taj Mahal,measles
5,1057,6,1,F_Image_34.bmp-F_Lure_34.bmp,Nelson Mandela,slope
5,1058,6,1,O_Image_59.bmp-O_Lure_59.bmp,Fan,giant
5,1059,6,1,S_Image_100.bmp-S_Lure_100.bmp,Angkor Wat,vegetable
5,1060,6,1,S_Image_131.bmp-S_Lure_131.bmp,Rapa Nui,seed
5,1061,6,1,S_Image_115.bmp-S_Lure_115.bmp,Hagia Sophia,animal
5,1062,6,1,S_Image_103.bmp-S_Lure_103.bmp,Big Ben,bubble
5,1063,6,1,O_Image_67.bmp-O_Lure_67.bmp,Hammock,hurricane
5,1064,6,1,O_Image_89.bmp-O_Lure_89.bmp,Teddybear,shell
5,1065,6,1,S_Image_126.bmp-S_Lure_126.bmp,Neu schwanstein Castle,crumb
5,1066,6,1,O_Image_76.bmp-O_Lure_76.bmp,Pillows,galaxy
5,1067,6,1,F_Image_12.bmp-F_Lure_12.bmp,David Beckham,drizzle
5,1068,6,1,F_Image_41.bmp-F_Lure_41.bmp,Rod Steward,ghost
5,1069,6,1,O_Image_93.bmp-O_Lure_93.bmp,Umbrella,arch
5,1070,6,1,S_Image_109.bmp-S_Lure_109.bmp,Eiffel Tower,alien
5,1071,6,1,F_Image_14.bmp-F_Lure_14.bmp,Elvis Presley,cloud
5,1072,6,1,F_Image_46.bmp-F_Lure_46.bmp,Wayne Rooney,orchestra
5,1073,6,1,S_Image_137.bmp-S_Lure_137.bmp,Statue Of Liberty,wreck
5,1074,6,1,S_Image_125.bmp-S_Lure_125.bmp,Mount Rushmore,tail
5,1075,6,1,O_Image_78.bmp-O_Lure_78.bmp,Razor,asphalt
5,1076,6,1,F_Image_9.bmp-F_Lure_9.bmp,Charlie Chaplin,fuel
5,1077,6,1,S_Image_133.bmp-S_Lure_133.bmp,Rialto Bridge,spike
5,1078,6,1,O_Image_84.bmp-O_Lure_84.bmp,Skirt,alcohol
5,1079,6,1,O_Image_91.bmp-O_Lure_91.bmp,Torch,fire
5,1080,6,1,O_Image_52.bmp-O_Lure_52.bmp,Bed,corpse
5,1081,6,1,S_Image_138.bmp-S_Lure_138.bmp,Stonehenge,sweat
5,1082,6,1,S_Image_136.bmp-S_Lure_136.bmp,Sistine Chapel,cone
