36,Trial,Cond,Block,ImageFiles,Labels,Cues
36,1,1,1,O_Lure_77.bmp,Radio,NaN
36,2,1,1,F_Image_45.bmp,Tony Blair,NaN
36,3,1,1,F_Lure_20.bmp,Jennifer Lopez,NaN
36,4,1,1,S_Image_117.bmp,Kings College,NaN
36,5,1,1,S_Image_103.bmp,Big Ben,NaN
36,6,1,1,S_Image_100.bmp,Angkor Wat,NaN
36,7,1,1,S_Lure_123.bmp,Mount Everest,NaN
36,8,1,1,S_Lure_120.bmp,Machu Picchu,NaN
36,9,1,1,O_Lure_93.bmp,Umbrella,NaN
36,10,1,1,F_Image_4.bmp,Barack Obama,NaN
36,11,1,1,O_Lure_69.bmp,Headphones,NaN
36,12,1,1,S_Lure_121.bmp,Mecca,NaN
36,13,1,1,S_Lure_140.bmp,Taj Mahal,NaN
36,14,1,1,O_Lure_86.bmp,Soother,NaN
36,15,1,1,O_Image_67.bmp,Hammock,NaN
36,16,1,1,S_Image_136.bmp,Sistine Chapel,NaN
36,17,1,1,S_Image_115.bmp,Hagia Sophia,NaN
36,18,1,1,S_Image_118.bmp,Leaning Tower,NaN
36,19,1,1,F_Lure_10.bmp,Dalai Lama,NaN
36,20,1,1,F_Image_28.bmp,Margaret Thatcher,NaN
36,21,1,1,F_Image_3.bmp,Angela Merkel,NaN
36,22,1,1,O_Lure_62.bmp,FryingPan,NaN
36,23,1,1,S_Image_121.bmp,Mecca,NaN
36,24,1,1,O_Image_96.bmp,Wineglass,NaN
36,25,1,1,O_Image_54.bmp,Bicycle,NaN
36,26,1,1,O_Image_65.bmp,GrandPiano,NaN
36,27,1,1,O_Image_62.bmp,FryingPan,NaN
36,28,1,1,O_Image_51.bmp,Basket,NaN
36,29,1,1,O_Image_94.bmp,Watch,NaN
36,30,1,1,O_Lure_59.bmp,Fan,NaN
36,31,1,1,O_Lure_56.bmp,Broom,NaN
36,32,1,1,S_Image_104.bmp,Brandenburg Gate,NaN
36,33,1,1,O_Lure_54.bmp,Bicycle,NaN
36,34,1,1,S_Image_128.bmp,Notre Dame,NaN
36,35,1,1,O_Image_85.bmp,Sock,NaN
36,36,1,1,S_Lure_101.bmp,Atomium,NaN
36,37,1,1,S_Lure_109.bmp,Eiffel Tower,NaN
36,38,1,1,S_Lure_98.bmp,Alcatraz,NaN
36,39,1,1,F_Lure_37.bmp,Pierce Brosnan,NaN
36,40,1,1,F_Image_14.bmp,Elvis Presley,NaN
36,41,1,1,O_Lure_73.bmp,Microscope,NaN
36,42,1,1,S_Image_105.bmp,Chichen Itza,NaN
36,43,1,1,O_Lure_61.bmp,Football,NaN
36,44,1,1,O_Image_74.bmp,Mirror,NaN
36,45,1,1,F_Image_39.bmp,Robbie Williams,NaN
36,46,1,1,S_Lure_113.bmp,Grand Canyon,NaN
36,47,1,1,O_Image_52.bmp,Bed,NaN
36,48,1,1,O_Lure_95.bmp,Wheelchair,NaN
36,49,1,1,S_Lure_118.bmp,Leaning Tower,NaN
36,50,1,1,S_Image_125.bmp,Mount Rushmore,NaN
36,51,1,1,S_Lure_112.bmp,Golden Gate Bridge,NaN
36,52,1,1,S_Lure_129.bmp,Petra,NaN
36,53,1,1,F_Lure_14.bmp,Elvis Presley,NaN
36,54,1,1,O_Image_81.bmp,Scale,NaN
36,55,1,1,S_Lure_125.bmp,Mount Rushmore,NaN
36,56,1,1,S_Lure_115.bmp,Hagia Sophia,NaN
36,57,1,1,F_Lure_16.bmp,George Bush,NaN
36,58,1,1,O_Image_59.bmp,Fan,NaN
36,59,1,1,F_Lure_15.bmp,Fidel Castro,NaN
36,60,1,1,O_Lure_51.bmp,Basket,NaN
36,61,1,1,F_Lure_28.bmp,Margaret Thatcher,NaN
36,62,1,1,S_Image_142.bmp,Tower Bridge,NaN
36,63,1,1,S_Image_124.bmp,Mount Fuji,NaN
36,64,1,1,O_Lure_53.bmp,Belt,NaN
36,65,1,1,O_Lure_79.bmp,Remote Control,NaN
36,66,1,1,S_Image_123.bmp,Mount Everest,NaN
36,67,1,1,O_Image_90.bmp,Telephone,NaN
36,68,1,1,F_Image_7.bmp,Britney Spears,NaN
36,69,1,1,S_Image_119.bmp,Louvre,NaN
36,70,1,1,S_Image_140.bmp,Taj Mahal,NaN
36,71,1,1,F_Image_25.bmp,Leonardo DiCaprio,NaN
36,72,1,1,O_Image_68.bmp,Hat,NaN
36,73,1,1,S_Lure_107.bmp,Colosseum,NaN
36,74,1,1,F_Image_46.bmp,Wayne Rooney,NaN
36,75,1,1,F_Image_44.bmp,Tom Hanks,NaN
36,76,1,1,F_Lure_31.bmp,Michael Jackson,NaN
36,77,1,1,F_Lure_44.bmp,Tom Hanks,NaN
36,78,1,1,S_Lure_135.bmp,Sahara Desert,NaN
36,79,1,1,O_Image_83.bmp,Shoe,NaN
36,80,1,1,F_Lure_13.bmp,Elton John,NaN
36,81,1,1,S_Lure_137.bmp,Statue Of Liberty,NaN
36,82,1,1,O_Lure_89.bmp,Teddybear,NaN
36,83,1,1,F_Image_24.bmp,Keanu Reeves,NaN
36,84,1,1,F_Image_38.bmp,Queen Elisabeth,NaN
36,85,1,1,F_Image_23.bmp,Julia Roberts,NaN
36,86,1,1,S_Lure_131.bmp,Rapa Nui,NaN
36,87,1,1,S_Lure_134.bmp,Sagrada Familia,NaN
36,88,1,1,F_Lure_5.bmp,Bill Clinton,NaN
36,89,1,1,S_Image_107.bmp,Colosseum,NaN
36,90,1,1,S_Lure_136.bmp,Sistine Chapel,NaN
36,91,1,1,S_Image_134.bmp,Sagrada Familia,NaN
36,92,1,1,S_Image_141.bmp,Time Square,NaN
36,93,1,1,S_Lure_127.bmp,Niagara Falls,NaN
36,94,1,1,S_Image_143.bmp,Versailles,NaN
36,95,1,1,S_Image_137.bmp,Statue Of Liberty,NaN
36,96,1,1,F_Image_22.bmp,Judi Dench,NaN
36,97,1,1,F_Lure_8.bmp,Cameron Diaz,NaN
36,98,1,1,S_Lure_139.bmp,Sydney Opera,NaN
36,99,1,1,O_Lure_91.bmp,Torch,NaN
36,100,1,1,O_Lure_57.bmp,Brush,NaN
36,101,1,1,F_Lure_17.bmp,George Clooney,NaN
36,102,1,1,O_Lure_90.bmp,Telephone,NaN
36,103,1,1,O_Image_89.bmp,Teddybear,NaN
36,104,1,1,F_Image_16.bmp,George Bush,NaN
36,105,1,1,F_Image_34.bmp,Nelson Mandela,NaN
36,106,1,1,O_Image_77.bmp,Radio,NaN
36,107,1,1,F_Lure_46.bmp,Wayne Rooney,NaN
36,108,1,1,O_Lure_63.bmp,Globe,NaN
36,109,1,1,S_Image_102.bmp,Ayers Rock,NaN
36,110,1,1,S_Image_116.bmp,Hollywood Sign,NaN
36,111,1,1,O_Image_71.bmp,Ladder,NaN
36,112,1,1,O_Image_53.bmp,Belt,NaN
36,113,1,1,F_Image_12.bmp,David Beckham,NaN
36,114,1,1,S_Lure_126.bmp,Neu schwanstein Castle,NaN
36,115,1,1,F_Lure_33.bmp,Mother Teresa,NaN
36,116,1,1,O_Lure_92.bmp,Trophy,NaN
36,117,1,1,S_Image_97.bmp,Akropolis,NaN
36,118,1,1,S_Image_114.bmp,Great Wall,NaN
36,119,1,1,S_Lure_130.bmp,Potala Palace,NaN
36,120,1,1,S_Lure_138.bmp,Stonehenge,NaN
36,121,1,1,O_Image_92.bmp,Trophy,NaN
36,122,1,1,F_Lure_47.bmp,Whoopi Goldberg,NaN
36,123,1,1,O_Lure_64.bmp,Goggles,NaN
36,124,1,1,S_Image_108.bmp,Dover Cliffs,NaN
36,125,1,1,S_Lure_119.bmp,Louvre,NaN
36,126,1,1,O_Image_70.bmp,Key,NaN
36,127,1,1,O_Image_56.bmp,Broom,NaN
36,128,1,1,F_Image_32.bmp,Mick Jagger,NaN
36,129,1,1,F_Image_21.bmp,John Lennon,NaN
36,130,1,1,O_Lure_82.bmp,Scissors,NaN
36,131,1,1,F_Image_18.bmp,Jack Nicholson,NaN
36,132,1,1,S_Lure_142.bmp,Tower Bridge,NaN
36,133,1,1,O_Lure_52.bmp,Bed,NaN
36,134,1,1,F_Image_5.bmp,Bill Clinton,NaN
36,135,1,1,F_Image_47.bmp,Whoopi Goldberg,NaN
36,136,1,1,S_Image_129.bmp,Petra,NaN
36,137,1,1,S_Lure_111.bmp,Gizeh Pyramids,NaN
36,138,1,1,O_Image_78.bmp,Razor,NaN
36,139,1,1,F_Lure_21.bmp,John Lennon,NaN
36,140,1,1,O_Lure_58.bmp,Canoe,NaN
36,141,1,1,F_Image_37.bmp,Pierce Brosnan,NaN
36,142,1,1,O_Lure_68.bmp,Hat,NaN
36,143,1,1,F_Lure_32.bmp,Mick Jagger,NaN
36,144,1,1,O_Image_72.bmp,Lightbulb,NaN
36,145,1,1,O_Lure_74.bmp,Mirror,NaN
36,146,1,1,O_Image_84.bmp,Skirt,NaN
36,147,1,1,F_Image_42.bmp,Scarlett Johansson,NaN
36,148,1,1,F_Lure_34.bmp,Nelson Mandela,NaN
36,149,1,1,S_Lure_108.bmp,Dover Cliffs,NaN
36,150,1,1,S_Image_101.bmp,Atomium,NaN
36,151,1,1,S_Image_98.bmp,Alcatraz,NaN
36,152,1,1,O_Image_66.bmp,Guitar,NaN
36,153,1,1,S_Image_144.bmp,White House,NaN
36,154,1,1,S_Image_135.bmp,Sahara Desert,NaN
36,155,1,1,O_Image_69.bmp,Headphones,NaN
36,156,1,1,F_Image_33.bmp,Mother Teresa,NaN
36,157,1,1,S_Image_139.bmp,Sydney Opera,NaN
36,158,1,1,S_Image_131.bmp,Rapa Nui,NaN
36,159,1,1,F_Lure_39.bmp,Robbie Williams,NaN
36,160,1,1,F_Lure_4.bmp,Barack Obama,NaN
36,161,1,1,F_Lure_22.bmp,Judi Dench,NaN
36,162,1,1,F_Lure_12.bmp,David Beckham,NaN
36,163,1,1,O_Image_91.bmp,Torch,NaN
36,164,1,1,F_Lure_3.bmp,Angela Merkel,NaN
36,165,1,1,F_Image_26.bmp,Madonna,NaN
36,166,1,1,F_Lure_6.bmp,Brad Pitt,NaN
36,167,1,1,F_Image_48.bmp,Will Smith,NaN
36,168,1,1,F_Lure_27.bmp,Mahadma Gandhi,NaN
36,169,1,1,O_Image_93.bmp,Umbrella,NaN
36,170,1,1,O_Image_49.bmp,Anchor,NaN
36,171,1,1,F_Image_17.bmp,George Clooney,NaN
36,172,1,1,O_Image_75.bmp,Necklace,NaN
36,173,1,1,O_Image_76.bmp,Pillows,NaN
36,174,1,1,S_Image_132.bmp,Red Square,NaN
36,175,1,1,S_Image_130.bmp,Potala Palace,NaN
36,176,1,1,F_Lure_36.bmp,Penelope Cruz,NaN
36,177,1,1,F_Image_29.bmp,Marilyn Monroe,NaN
36,178,1,1,S_Lure_144.bmp,White House,NaN
36,179,1,1,O_Lure_49.bmp,Anchor,NaN
36,180,1,1,O_Lure_76.bmp,Pillows,NaN
36,181,1,1,S_Image_112.bmp,Golden Gate Bridge,NaN
36,182,1,1,O_Image_88.bmp,Suitcase,NaN
36,183,1,1,F_Image_2.bmp,Amy Winehouse,NaN
36,184,1,1,S_Image_122.bmp,Mont Saint Michel,NaN
36,185,1,1,F_Lure_45.bmp,Tony Blair,NaN
36,186,1,1,F_Image_8.bmp,Cameron Diaz,NaN
36,187,1,1,O_Image_60.bmp,Flask,NaN
36,188,1,1,F_Image_15.bmp,Fidel Castro,NaN
36,189,1,1,F_Lure_9.bmp,Charlie Chaplin,NaN
36,190,1,1,O_Image_57.bmp,Brush,NaN
36,191,1,1,O_Lure_87.bmp,Stapler,NaN
36,192,1,1,O_Lure_80.bmp,Rope,NaN
36,193,1,1,O_Image_58.bmp,Canoe,NaN
36,194,1,1,S_Lure_133.bmp,Rialto Bridge,NaN
36,195,1,1,O_Lure_84.bmp,Skirt,NaN
36,196,1,1,S_Lure_124.bmp,Mount Fuji,NaN
36,197,1,1,F_Image_31.bmp,Michael Jackson,NaN
36,198,1,1,F_Lure_11.bmp,Daniel Radcliffe,NaN
36,199,1,1,O_Lure_96.bmp,Wineglass,NaN
36,200,1,1,O_Lure_88.bmp,Suitcase,NaN
36,201,1,1,F_Lure_24.bmp,Keanu Reeves,NaN
36,202,1,1,S_Lure_114.bmp,Great Wall,NaN
36,203,1,1,S_Lure_106.bmp,Christ The Redeemer,NaN
36,204,1,1,F_Image_36.bmp,Penelope Cruz,NaN
36,205,1,1,O_Image_79.bmp,Remote Control,NaN
36,206,1,1,O_Image_55.bmp,Binoculars,NaN
36,207,1,1,F_Lure_29.bmp,Marilyn Monroe,NaN
36,208,1,1,F_Lure_40.bmp,Robert De Niro,NaN
36,209,1,1,S_Image_127.bmp,Niagara Falls,NaN
36,210,1,1,S_Lure_99.bmp,Alhambra,NaN
36,211,1,1,S_Lure_100.bmp,Angkor Wat,NaN
36,212,1,1,F_Image_40.bmp,Robert De Niro,NaN
36,213,1,1,O_Lure_50.bmp,Barbecue,NaN
36,214,1,1,S_Lure_141.bmp,Time Square,NaN
36,215,1,1,F_Lure_42.bmp,Scarlett Johansson,NaN
36,216,1,1,O_Image_95.bmp,Wheelchair,NaN
36,217,1,1,S_Image_120.bmp,Machu Picchu,NaN
36,218,1,1,F_Lure_18.bmp,Jack Nicholson,NaN
36,219,1,1,O_Lure_60.bmp,Flask,NaN
36,220,1,1,F_Image_27.bmp,Mahadma Gandhi,NaN
36,221,1,1,O_Lure_72.bmp,Lightbulb,NaN
36,222,1,1,F_Lure_2.bmp,Amy Winehouse,NaN
36,223,1,1,F_Lure_26.bmp,Madonna,NaN
36,224,1,1,F_Lure_41.bmp,Rod Steward,NaN
36,225,1,1,F_Image_43.bmp,Tom Cruise,NaN
36,226,1,1,O_Image_50.bmp,Barbecue,NaN
36,227,1,1,S_Lure_97.bmp,Akropolis,NaN
36,228,1,1,F_Image_20.bmp,Jennifer Lopez,NaN
36,229,1,1,F_Image_35.bmp,Nikola Sarkozy,NaN
36,230,1,1,O_Lure_55.bmp,Binoculars,NaN
36,231,1,1,S_Lure_103.bmp,Big Ben,NaN
36,232,1,1,F_Lure_35.bmp,Nikola Sarkozy,NaN
36,233,1,1,O_Lure_70.bmp,Key,NaN
36,234,1,1,S_Lure_128.bmp,Notre Dame,NaN
36,235,1,1,F_Image_1.bmp,Albert Einstein,NaN
36,236,1,1,O_Lure_83.bmp,Shoe,NaN
36,237,1,1,F_Lure_43.bmp,Tom Cruise,NaN
36,238,1,1,S_Image_126.bmp,Neu schwanstein Castle,NaN
36,239,1,1,S_Lure_110.bmp,Forbidden City,NaN
36,240,1,1,O_Lure_75.bmp,Necklace,NaN
36,241,1,1,S_Image_113.bmp,Grand Canyon,NaN
36,242,1,1,O_Image_86.bmp,Soother,NaN
36,243,1,1,O_Image_73.bmp,Microscope,NaN
36,244,1,1,O_Image_87.bmp,Stapler,NaN
36,245,1,1,O_Image_63.bmp,Globe,NaN
36,246,1,1,S_Lure_104.bmp,Brandenburg Gate,NaN
36,247,1,1,O_Lure_94.bmp,Watch,NaN
36,248,1,1,O_Lure_78.bmp,Razor,NaN
36,249,1,1,S_Lure_102.bmp,Ayers Rock,NaN
36,250,1,1,S_Lure_105.bmp,Chichen Itza,NaN
36,251,1,1,S_Lure_116.bmp,Hollywood Sign,NaN
36,252,1,1,O_Lure_66.bmp,Guitar,NaN
36,253,1,1,O_Lure_81.bmp,Scale,NaN
36,254,1,1,F_Image_6.bmp,Brad Pitt,NaN
36,255,1,1,S_Image_106.bmp,Christ The Redeemer,NaN
36,256,1,1,S_Lure_122.bmp,Mont Saint Michel,NaN
36,257,1,1,F_Lure_23.bmp,Julia Roberts,NaN
36,258,1,1,S_Lure_143.bmp,Versailles,NaN
36,259,1,1,O_Image_61.bmp,Football,NaN
36,260,1,1,S_Image_111.bmp,Gizeh Pyramids,NaN
36,261,1,1,F_Lure_1.bmp,Albert Einstein,NaN
36,262,1,1,F_Image_19.bmp,James Dean,NaN
36,263,1,1,O_Lure_67.bmp,Hammock,NaN
36,264,1,1,F_Lure_48.bmp,Will Smith,NaN
36,265,1,1,S_Image_99.bmp,Alhambra,NaN
36,266,1,1,S_Image_110.bmp,Forbidden City,NaN
36,267,1,1,F_Image_10.bmp,Dalai Lama,NaN
36,268,1,1,S_Image_109.bmp,Eiffel Tower,NaN
36,269,1,1,O_Lure_85.bmp,Sock,NaN
36,270,1,1,O_Image_64.bmp,Goggles,NaN
36,271,1,1,F_Image_9.bmp,Charlie Chaplin,NaN
36,272,1,1,F_Image_41.bmp,Rod Steward,NaN
36,273,1,1,F_Image_30.bmp,Meryl Streep,NaN
36,274,1,1,S_Image_133.bmp,Rialto Bridge,NaN
36,275,1,1,O_Lure_71.bmp,Ladder,NaN
36,276,1,1,F_Image_13.bmp,Elton John,NaN
36,277,1,1,F_Lure_19.bmp,James Dean,NaN
36,278,1,1,F_Lure_7.bmp,Britney Spears,NaN
36,279,1,1,O_Image_80.bmp,Rope,NaN
36,280,1,1,F_Lure_38.bmp,Queen Elisabeth,NaN
36,281,1,1,F_Image_11.bmp,Daniel Radcliffe,NaN
36,282,1,1,F_Lure_30.bmp,Meryl Streep,NaN
36,283,1,1,O_Image_82.bmp,Scissors,NaN
36,284,1,1,F_Lure_25.bmp,Leonardo DiCaprio,NaN
36,285,1,1,S_Lure_117.bmp,Kings College,NaN
36,286,1,1,S_Lure_132.bmp,Red Square,NaN
36,287,1,1,S_Image_138.bmp,Stonehenge,NaN
36,288,1,1,O_Lure_65.bmp,GrandPiano,NaN
36,289,1,1,O_Lure_77.bmp,Radio,NaN
36,290,1,1,S_Image_117.bmp,Kings College,NaN
36,291,1,1,S_Image_100.bmp,Angkor Wat,NaN
36,292,1,1,S_Lure_123.bmp,Mount Everest,NaN
36,293,1,1,S_Lure_120.bmp,Machu Picchu,NaN
36,294,1,1,S_Image_136.bmp,Sistine Chapel,NaN
36,295,1,1,S_Image_115.bmp,Hagia Sophia,NaN
36,296,1,1,F_Image_28.bmp,Margaret Thatcher,NaN
36,297,1,1,F_Image_3.bmp,Angela Merkel,NaN
36,298,1,1,S_Image_104.bmp,Brandenburg Gate,NaN
36,299,1,1,S_Image_128.bmp,Notre Dame,NaN
36,300,1,1,S_Lure_101.bmp,Atomium,NaN
36,301,1,1,S_Image_105.bmp,Chichen Itza,NaN
36,302,1,1,F_Image_39.bmp,Robbie Williams,NaN
36,303,1,1,S_Lure_112.bmp,Golden Gate Bridge,NaN
36,304,1,1,S_Lure_129.bmp,Petra,NaN
36,305,1,1,S_Lure_115.bmp,Hagia Sophia,NaN
36,306,1,1,F_Lure_15.bmp,Fidel Castro,NaN
36,307,1,1,F_Lure_28.bmp,Margaret Thatcher,NaN
36,308,1,1,S_Image_142.bmp,Tower Bridge,NaN
36,309,1,1,S_Image_123.bmp,Mount Everest,NaN
36,310,1,1,F_Image_46.bmp,Wayne Rooney,NaN
36,311,1,1,S_Lure_135.bmp,Sahara Desert,NaN
36,312,1,1,S_Lure_131.bmp,Rapa Nui,NaN
36,313,1,1,S_Lure_134.bmp,Sagrada Familia,NaN
36,314,1,1,S_Image_143.bmp,Versailles,NaN
36,315,1,1,F_Image_22.bmp,Judi Dench,NaN
36,316,1,1,F_Lure_46.bmp,Wayne Rooney,NaN
36,317,1,1,S_Lure_126.bmp,Neu schwanstein Castle,NaN
36,318,1,1,S_Lure_130.bmp,Potala Palace,NaN
36,319,1,1,S_Image_108.bmp,Dover Cliffs,NaN
36,320,1,1,F_Lure_22.bmp,Judi Dench,NaN
36,321,1,1,F_Lure_3.bmp,Angela Merkel,NaN
36,322,1,1,S_Image_132.bmp,Red Square,NaN
36,323,1,1,S_Image_130.bmp,Potala Palace,NaN
36,324,1,1,S_Image_122.bmp,Mont Saint Michel,NaN
36,325,1,1,S_Lure_99.bmp,Alhambra,NaN
36,326,1,1,S_Lure_100.bmp,Angkor Wat,NaN
36,327,1,1,S_Image_120.bmp,Machu Picchu,NaN
36,328,1,1,F_Image_35.bmp,Nikola Sarkozy,NaN
36,329,1,1,F_Lure_35.bmp,Nikola Sarkozy,NaN
36,330,1,1,S_Lure_128.bmp,Notre Dame,NaN
36,331,1,1,S_Image_126.bmp,Neu schwanstein Castle,NaN
36,332,1,1,S_Lure_104.bmp,Brandenburg Gate,NaN
36,333,1,1,S_Lure_122.bmp,Mont Saint Michel,NaN
36,334,1,1,S_Lure_143.bmp,Versailles,NaN
36,335,1,1,S_Image_99.bmp,Alhambra,NaN
36,336,1,1,S_Image_133.bmp,Rialto Bridge,NaN
36,337,1,1,S_Lure_117.bmp,Kings College,NaN
36,338,1,1,S_Lure_132.bmp,Red Square,NaN
36,339,1.5,1,S_Image_136.bmp,Sistine Chapel,harem
36,340,1.5,1,S_Image_137.bmp,Statue Of Liberty,stem
36,341,1.5,1,S_Image_109.bmp,Eiffel Tower,signal
36,342,1.5,1,O_Image_66.bmp,Guitar,lever
36,343,1.5,1,F_Image_34.bmp,Nelson Mandela,sunshine
36,344,1.5,1,F_Image_8.bmp,Cameron Diaz,measles
36,345,1.5,1,O_Image_53.bmp,Belt,army
36,346,1.5,1,F_Image_9.bmp,Charlie Chaplin,shadow
36,347,1.5,1,O_Image_73.bmp,Microscope,wound
36,348,1.5,1,S_Image_122.bmp,Mont Saint Michel,rock
36,349,1.5,1,S_Image_99.bmp,Alhambra,alcohol
36,350,1.5,1,F_Image_30.bmp,Meryl Streep,black
36,351,1.5,1,S_Image_119.bmp,Louvre,water
36,352,1.5,1,F_Image_45.bmp,Tony Blair,orchestra
36,353,1.5,1,O_Image_70.bmp,Key,breakfast
36,354,1.5,1,O_Image_85.bmp,Sock,seed
36,355,1.5,1,F_Image_25.bmp,Leonardo DiCaprio,drizzle
36,356,1.5,1,F_Image_7.bmp,Britney Spears,triangle
36,357,1.5,1,S_Image_115.bmp,Hagia Sophia,ghost
36,358,1.5,1,S_Image_102.bmp,Ayers Rock,magnet
36,359,1.5,1,S_Image_139.bmp,Sydney Opera,shell
36,360,1.5,1,F_Image_39.bmp,Robbie Williams,slope
36,361,1.5,1,S_Image_144.bmp,White House,money
36,362,1.5,1,O_Image_76.bmp,Pillows,scar
36,363,2,1,F_Image_34.bmp-F_Lure_34.bmp,Nelson Mandela,sunshine
36,364,2,1,F_Image_45.bmp-F_Lure_45.bmp,Tony Blair,orchestra
36,365,2,1,F_Image_7.bmp-F_Lure_7.bmp,Britney Spears,triangle
36,366,2,1,S_Image_99.bmp-S_Lure_99.bmp,Alhambra,alcohol
36,367,2,1,O_Image_76.bmp-O_Lure_76.bmp,Pillows,scar
36,368,2,1,S_Image_102.bmp-S_Lure_102.bmp,Ayers Rock,magnet
36,369,2,1,F_Image_9.bmp-F_Lure_9.bmp,Charlie Chaplin,shadow
36,370,2,1,S_Image_109.bmp-S_Lure_109.bmp,Eiffel Tower,signal
36,371,2,1,S_Image_144.bmp-S_Lure_144.bmp,White House,money
36,372,2,1,F_Image_8.bmp-F_Lure_8.bmp,Cameron Diaz,measles
36,373,2,1,S_Image_122.bmp-S_Lure_122.bmp,Mont Saint Michel,rock
36,374,2,1,S_Image_139.bmp-S_Lure_139.bmp,Sydney Opera,shell
36,375,2,1,F_Image_30.bmp-F_Lure_30.bmp,Meryl Streep,black
36,376,2,1,S_Image_137.bmp-S_Lure_137.bmp,Statue Of Liberty,stem
36,377,2,1,O_Image_70.bmp-O_Lure_70.bmp,Key,breakfast
36,378,2,1,O_Image_53.bmp-O_Lure_53.bmp,Belt,army
36,379,2,1,O_Image_73.bmp-O_Lure_73.bmp,Microscope,wound
36,380,2,1,O_Image_66.bmp-O_Lure_66.bmp,Guitar,lever
36,381,2,1,O_Image_85.bmp-O_Lure_85.bmp,Sock,seed
36,382,2,1,F_Image_39.bmp-F_Lure_39.bmp,Robbie Williams,slope
36,383,2,1,F_Image_25.bmp-F_Lure_25.bmp,Leonardo DiCaprio,drizzle
36,384,2,1,S_Image_136.bmp-S_Lure_136.bmp,Sistine Chapel,harem
36,385,2,1,S_Image_119.bmp-S_Lure_119.bmp,Louvre,water
36,386,2,1,S_Image_115.bmp-S_Lure_115.bmp,Hagia Sophia,ghost
36,387,3,1,F_Image_45.bmp-F_Lure_45.bmp,Tony Blair,orchestra
36,388,3,1,O_Image_70.bmp-O_Lure_70.bmp,Key,breakfast
36,389,3,1,S_Image_136.bmp-S_Lure_136.bmp,Sistine Chapel,harem
36,390,3,1,O_Image_76.bmp-O_Lure_76.bmp,Pillows,scar
36,391,3,1,S_Image_99.bmp-S_Lure_99.bmp,Alhambra,alcohol
36,392,3,1,F_Image_25.bmp-F_Lure_25.bmp,Leonardo DiCaprio,drizzle
36,393,3,1,F_Image_34.bmp-F_Lure_34.bmp,Nelson Mandela,sunshine
36,394,3,1,F_Image_9.bmp-F_Lure_9.bmp,Charlie Chaplin,shadow
36,395,3,1,O_Image_53.bmp-O_Lure_53.bmp,Belt,army
36,396,3,1,S_Image_139.bmp-S_Lure_139.bmp,Sydney Opera,shell
36,397,3,1,S_Image_137.bmp-S_Lure_137.bmp,Statue Of Liberty,stem
36,398,3,1,F_Image_7.bmp-F_Lure_7.bmp,Britney Spears,triangle
36,399,3,1,S_Image_122.bmp-S_Lure_122.bmp,Mont Saint Michel,rock
36,400,3,1,S_Image_109.bmp-S_Lure_109.bmp,Eiffel Tower,signal
36,401,3,1,F_Image_30.bmp-F_Lure_30.bmp,Meryl Streep,black
36,402,3,1,S_Image_102.bmp-S_Lure_102.bmp,Ayers Rock,magnet
36,403,3,1,O_Image_73.bmp-O_Lure_73.bmp,Microscope,wound
36,404,3,1,S_Image_144.bmp-S_Lure_144.bmp,White House,money
36,405,3,1,O_Image_85.bmp-O_Lure_85.bmp,Sock,seed
36,406,3,1,F_Image_8.bmp-F_Lure_8.bmp,Cameron Diaz,measles
36,407,3,1,S_Image_115.bmp-S_Lure_115.bmp,Hagia Sophia,ghost
36,408,3,1,F_Image_39.bmp-F_Lure_39.bmp,Robbie Williams,slope
36,409,3,1,O_Image_66.bmp-O_Lure_66.bmp,Guitar,lever
36,410,3,1,S_Image_119.bmp-S_Lure_119.bmp,Louvre,water
36,411,1.5,2,F_Image_6.bmp,Brad Pitt,spray
36,412,1.5,2,S_Image_135.bmp,Sahara Desert,fire
36,413,1.5,2,S_Image_142.bmp,Tower Bridge,vegetable
36,414,1.5,2,O_Image_61.bmp,Football,giant
36,415,1.5,2,O_Image_51.bmp,Basket,bubble
36,416,1.5,2,S_Image_131.bmp,Rapa Nui,cone
36,417,1.5,2,O_Image_62.bmp,FryingPan,tear
36,418,1.5,2,O_Image_82.bmp,Scissors,corner
36,419,1.5,2,O_Image_96.bmp,Wineglass,poison
36,420,1.5,2,S_Image_134.bmp,Sagrada Familia,cloud
36,421,1.5,2,O_Image_88.bmp,Suitcase,quake
36,422,1.5,2,F_Image_38.bmp,Queen Elisabeth,marble
36,423,1.5,2,O_Image_92.bmp,Trophy,paper
36,424,1.5,2,F_Image_15.bmp,Fidel Castro,wool
36,425,1.5,2,S_Image_105.bmp,Chichen Itza,animal
36,426,1.5,2,O_Image_67.bmp,Hammock,attack
36,427,1.5,2,S_Image_107.bmp,Colosseum,tourist
36,428,1.5,2,O_Image_87.bmp,Stapler,corpse
36,429,1.5,2,O_Image_90.bmp,Telephone,honeymoon
36,430,1.5,2,S_Image_138.bmp,Stonehenge,galaxy
36,431,1.5,2,O_Image_63.bmp,Globe,antique
36,432,1.5,2,F_Image_3.bmp,Angela Merkel,arrow
36,433,1.5,2,O_Image_64.bmp,Goggles,wreck
36,434,1.5,2,O_Image_69.bmp,Headphones,flood
36,435,2,2,O_Image_61.bmp-O_Lure_61.bmp,Football,giant
36,436,2,2,S_Image_142.bmp-S_Lure_142.bmp,Tower Bridge,vegetable
36,437,2,2,O_Image_51.bmp-O_Lure_51.bmp,Basket,bubble
36,438,2,2,S_Image_105.bmp-S_Lure_105.bmp,Chichen Itza,animal
36,439,2,2,O_Image_64.bmp-O_Lure_64.bmp,Goggles,wreck
36,440,2,2,S_Image_131.bmp-S_Lure_131.bmp,Rapa Nui,cone
36,441,2,2,O_Image_63.bmp-O_Lure_63.bmp,Globe,antique
36,442,2,2,F_Image_3.bmp-F_Lure_3.bmp,Angela Merkel,arrow
36,443,2,2,O_Image_62.bmp-O_Lure_62.bmp,FryingPan,tear
36,444,2,2,F_Image_15.bmp-F_Lure_15.bmp,Fidel Castro,wool
36,445,2,2,O_Image_96.bmp-O_Lure_96.bmp,Wineglass,poison
36,446,2,2,O_Image_92.bmp-O_Lure_92.bmp,Trophy,paper
36,447,2,2,F_Image_38.bmp-F_Lure_38.bmp,Queen Elisabeth,marble
36,448,2,2,S_Image_135.bmp-S_Lure_135.bmp,Sahara Desert,fire
36,449,2,2,O_Image_88.bmp-O_Lure_88.bmp,Suitcase,quake
36,450,2,2,O_Image_87.bmp-O_Lure_87.bmp,Stapler,corpse
36,451,2,2,O_Image_67.bmp-O_Lure_67.bmp,Hammock,attack
36,452,2,2,O_Image_69.bmp-O_Lure_69.bmp,Headphones,flood
36,453,2,2,S_Image_107.bmp-S_Lure_107.bmp,Colosseum,tourist
36,454,2,2,S_Image_138.bmp-S_Lure_138.bmp,Stonehenge,galaxy
36,455,2,2,F_Image_6.bmp-F_Lure_6.bmp,Brad Pitt,spray
36,456,2,2,O_Image_82.bmp-O_Lure_82.bmp,Scissors,corner
36,457,2,2,O_Image_90.bmp-O_Lure_90.bmp,Telephone,honeymoon
36,458,2,2,S_Image_134.bmp-S_Lure_134.bmp,Sagrada Familia,cloud
36,459,3,2,F_Image_6.bmp-F_Lure_6.bmp,Brad Pitt,spray
36,460,3,2,O_Image_87.bmp-O_Lure_87.bmp,Stapler,corpse
36,461,3,2,O_Image_92.bmp-O_Lure_92.bmp,Trophy,paper
36,462,3,2,O_Image_64.bmp-O_Lure_64.bmp,Goggles,wreck
36,463,3,2,F_Image_3.bmp-F_Lure_3.bmp,Angela Merkel,arrow
36,464,3,2,O_Image_82.bmp-O_Lure_82.bmp,Scissors,corner
36,465,3,2,O_Image_67.bmp-O_Lure_67.bmp,Hammock,attack
36,466,3,2,S_Image_142.bmp-S_Lure_142.bmp,Tower Bridge,vegetable
36,467,3,2,O_Image_51.bmp-O_Lure_51.bmp,Basket,bubble
36,468,3,2,O_Image_69.bmp-O_Lure_69.bmp,Headphones,flood
36,469,3,2,O_Image_62.bmp-O_Lure_62.bmp,FryingPan,tear
36,470,3,2,S_Image_138.bmp-S_Lure_138.bmp,Stonehenge,galaxy
36,471,3,2,S_Image_134.bmp-S_Lure_134.bmp,Sagrada Familia,cloud
36,472,3,2,S_Image_135.bmp-S_Lure_135.bmp,Sahara Desert,fire
36,473,3,2,S_Image_131.bmp-S_Lure_131.bmp,Rapa Nui,cone
36,474,3,2,O_Image_96.bmp-O_Lure_96.bmp,Wineglass,poison
36,475,3,2,O_Image_63.bmp-O_Lure_63.bmp,Globe,antique
36,476,3,2,F_Image_15.bmp-F_Lure_15.bmp,Fidel Castro,wool
36,477,3,2,F_Image_38.bmp-F_Lure_38.bmp,Queen Elisabeth,marble
36,478,3,2,O_Image_90.bmp-O_Lure_90.bmp,Telephone,honeymoon
36,479,3,2,S_Image_107.bmp-S_Lure_107.bmp,Colosseum,tourist
36,480,3,2,O_Image_88.bmp-O_Lure_88.bmp,Suitcase,quake
36,481,3,2,O_Image_61.bmp-O_Lure_61.bmp,Football,giant
36,482,3,2,S_Image_105.bmp-S_Lure_105.bmp,Chichen Itza,animal
36,483,1.5,3,S_Image_120.bmp,Machu Picchu,tube
36,484,1.5,3,S_Image_117.bmp,Kings College,sweat
36,485,1.5,3,S_Image_127.bmp,Niagara Falls,steam
36,486,1.5,3,F_Image_10.bmp,Dalai Lama,kiss
36,487,1.5,3,F_Image_27.bmp,Mahadma Gandhi,alien
36,488,1.5,3,F_Image_13.bmp,Elton John,spike
36,489,1.5,3,O_Image_86.bmp,Soother,sand
36,490,1.5,3,F_Image_1.bmp,Albert Einstein,fuel
36,491,1.5,3,O_Image_83.bmp,Shoe,costume
36,492,1.5,3,S_Image_98.bmp,Alcatraz,crumb
36,493,1.5,3,F_Image_12.bmp,David Beckham,hurricane
36,494,1.5,3,F_Image_33.bmp,Mother Teresa,rust
36,495,1.5,3,O_Image_71.bmp,Ladder,menu
36,496,1.5,3,F_Image_31.bmp,Michael Jackson,angel
36,497,1.5,3,F_Image_23.bmp,Julia Roberts,board
36,498,1.5,3,O_Image_49.bmp,Anchor,asphalt
36,499,1.5,3,O_Image_74.bmp,Mirror,witch
36,500,1.5,3,F_Image_42.bmp,Scarlett Johansson,tail
36,501,1.5,3,F_Image_17.bmp,George Clooney,stripe
36,502,1.5,3,F_Image_28.bmp,Margaret Thatcher,hostage
36,503,1.5,3,F_Image_48.bmp,Will Smith,snow
36,504,1.5,3,S_Image_103.bmp,Big Ben,laundry
36,505,1.5,3,S_Image_123.bmp,Mount Everest,arch
36,506,1.5,3,S_Image_140.bmp,Taj Mahal,yellow
36,507,2,3,O_Image_49.bmp-O_Lure_49.bmp,Anchor,asphalt
36,508,2,3,F_Image_1.bmp-F_Lure_1.bmp,Albert Einstein,fuel
36,509,2,3,F_Image_28.bmp-F_Lure_28.bmp,Margaret Thatcher,hostage
36,510,2,3,F_Image_31.bmp-F_Lure_31.bmp,Michael Jackson,angel
36,511,2,3,F_Image_10.bmp-F_Lure_10.bmp,Dalai Lama,kiss
36,512,2,3,S_Image_98.bmp-S_Lure_98.bmp,Alcatraz,crumb
36,513,2,3,F_Image_48.bmp-F_Lure_48.bmp,Will Smith,snow
36,514,2,3,S_Image_103.bmp-S_Lure_103.bmp,Big Ben,laundry
36,515,2,3,O_Image_86.bmp-O_Lure_86.bmp,Soother,sand
36,516,2,3,S_Image_120.bmp-S_Lure_120.bmp,Machu Picchu,tube
36,517,2,3,F_Image_33.bmp-F_Lure_33.bmp,Mother Teresa,rust
36,518,2,3,F_Image_12.bmp-F_Lure_12.bmp,David Beckham,hurricane
36,519,2,3,S_Image_117.bmp-S_Lure_117.bmp,Kings College,sweat
36,520,2,3,O_Image_71.bmp-O_Lure_71.bmp,Ladder,menu
36,521,2,3,S_Image_140.bmp-S_Lure_140.bmp,Taj Mahal,yellow
36,522,2,3,F_Image_42.bmp-F_Lure_42.bmp,Scarlett Johansson,tail
36,523,2,3,O_Image_74.bmp-O_Lure_74.bmp,Mirror,witch
36,524,2,3,S_Image_123.bmp-S_Lure_123.bmp,Mount Everest,arch
36,525,2,3,F_Image_17.bmp-F_Lure_17.bmp,George Clooney,stripe
36,526,2,3,F_Image_27.bmp-F_Lure_27.bmp,Mahadma Gandhi,alien
36,527,2,3,S_Image_127.bmp-S_Lure_127.bmp,Niagara Falls,steam
36,528,2,3,F_Image_13.bmp-F_Lure_13.bmp,Elton John,spike
36,529,2,3,F_Image_23.bmp-F_Lure_23.bmp,Julia Roberts,board
36,530,2,3,O_Image_83.bmp-O_Lure_83.bmp,Shoe,costume
36,531,3,3,S_Image_127.bmp-S_Lure_127.bmp,Niagara Falls,steam
36,532,3,3,F_Image_42.bmp-F_Lure_42.bmp,Scarlett Johansson,tail
36,533,3,3,F_Image_28.bmp-F_Lure_28.bmp,Margaret Thatcher,hostage
36,534,3,3,S_Image_123.bmp-S_Lure_123.bmp,Mount Everest,arch
36,535,3,3,F_Image_13.bmp-F_Lure_13.bmp,Elton John,spike
36,536,3,3,S_Image_117.bmp-S_Lure_117.bmp,Kings College,sweat
36,537,3,3,F_Image_48.bmp-F_Lure_48.bmp,Will Smith,snow
36,538,3,3,O_Image_49.bmp-O_Lure_49.bmp,Anchor,asphalt
36,539,3,3,S_Image_120.bmp-S_Lure_120.bmp,Machu Picchu,tube
36,540,3,3,F_Image_27.bmp-F_Lure_27.bmp,Mahadma Gandhi,alien
36,541,3,3,F_Image_23.bmp-F_Lure_23.bmp,Julia Roberts,board
36,542,3,3,F_Image_10.bmp-F_Lure_10.bmp,Dalai Lama,kiss
36,543,3,3,F_Image_33.bmp-F_Lure_33.bmp,Mother Teresa,rust
36,544,3,3,O_Image_83.bmp-O_Lure_83.bmp,Shoe,costume
36,545,3,3,F_Image_31.bmp-F_Lure_31.bmp,Michael Jackson,angel
36,546,3,3,F_Image_12.bmp-F_Lure_12.bmp,David Beckham,hurricane
36,547,3,3,S_Image_140.bmp-S_Lure_140.bmp,Taj Mahal,yellow
36,548,3,3,F_Image_1.bmp-F_Lure_1.bmp,Albert Einstein,fuel
36,549,3,3,O_Image_71.bmp-O_Lure_71.bmp,Ladder,menu
36,550,3,3,S_Image_103.bmp-S_Lure_103.bmp,Big Ben,laundry
36,551,3,3,S_Image_98.bmp-S_Lure_98.bmp,Alcatraz,crumb
36,552,3,3,O_Image_86.bmp-O_Lure_86.bmp,Soother,sand
36,553,3,3,F_Image_17.bmp-F_Lure_17.bmp,George Clooney,stripe
36,554,3,3,O_Image_74.bmp-O_Lure_74.bmp,Mirror,witch
36,555,3.5,1,F_Image_24.bmp,Keanu Reeves,rock
36,556,3.5,1,O_Image_52.bmp,Bed,angel
36,557,3.5,1,O_Image_72.bmp,Lightbulb,hurricane
36,558,3.5,1,F_Image_44.bmp,Tom Hanks,honeymoon
36,559,3.5,1,F_Image_16.bmp,George Bush,yellow
36,560,3.5,1,F_Image_35.bmp,Nikola Sarkozy,attack
36,561,3.5,1,O_Image_75.bmp,Necklace,fire
36,562,3.5,1,F_Image_47.bmp,Whoopi Goldberg,flood
36,563,3.5,1,F_Image_19.bmp,James Dean,tourist
36,564,3.5,1,O_Image_95.bmp,Wheelchair,cloud
36,565,3.5,1,F_Image_26.bmp,Madonna,lever
36,566,3.5,1,O_Image_54.bmp,Bicycle,arrow
36,567,3.5,1,O_Image_89.bmp,Teddybear,ghost
36,568,3.5,1,S_Image_128.bmp,Notre Dame,quake
36,569,3.5,1,S_Image_141.bmp,Time Square,sand
36,570,3.5,1,F_Image_40.bmp,Robert De Niro,bubble
36,571,3.5,1,O_Image_77.bmp,Radio,crumb
36,572,3.5,1,S_Image_116.bmp,Hollywood Sign,slope
36,573,3.5,1,O_Image_56.bmp,Broom,wool
36,574,3.5,1,S_Image_111.bmp,Gizeh Pyramids,rust
36,575,3.5,1,F_Image_18.bmp,Jack Nicholson,tube
36,576,3.5,1,O_Image_68.bmp,Hat,tail
36,577,3.5,1,S_Image_121.bmp,Mecca,wreck
36,578,3.5,1,S_Image_126.bmp,Neu schwanstein Castle,corpse
36,579,4,1,O_Image_68.bmp-O_Lure_68.bmp,Hat,tail
36,580,4,1,S_Image_128.bmp-S_Lure_128.bmp,Notre Dame,quake
36,581,4,1,F_Image_47.bmp-F_Lure_47.bmp,Whoopi Goldberg,flood
36,582,4,1,O_Image_77.bmp-O_Lure_77.bmp,Radio,crumb
36,583,4,1,F_Image_24.bmp-F_Lure_24.bmp,Keanu Reeves,rock
36,584,4,1,S_Image_141.bmp-S_Lure_141.bmp,Time Square,sand
36,585,4,1,S_Image_111.bmp-S_Lure_111.bmp,Gizeh Pyramids,rust
36,586,4,1,F_Image_18.bmp-F_Lure_18.bmp,Jack Nicholson,tube
36,587,4,1,O_Image_56.bmp-O_Lure_56.bmp,Broom,wool
36,588,4,1,O_Image_75.bmp-O_Lure_75.bmp,Necklace,fire
36,589,4,1,F_Image_40.bmp-F_Lure_40.bmp,Robert De Niro,bubble
36,590,4,1,O_Image_52.bmp-O_Lure_52.bmp,Bed,angel
36,591,4,1,S_Image_116.bmp-S_Lure_116.bmp,Hollywood Sign,slope
36,592,4,1,O_Image_89.bmp-O_Lure_89.bmp,Teddybear,ghost
36,593,4,1,S_Image_121.bmp-S_Lure_121.bmp,Mecca,wreck
36,594,4,1,O_Image_72.bmp-O_Lure_72.bmp,Lightbulb,hurricane
36,595,4,1,O_Image_95.bmp-O_Lure_95.bmp,Wheelchair,cloud
36,596,4,1,F_Image_19.bmp-F_Lure_19.bmp,James Dean,tourist
36,597,4,1,F_Image_44.bmp-F_Lure_44.bmp,Tom Hanks,honeymoon
36,598,4,1,F_Image_16.bmp-F_Lure_16.bmp,George Bush,yellow
36,599,4,1,F_Image_35.bmp-F_Lure_35.bmp,Nikola Sarkozy,attack
36,600,4,1,F_Image_26.bmp-F_Lure_26.bmp,Madonna,lever
36,601,4,1,S_Image_126.bmp-S_Lure_126.bmp,Neu schwanstein Castle,corpse
36,602,4,1,O_Image_54.bmp-O_Lure_54.bmp,Bicycle,arrow
36,603,3.5,2,O_Image_50.bmp,Barbecue,spray
36,604,3.5,2,S_Image_133.bmp,Rialto Bridge,menu
36,605,3.5,2,S_Image_125.bmp,Mount Rushmore,corner
36,606,3.5,2,F_Image_41.bmp,Rod Steward,tear
36,607,3.5,2,F_Image_4.bmp,Barack Obama,vegetable
36,608,3.5,2,S_Image_100.bmp,Angkor Wat,board
36,609,3.5,2,O_Image_79.bmp,Remote Control,shell
36,610,3.5,2,O_Image_58.bmp,Canoe,orchestra
36,611,3.5,2,S_Image_101.bmp,Atomium,drizzle
36,612,3.5,2,O_Image_78.bmp,Razor,water
36,613,3.5,2,S_Image_124.bmp,Mount Fuji,antique
36,614,3.5,2,F_Image_32.bmp,Mick Jagger,scar
36,615,3.5,2,S_Image_104.bmp,Brandenburg Gate,fuel
36,616,3.5,2,O_Image_55.bmp,Binoculars,kiss
36,617,3.5,2,F_Image_14.bmp,Elvis Presley,laundry
36,618,3.5,2,O_Image_93.bmp,Umbrella,signal
36,619,3.5,2,F_Image_22.bmp,Judi Dench,cone
36,620,3.5,2,F_Image_29.bmp,Marilyn Monroe,wound
36,621,3.5,2,F_Image_5.bmp,Bill Clinton,sweat
36,622,3.5,2,F_Image_46.bmp,Wayne Rooney,paper
36,623,3.5,2,F_Image_43.bmp,Tom Cruise,costume
36,624,3.5,2,O_Image_59.bmp,Fan,snow
36,625,3.5,2,O_Image_65.bmp,GrandPiano,spike
36,626,3.5,2,F_Image_2.bmp,Amy Winehouse,arch
36,627,4,2,F_Image_5.bmp-F_Lure_5.bmp,Bill Clinton,sweat
36,628,4,2,O_Image_78.bmp-O_Lure_78.bmp,Razor,water
36,629,4,2,F_Image_32.bmp-F_Lure_32.bmp,Mick Jagger,scar
36,630,4,2,O_Image_79.bmp-O_Lure_79.bmp,Remote Control,shell
36,631,4,2,O_Image_50.bmp-O_Lure_50.bmp,Barbecue,spray
36,632,4,2,S_Image_124.bmp-S_Lure_124.bmp,Mount Fuji,antique
36,633,4,2,O_Image_65.bmp-O_Lure_65.bmp,GrandPiano,spike
36,634,4,2,F_Image_43.bmp-F_Lure_43.bmp,Tom Cruise,costume
36,635,4,2,S_Image_125.bmp-S_Lure_125.bmp,Mount Rushmore,corner
36,636,4,2,F_Image_4.bmp-F_Lure_4.bmp,Barack Obama,vegetable
36,637,4,2,S_Image_104.bmp-S_Lure_104.bmp,Brandenburg Gate,fuel
36,638,4,2,S_Image_101.bmp-S_Lure_101.bmp,Atomium,drizzle
36,639,4,2,F_Image_14.bmp-F_Lure_14.bmp,Elvis Presley,laundry
36,640,4,2,F_Image_2.bmp-F_Lure_2.bmp,Amy Winehouse,arch
36,641,4,2,F_Image_41.bmp-F_Lure_41.bmp,Rod Steward,tear
36,642,4,2,S_Image_133.bmp-S_Lure_133.bmp,Rialto Bridge,menu
36,643,4,2,O_Image_55.bmp-O_Lure_55.bmp,Binoculars,kiss
36,644,4,2,S_Image_100.bmp-S_Lure_100.bmp,Angkor Wat,board
36,645,4,2,F_Image_29.bmp-F_Lure_29.bmp,Marilyn Monroe,wound
36,646,4,2,F_Image_22.bmp-F_Lure_22.bmp,Judi Dench,cone
36,647,4,2,O_Image_58.bmp-O_Lure_58.bmp,Canoe,orchestra
36,648,4,2,O_Image_93.bmp-O_Lure_93.bmp,Umbrella,signal
36,649,4,2,F_Image_46.bmp-F_Lure_46.bmp,Wayne Rooney,paper
36,650,4,2,O_Image_59.bmp-O_Lure_59.bmp,Fan,snow
36,651,3.5,3,O_Image_60.bmp,Flask,stripe
36,652,3.5,3,S_Image_97.bmp,Akropolis,shadow
36,653,3.5,3,O_Image_57.bmp,Brush,measles
36,654,3.5,3,O_Image_84.bmp,Skirt,animal
36,655,3.5,3,S_Image_118.bmp,Leaning Tower,breakfast
36,656,3.5,3,S_Image_108.bmp,Dover Cliffs,marble
36,657,3.5,3,S_Image_112.bmp,Golden Gate Bridge,hostage
36,658,3.5,3,F_Image_11.bmp,Daniel Radcliffe,alcohol
36,659,3.5,3,S_Image_129.bmp,Petra,poison
36,660,3.5,3,O_Image_91.bmp,Torch,money
36,661,3.5,3,S_Image_114.bmp,Great Wall,black
36,662,3.5,3,O_Image_81.bmp,Scale,steam
36,663,3.5,3,S_Image_113.bmp,Grand Canyon,alien
36,664,3.5,3,O_Image_94.bmp,Watch,magnet
36,665,3.5,3,F_Image_37.bmp,Pierce Brosnan,army
36,666,3.5,3,S_Image_132.bmp,Red Square,asphalt
36,667,3.5,3,F_Image_21.bmp,John Lennon,galaxy
36,668,3.5,3,S_Image_130.bmp,Potala Palace,giant
36,669,3.5,3,S_Image_143.bmp,Versailles,seed
36,670,3.5,3,F_Image_20.bmp,Jennifer Lopez,harem
36,671,3.5,3,F_Image_36.bmp,Penelope Cruz,witch
36,672,3.5,3,S_Image_106.bmp,Christ The Redeemer,sunshine
36,673,3.5,3,S_Image_110.bmp,Forbidden City,triangle
36,674,3.5,3,O_Image_80.bmp,Rope,stem
36,675,4,3,F_Image_21.bmp-F_Lure_21.bmp,John Lennon,galaxy
36,676,4,3,S_Image_130.bmp-S_Lure_130.bmp,Potala Palace,giant
36,677,4,3,S_Image_118.bmp-S_Lure_118.bmp,Leaning Tower,breakfast
36,678,4,3,O_Image_57.bmp-O_Lure_57.bmp,Brush,measles
36,679,4,3,S_Image_129.bmp-S_Lure_129.bmp,Petra,poison
36,680,4,3,S_Image_112.bmp-S_Lure_112.bmp,Golden Gate Bridge,hostage
36,681,4,3,O_Image_84.bmp-O_Lure_84.bmp,Skirt,animal
36,682,4,3,F_Image_37.bmp-F_Lure_37.bmp,Pierce Brosnan,army
36,683,4,3,S_Image_106.bmp-S_Lure_106.bmp,Christ The Redeemer,sunshine
36,684,4,3,O_Image_94.bmp-O_Lure_94.bmp,Watch,magnet
36,685,4,3,F_Image_11.bmp-F_Lure_11.bmp,Daniel Radcliffe,alcohol
36,686,4,3,S_Image_114.bmp-S_Lure_114.bmp,Great Wall,black
36,687,4,3,S_Image_97.bmp-S_Lure_97.bmp,Akropolis,shadow
36,688,4,3,O_Image_80.bmp-O_Lure_80.bmp,Rope,stem
36,689,4,3,S_Image_108.bmp-S_Lure_108.bmp,Dover Cliffs,marble
36,690,4,3,F_Image_20.bmp-F_Lure_20.bmp,Jennifer Lopez,harem
36,691,4,3,S_Image_113.bmp-S_Lure_113.bmp,Grand Canyon,alien
36,692,4,3,S_Image_143.bmp-S_Lure_143.bmp,Versailles,seed
36,693,4,3,O_Image_81.bmp-O_Lure_81.bmp,Scale,steam
36,694,4,3,F_Image_36.bmp-F_Lure_36.bmp,Penelope Cruz,witch
36,695,4,3,O_Image_91.bmp-O_Lure_91.bmp,Torch,money
36,696,4,3,S_Image_132.bmp-S_Lure_132.bmp,Red Square,asphalt
36,697,4,3,O_Image_60.bmp-O_Lure_60.bmp,Flask,stripe
36,698,4,3,S_Image_110.bmp-S_Lure_110.bmp,Forbidden City,triangle
36,699,5, 1 ,S_Image_139.bmp-O_Lure_79.bmp,Sydney Opera-Remote Control,shell
36,700,5, 1 ,O_Image_88.bmp-S_Lure_128.bmp,Suitcase-Notre Dame,quake
36,701,5, 1 ,S_Image_109.bmp-O_Lure_93.bmp,Eiffel Tower-Umbrella,signal
36,702,5, 1 ,F_Image_12.bmp-O_Lure_72.bmp,David Beckham-Lightbulb,hurricane
36,703,5, 1 ,S_Image_115.bmp-O_Lure_89.bmp,Hagia Sophia-Teddybear,ghost
36,704,5, 1 ,S_Image_98.bmp-O_Lure_77.bmp,Alcatraz-Radio,crumb
36,705,5, 1 ,F_Image_7.bmp-S_Lure_110.bmp,Britney Spears-Forbidden City,triangle
36,706,5, 1 ,O_Image_74.bmp-F_Lure_36.bmp,Mirror-Penelope Cruz,witch
36,707,5, 1 ,F_Image_45.bmp-O_Lure_58.bmp,Tony Blair-Canoe,orchestra
36,708,5, 1 ,F_Image_42.bmp-O_Lure_68.bmp,Scarlett Johansson-Hat,tail
36,709,5, 1 ,F_Image_25.bmp-S_Lure_101.bmp,Leonardo DiCaprio-Atomium,drizzle
36,710,5, 1 ,O_Image_76.bmp-F_Lure_32.bmp,Pillows-Mick Jagger,scar
36,711,5, 1 ,O_Image_53.bmp-F_Lure_37.bmp,Belt-Pierce Brosnan,army
36,712,5, 1 ,S_Image_102.bmp-O_Lure_94.bmp,Ayers Rock-Watch,magnet
36,713,5, 1 ,F_Image_34.bmp-S_Lure_106.bmp,Nelson Mandela-Christ The Redeemer,sunshine
36,714,5, 1 ,S_Image_109.bmp-O_Lure_93.bmp,Eiffel Tower-Umbrella,signal
36,715,5, 1 ,F_Image_9.bmp-S_Lure_97.bmp,Charlie Chaplin-Akropolis,shadow
36,716,5, 1 ,F_Image_25.bmp-S_Lure_101.bmp,Leonardo DiCaprio-Atomium,drizzle
36,717,5, 1 ,S_Image_115.bmp-O_Lure_89.bmp,Hagia Sophia-Teddybear,ghost
36,718,5, 1 ,S_Image_103.bmp-F_Lure_14.bmp,Big Ben-Elvis Presley,laundry
36,719,5, 1 ,F_Image_10.bmp-O_Lure_55.bmp,Dalai Lama-Binoculars,kiss
36,720,5, 1 ,F_Image_30.bmp-S_Lure_114.bmp,Meryl Streep-Great Wall,black
36,721,5, 1 ,F_Image_10.bmp-O_Lure_55.bmp,Dalai Lama-Binoculars,kiss
36,722,5, 1 ,F_Image_6.bmp-O_Lure_50.bmp,Brad Pitt-Barbecue,spray
36,723,5, 1 ,F_Image_33.bmp-S_Lure_111.bmp,Mother Teresa-Gizeh Pyramids,rust
36,724,5, 1 ,O_Image_86.bmp-S_Lure_141.bmp,Soother-Time Square,sand
36,725,5, 1 ,F_Image_17.bmp-O_Lure_60.bmp,George Clooney-Flask,stripe
36,726,5, 1 ,F_Image_8.bmp-O_Lure_57.bmp,Cameron Diaz-Brush,measles
36,727,5, 1 ,F_Image_17.bmp-O_Lure_60.bmp,George Clooney-Flask,stripe
36,728,5, 1 ,F_Image_42.bmp-O_Lure_68.bmp,Scarlett Johansson-Hat,tail
36,729,5, 1 ,S_Image_117.bmp-F_Lure_5.bmp,Kings College-Bill Clinton,sweat
36,730,5, 1 ,O_Image_76.bmp-F_Lure_32.bmp,Pillows-Mick Jagger,scar
36,731,5, 1 ,S_Image_107.bmp-F_Lure_19.bmp,Colosseum-James Dean,tourist
36,732,5, 1 ,F_Image_1.bmp-S_Lure_104.bmp,Albert Einstein-Brandenburg Gate,fuel
36,733,5, 1 ,S_Image_136.bmp-F_Lure_20.bmp,Sistine Chapel-Jennifer Lopez,harem
36,734,5, 1 ,S_Image_105.bmp-O_Lure_84.bmp,Chichen Itza-Skirt,animal
36,735,5, 1 ,F_Image_34.bmp-S_Lure_106.bmp,Nelson Mandela-Christ The Redeemer,sunshine
36,736,5, 1 ,S_Image_135.bmp-O_Lure_75.bmp,Sahara Desert-Necklace,fire
36,737,5, 1 ,F_Image_6.bmp-O_Lure_50.bmp,Brad Pitt-Barbecue,spray
36,738,5, 1 ,F_Image_45.bmp-O_Lure_58.bmp,Tony Blair-Canoe,orchestra
36,739,5, 1 ,F_Image_48.bmp-O_Lure_59.bmp,Will Smith-Fan,snow
36,740,5, 1 ,S_Image_138.bmp-F_Lure_21.bmp,Stonehenge-John Lennon,galaxy
36,741,5, 1 ,S_Image_99.bmp-F_Lure_11.bmp,Alhambra-Daniel Radcliffe,alcohol
36,742,5, 1 ,S_Image_137.bmp-O_Lure_80.bmp,Statue Of Liberty-Rope,stem
36,743,5, 1 ,F_Image_31.bmp-O_Lure_52.bmp,Michael Jackson-Bed,angel
36,744,5, 1 ,F_Image_34.bmp-S_Lure_106.bmp,Nelson Mandela-Christ The Redeemer,sunshine
36,745,5, 1 ,F_Image_48.bmp-O_Lure_59.bmp,Will Smith-Fan,snow
36,746,5, 1 ,F_Image_48.bmp-O_Lure_59.bmp,Will Smith-Fan,snow
36,747,5, 1 ,O_Image_88.bmp-S_Lure_128.bmp,Suitcase-Notre Dame,quake
36,748,5, 1 ,O_Image_70.bmp-S_Lure_118.bmp,Key-Leaning Tower,breakfast
36,749,5, 1 ,S_Image_117.bmp-F_Lure_5.bmp,Kings College-Bill Clinton,sweat
36,750,5, 1 ,F_Image_17.bmp-O_Lure_60.bmp,George Clooney-Flask,stripe
36,751,5, 1 ,O_Image_88.bmp-S_Lure_128.bmp,Suitcase-Notre Dame,quake
36,752,5, 1 ,O_Image_64.bmp-S_Lure_121.bmp,Goggles-Mecca,wreck
36,753,5, 1 ,O_Image_70.bmp-S_Lure_118.bmp,Key-Leaning Tower,breakfast
36,754,5, 1 ,S_Image_136.bmp-F_Lure_20.bmp,Sistine Chapel-Jennifer Lopez,harem
36,755,5, 1 ,F_Image_12.bmp-O_Lure_72.bmp,David Beckham-Lightbulb,hurricane
36,756,5, 1 ,O_Image_53.bmp-F_Lure_37.bmp,Belt-Pierce Brosnan,army
36,757,5, 1 ,F_Image_17.bmp-O_Lure_60.bmp,George Clooney-Flask,stripe
36,758,5, 1 ,F_Image_48.bmp-O_Lure_59.bmp,Will Smith-Fan,snow
36,759,5, 1 ,S_Image_135.bmp-O_Lure_75.bmp,Sahara Desert-Necklace,fire
36,760,5, 1 ,S_Image_115.bmp-O_Lure_89.bmp,Hagia Sophia-Teddybear,ghost
36,761,5, 1 ,S_Image_107.bmp-F_Lure_19.bmp,Colosseum-James Dean,tourist
36,762,5, 1 ,F_Image_42.bmp-O_Lure_68.bmp,Scarlett Johansson-Hat,tail
36,763,5, 1 ,S_Image_102.bmp-O_Lure_94.bmp,Ayers Rock-Watch,magnet
36,764,5, 1 ,S_Image_102.bmp-O_Lure_94.bmp,Ayers Rock-Watch,magnet
36,765,5, 1 ,O_Image_82.bmp-S_Lure_125.bmp,Scissors-Mount Rushmore,corner
36,766,5, 1 ,S_Image_138.bmp-F_Lure_21.bmp,Stonehenge-John Lennon,galaxy
36,767,5, 1 ,F_Image_8.bmp-O_Lure_57.bmp,Cameron Diaz-Brush,measles
36,768,5, 1 ,S_Image_119.bmp-O_Lure_78.bmp,Louvre-Razor,water
36,769,5, 1 ,F_Image_34.bmp-S_Lure_106.bmp,Nelson Mandela-Christ The Redeemer,sunshine
36,770,5, 1 ,O_Image_62.bmp-F_Lure_41.bmp,FryingPan-Rod Steward,tear
36,771,5, 1 ,S_Image_131.bmp-F_Lure_22.bmp,Rapa Nui-Judi Dench,cone
36,772,5, 1 ,F_Image_12.bmp-O_Lure_72.bmp,David Beckham-Lightbulb,hurricane
36,773,5, 1 ,S_Image_98.bmp-O_Lure_77.bmp,Alcatraz-Radio,crumb
36,774,5, 1 ,S_Image_134.bmp-O_Lure_95.bmp,Sagrada Familia-Wheelchair,cloud
36,775,5, 1 ,F_Image_31.bmp-O_Lure_52.bmp,Michael Jackson-Bed,angel
36,776,5, 1 ,O_Image_49.bmp-S_Lure_132.bmp,Anchor-Red Square,asphalt
36,777,5, 1 ,S_Image_131.bmp-F_Lure_22.bmp,Rapa Nui-Judi Dench,cone
36,778,5, 1 ,F_Image_15.bmp-O_Lure_56.bmp,Fidel Castro-Broom,wool
36,779,5, 1 ,O_Image_74.bmp-F_Lure_36.bmp,Mirror-Penelope Cruz,witch
36,780,5, 1 ,O_Image_92.bmp-F_Lure_46.bmp,Trophy-Wayne Rooney,paper
36,781,5, 1 ,O_Image_62.bmp-F_Lure_41.bmp,FryingPan-Rod Steward,tear
36,782,5, 1 ,O_Image_53.bmp-F_Lure_37.bmp,Belt-Pierce Brosnan,army
36,783,5, 1 ,F_Image_15.bmp-O_Lure_56.bmp,Fidel Castro-Broom,wool
36,784,5, 1 ,O_Image_92.bmp-F_Lure_46.bmp,Trophy-Wayne Rooney,paper
36,785,5, 1 ,O_Image_74.bmp-F_Lure_36.bmp,Mirror-Penelope Cruz,witch
36,786,5, 1 ,O_Image_86.bmp-S_Lure_141.bmp,Soother-Time Square,sand
36,787,5, 1 ,S_Image_107.bmp-F_Lure_19.bmp,Colosseum-James Dean,tourist
36,788,5, 1 ,S_Image_134.bmp-O_Lure_95.bmp,Sagrada Familia-Wheelchair,cloud
36,789,5, 1 ,S_Image_138.bmp-F_Lure_21.bmp,Stonehenge-John Lennon,galaxy
36,790,5, 1 ,S_Image_98.bmp-O_Lure_77.bmp,Alcatraz-Radio,crumb
36,791,5, 1 ,S_Image_99.bmp-F_Lure_11.bmp,Alhambra-Daniel Radcliffe,alcohol
36,792,5, 1 ,S_Image_137.bmp-O_Lure_80.bmp,Statue Of Liberty-Rope,stem
36,793,5, 1 ,S_Image_120.bmp-F_Lure_18.bmp,Machu Picchu-Jack Nicholson,tube
36,794,5, 1 ,S_Image_107.bmp-F_Lure_19.bmp,Colosseum-James Dean,tourist
36,795,5, 1 ,S_Image_127.bmp-O_Lure_81.bmp,Niagara Falls-Scale,steam
36,796,5, 1 ,F_Image_39.bmp-S_Lure_116.bmp,Robbie Williams-Hollywood Sign,slope
36,797,5, 1 ,O_Image_70.bmp-S_Lure_118.bmp,Key-Leaning Tower,breakfast
36,798,5, 1 ,S_Image_122.bmp-F_Lure_24.bmp,Mont Saint Michel-Keanu Reeves,rock
36,799,5, 1 ,O_Image_62.bmp-F_Lure_41.bmp,FryingPan-Rod Steward,tear
36,800,5, 1 ,S_Image_109.bmp-O_Lure_93.bmp,Eiffel Tower-Umbrella,signal
36,801,5, 1 ,O_Image_61.bmp-S_Lure_130.bmp,Football-Potala Palace,giant
36,802,5, 1 ,O_Image_76.bmp-F_Lure_32.bmp,Pillows-Mick Jagger,scar
36,803,5, 1 ,S_Image_137.bmp-O_Lure_80.bmp,Statue Of Liberty-Rope,stem
36,804,5, 1 ,S_Image_134.bmp-O_Lure_95.bmp,Sagrada Familia-Wheelchair,cloud
36,805,5, 1 ,S_Image_122.bmp-F_Lure_24.bmp,Mont Saint Michel-Keanu Reeves,rock
36,806,5, 1 ,S_Image_131.bmp-F_Lure_22.bmp,Rapa Nui-Judi Dench,cone
36,807,5, 1 ,O_Image_86.bmp-S_Lure_141.bmp,Soother-Time Square,sand
36,808,5, 1 ,O_Image_62.bmp-F_Lure_41.bmp,FryingPan-Rod Steward,tear
36,809,5, 1 ,S_Image_139.bmp-O_Lure_79.bmp,Sydney Opera-Remote Control,shell
36,810,5, 1 ,F_Image_1.bmp-S_Lure_104.bmp,Albert Einstein-Brandenburg Gate,fuel
36,811,5, 1 ,S_Image_98.bmp-O_Lure_77.bmp,Alcatraz-Radio,crumb
36,812,5, 1 ,O_Image_61.bmp-S_Lure_130.bmp,Football-Potala Palace,giant
36,813,5, 1 ,F_Image_45.bmp-O_Lure_58.bmp,Tony Blair-Canoe,orchestra
36,814,5, 1 ,S_Image_122.bmp-F_Lure_24.bmp,Mont Saint Michel-Keanu Reeves,rock
36,815,5, 1 ,F_Image_9.bmp-S_Lure_97.bmp,Charlie Chaplin-Akropolis,shadow
36,816,5, 1 ,F_Image_39.bmp-S_Lure_116.bmp,Robbie Williams-Hollywood Sign,slope
36,817,5, 1 ,F_Image_10.bmp-O_Lure_55.bmp,Dalai Lama-Binoculars,kiss
36,818,5, 1 ,F_Image_13.bmp-O_Lure_65.bmp,Elton John-GrandPiano,spike
36,819,5, 1 ,S_Image_117.bmp-F_Lure_5.bmp,Kings College-Bill Clinton,sweat
36,820,5, 1 ,F_Image_10.bmp-O_Lure_55.bmp,Dalai Lama-Binoculars,kiss
36,821,5, 1 ,F_Image_33.bmp-S_Lure_111.bmp,Mother Teresa-Gizeh Pyramids,rust
36,822,5, 1 ,F_Image_38.bmp-S_Lure_108.bmp,Queen Elisabeth-Dover Cliffs,marble
36,823,5, 1 ,O_Image_61.bmp-S_Lure_130.bmp,Football-Potala Palace,giant
36,824,5, 1 ,F_Image_30.bmp-S_Lure_114.bmp,Meryl Streep-Great Wall,black
36,825,5, 1 ,S_Image_127.bmp-O_Lure_81.bmp,Niagara Falls-Scale,steam
36,826,5, 1 ,S_Image_127.bmp-O_Lure_81.bmp,Niagara Falls-Scale,steam
36,827,5, 1 ,F_Image_25.bmp-S_Lure_101.bmp,Leonardo DiCaprio-Atomium,drizzle
36,828,5, 1 ,S_Image_105.bmp-O_Lure_84.bmp,Chichen Itza-Skirt,animal
36,829,5, 1 ,S_Image_119.bmp-O_Lure_78.bmp,Louvre-Razor,water
36,830,5, 1 ,S_Image_99.bmp-F_Lure_11.bmp,Alhambra-Daniel Radcliffe,alcohol
36,831,5, 1 ,F_Image_1.bmp-S_Lure_104.bmp,Albert Einstein-Brandenburg Gate,fuel
36,832,5, 1 ,S_Image_120.bmp-F_Lure_18.bmp,Machu Picchu-Jack Nicholson,tube
36,833,5, 1 ,F_Image_9.bmp-S_Lure_97.bmp,Charlie Chaplin-Akropolis,shadow
36,834,5, 1 ,F_Image_6.bmp-O_Lure_50.bmp,Brad Pitt-Barbecue,spray
36,835,5, 1 ,O_Image_61.bmp-S_Lure_130.bmp,Football-Potala Palace,giant
36,836,5, 1 ,S_Image_120.bmp-F_Lure_18.bmp,Machu Picchu-Jack Nicholson,tube
36,837,5, 1 ,F_Image_33.bmp-S_Lure_111.bmp,Mother Teresa-Gizeh Pyramids,rust
36,838,5, 1 ,S_Image_105.bmp-O_Lure_84.bmp,Chichen Itza-Skirt,animal
36,839,5, 1 ,S_Image_103.bmp-F_Lure_14.bmp,Big Ben-Elvis Presley,laundry
36,840,5, 1 ,F_Image_12.bmp-O_Lure_72.bmp,David Beckham-Lightbulb,hurricane
36,841,5, 1 ,S_Image_139.bmp-O_Lure_79.bmp,Sydney Opera-Remote Control,shell
36,842,5, 1 ,S_Image_137.bmp-O_Lure_80.bmp,Statue Of Liberty-Rope,stem
36,843,5, 1 ,F_Image_13.bmp-O_Lure_65.bmp,Elton John-GrandPiano,spike
36,844,5, 1 ,S_Image_136.bmp-F_Lure_20.bmp,Sistine Chapel-Jennifer Lopez,harem
36,845,5, 1 ,F_Image_38.bmp-S_Lure_108.bmp,Queen Elisabeth-Dover Cliffs,marble
36,846,5, 1 ,S_Image_119.bmp-O_Lure_78.bmp,Louvre-Razor,water
36,847,5, 1 ,F_Image_13.bmp-O_Lure_65.bmp,Elton John-GrandPiano,spike
36,848,5, 1 ,S_Image_136.bmp-F_Lure_20.bmp,Sistine Chapel-Jennifer Lopez,harem
36,849,5, 1 ,O_Image_82.bmp-S_Lure_125.bmp,Scissors-Mount Rushmore,corner
36,850,5, 1 ,S_Image_117.bmp-F_Lure_5.bmp,Kings College-Bill Clinton,sweat
36,851,5, 1 ,F_Image_42.bmp-O_Lure_68.bmp,Scarlett Johansson-Hat,tail
36,852,5, 1 ,F_Image_6.bmp-O_Lure_50.bmp,Brad Pitt-Barbecue,spray
36,853,5, 1 ,S_Image_135.bmp-O_Lure_75.bmp,Sahara Desert-Necklace,fire
36,854,5, 1 ,F_Image_39.bmp-S_Lure_116.bmp,Robbie Williams-Hollywood Sign,slope
36,855,5, 1 ,S_Image_103.bmp-F_Lure_14.bmp,Big Ben-Elvis Presley,laundry
36,856,5, 1 ,O_Image_70.bmp-S_Lure_118.bmp,Key-Leaning Tower,breakfast
36,857,5, 1 ,S_Image_122.bmp-F_Lure_24.bmp,Mont Saint Michel-Keanu Reeves,rock
36,858,5, 1 ,S_Image_138.bmp-F_Lure_21.bmp,Stonehenge-John Lennon,galaxy
36,859,5, 1 ,F_Image_30.bmp-S_Lure_114.bmp,Meryl Streep-Great Wall,black
36,860,5, 1 ,F_Image_39.bmp-S_Lure_116.bmp,Robbie Williams-Hollywood Sign,slope
36,861,5, 1 ,S_Image_135.bmp-O_Lure_75.bmp,Sahara Desert-Necklace,fire
36,862,5, 1 ,O_Image_92.bmp-F_Lure_46.bmp,Trophy-Wayne Rooney,paper
36,863,5, 1 ,O_Image_88.bmp-S_Lure_128.bmp,Suitcase-Notre Dame,quake
36,864,5, 1 ,O_Image_67.bmp-F_Lure_35.bmp,Hammock-Nikola Sarkozy,attack
36,865,5, 1 ,S_Image_109.bmp-O_Lure_93.bmp,Eiffel Tower-Umbrella,signal
36,866,5, 1 ,S_Image_144.bmp-O_Lure_91.bmp,White House-Torch,money
36,867,5, 1 ,O_Image_49.bmp-S_Lure_132.bmp,Anchor-Red Square,asphalt
36,868,5, 1 ,O_Image_76.bmp-F_Lure_32.bmp,Pillows-Mick Jagger,scar
36,869,5, 1 ,S_Image_105.bmp-O_Lure_84.bmp,Chichen Itza-Skirt,animal
36,870,5, 1 ,S_Image_139.bmp-O_Lure_79.bmp,Sydney Opera-Remote Control,shell
36,871,5, 1 ,S_Image_127.bmp-O_Lure_81.bmp,Niagara Falls-Scale,steam
36,872,5, 1 ,S_Image_102.bmp-O_Lure_94.bmp,Ayers Rock-Watch,magnet
36,873,5, 1 ,S_Image_103.bmp-F_Lure_14.bmp,Big Ben-Elvis Presley,laundry
36,874,5, 1 ,O_Image_86.bmp-S_Lure_141.bmp,Soother-Time Square,sand
36,875,5, 1 ,S_Image_144.bmp-O_Lure_91.bmp,White House-Torch,money
36,876,5, 1 ,F_Image_8.bmp-O_Lure_57.bmp,Cameron Diaz-Brush,measles
36,877,5, 1 ,O_Image_92.bmp-F_Lure_46.bmp,Trophy-Wayne Rooney,paper
36,878,5, 1 ,F_Image_38.bmp-S_Lure_108.bmp,Queen Elisabeth-Dover Cliffs,marble
36,879,5, 1 ,F_Image_7.bmp-S_Lure_110.bmp,Britney Spears-Forbidden City,triangle
36,880,5, 1 ,O_Image_74.bmp-F_Lure_36.bmp,Mirror-Penelope Cruz,witch
36,881,5, 1 ,S_Image_144.bmp-O_Lure_91.bmp,White House-Torch,money
36,882,5, 1 ,F_Image_9.bmp-S_Lure_97.bmp,Charlie Chaplin-Akropolis,shadow
36,883,5, 1 ,O_Image_64.bmp-S_Lure_121.bmp,Goggles-Mecca,wreck
36,884,5, 1 ,O_Image_64.bmp-S_Lure_121.bmp,Goggles-Mecca,wreck
36,885,5, 1 ,F_Image_13.bmp-O_Lure_65.bmp,Elton John-GrandPiano,spike
36,886,5, 1 ,F_Image_45.bmp-O_Lure_58.bmp,Tony Blair-Canoe,orchestra
36,887,5, 1 ,S_Image_131.bmp-F_Lure_22.bmp,Rapa Nui-Judi Dench,cone
36,888,5, 1 ,F_Image_30.bmp-S_Lure_114.bmp,Meryl Streep-Great Wall,black
36,889,5, 1 ,F_Image_15.bmp-O_Lure_56.bmp,Fidel Castro-Broom,wool
36,890,5, 1 ,S_Image_99.bmp-F_Lure_11.bmp,Alhambra-Daniel Radcliffe,alcohol
36,891,5, 1 ,O_Image_67.bmp-F_Lure_35.bmp,Hammock-Nikola Sarkozy,attack
36,892,5, 1 ,F_Image_7.bmp-S_Lure_110.bmp,Britney Spears-Forbidden City,triangle
36,893,5, 1 ,O_Image_64.bmp-S_Lure_121.bmp,Goggles-Mecca,wreck
36,894,5, 1 ,O_Image_49.bmp-S_Lure_132.bmp,Anchor-Red Square,asphalt
36,895,5, 1 ,S_Image_120.bmp-F_Lure_18.bmp,Machu Picchu-Jack Nicholson,tube
36,896,5, 1 ,O_Image_67.bmp-F_Lure_35.bmp,Hammock-Nikola Sarkozy,attack
36,897,5, 1 ,O_Image_49.bmp-S_Lure_132.bmp,Anchor-Red Square,asphalt
36,898,5, 1 ,O_Image_82.bmp-S_Lure_125.bmp,Scissors-Mount Rushmore,corner
36,899,5, 1 ,F_Image_31.bmp-O_Lure_52.bmp,Michael Jackson-Bed,angel
36,900,5, 1 ,F_Image_31.bmp-O_Lure_52.bmp,Michael Jackson-Bed,angel
36,901,5, 1 ,O_Image_67.bmp-F_Lure_35.bmp,Hammock-Nikola Sarkozy,attack
36,902,5, 1 ,O_Image_53.bmp-F_Lure_37.bmp,Belt-Pierce Brosnan,army
36,903,5, 1 ,S_Image_119.bmp-O_Lure_78.bmp,Louvre-Razor,water
36,904,5, 1 ,F_Image_25.bmp-S_Lure_101.bmp,Leonardo DiCaprio-Atomium,drizzle
36,905,5, 1 ,S_Image_144.bmp-O_Lure_91.bmp,White House-Torch,money
36,906,5, 1 ,F_Image_7.bmp-S_Lure_110.bmp,Britney Spears-Forbidden City,triangle
36,907,5, 1 ,F_Image_1.bmp-S_Lure_104.bmp,Albert Einstein-Brandenburg Gate,fuel
36,908,5, 1 ,F_Image_33.bmp-S_Lure_111.bmp,Mother Teresa-Gizeh Pyramids,rust
36,909,5, 1 ,F_Image_8.bmp-O_Lure_57.bmp,Cameron Diaz-Brush,measles
36,910,5, 1 ,O_Image_82.bmp-S_Lure_125.bmp,Scissors-Mount Rushmore,corner
36,911,5, 1 ,F_Image_15.bmp-O_Lure_56.bmp,Fidel Castro-Broom,wool
36,912,5, 1 ,F_Image_38.bmp-S_Lure_108.bmp,Queen Elisabeth-Dover Cliffs,marble
36,913,5, 1 ,S_Image_115.bmp-O_Lure_89.bmp,Hagia Sophia-Teddybear,ghost
36,914,5, 1 ,S_Image_134.bmp-O_Lure_95.bmp,Sagrada Familia-Wheelchair,cloud
36,915,6,1,S_Image_133.bmp-S_Lure_133.bmp,Rialto Bridge,menu
36,916,6,1,S_Image_111.bmp-S_Lure_111.bmp,Gizeh Pyramids,rust
36,917,6,1,F_Image_18.bmp-F_Lure_18.bmp,Jack Nicholson,tube
36,918,6,1,S_Image_132.bmp-S_Lure_132.bmp,Red Square,asphalt
36,919,6,1,F_Image_46.bmp-F_Lure_46.bmp,Wayne Rooney,paper
36,920,6,1,S_Image_100.bmp-S_Lure_100.bmp,Angkor Wat,board
36,921,6,1,F_Image_36.bmp-F_Lure_36.bmp,Penelope Cruz,witch
36,922,6,1,S_Image_121.bmp-S_Lure_121.bmp,Mecca,wreck
36,923,6,1,S_Image_125.bmp-S_Lure_125.bmp,Mount Rushmore,corner
36,924,6,1,S_Image_108.bmp-S_Lure_108.bmp,Dover Cliffs,marble
36,925,6,1,F_Image_19.bmp-F_Lure_19.bmp,James Dean,tourist
36,926,6,1,O_Image_91.bmp-O_Lure_91.bmp,Torch,money
36,927,6,1,O_Image_50.bmp-O_Lure_50.bmp,Barbecue,spray
36,928,6,1,O_Image_93.bmp-O_Lure_93.bmp,Umbrella,signal
36,929,6,1,S_Image_130.bmp-S_Lure_130.bmp,Potala Palace,giant
36,930,6,1,F_Image_2.bmp-F_Lure_2.bmp,Amy Winehouse,arch
36,931,6,1,F_Image_16.bmp-F_Lure_16.bmp,George Bush,yellow
36,932,6,1,F_Image_26.bmp-F_Lure_26.bmp,Madonna,lever
36,933,6,1,O_Image_94.bmp-O_Lure_94.bmp,Watch,magnet
36,934,6,1,F_Image_47.bmp-F_Lure_47.bmp,Whoopi Goldberg,flood
36,935,6,1,S_Image_129.bmp-S_Lure_129.bmp,Petra,poison
36,936,6,1,S_Image_141.bmp-S_Lure_141.bmp,Time Square,sand
36,937,6,1,F_Image_35.bmp-F_Lure_35.bmp,Nikola Sarkozy,attack
36,938,6,1,F_Image_43.bmp-F_Lure_43.bmp,Tom Cruise,costume
36,939,6,1,F_Image_32.bmp-F_Lure_32.bmp,Mick Jagger,scar
36,940,6,1,O_Image_55.bmp-O_Lure_55.bmp,Binoculars,kiss
36,941,6,1,F_Image_29.bmp-F_Lure_29.bmp,Marilyn Monroe,wound
36,942,6,1,O_Image_58.bmp-O_Lure_58.bmp,Canoe,orchestra
36,943,6,1,S_Image_106.bmp-S_Lure_106.bmp,Christ The Redeemer,sunshine
36,944,6,1,F_Image_21.bmp-F_Lure_21.bmp,John Lennon,galaxy
36,945,6,1,F_Image_22.bmp-F_Lure_22.bmp,Judi Dench,cone
36,946,6,1,S_Image_101.bmp-S_Lure_101.bmp,Atomium,drizzle
36,947,6,1,O_Image_72.bmp-O_Lure_72.bmp,Lightbulb,hurricane
36,948,6,1,F_Image_4.bmp-F_Lure_4.bmp,Barack Obama,vegetable
36,949,6,1,F_Image_14.bmp-F_Lure_14.bmp,Elvis Presley,laundry
36,950,6,1,F_Image_41.bmp-F_Lure_41.bmp,Rod Steward,tear
36,951,6,1,O_Image_78.bmp-O_Lure_78.bmp,Razor,water
36,952,6,1,S_Image_128.bmp-S_Lure_128.bmp,Notre Dame,quake
36,953,6,1,O_Image_57.bmp-O_Lure_57.bmp,Brush,measles
36,954,6,1,O_Image_84.bmp-O_Lure_84.bmp,Skirt,animal
36,955,6,1,O_Image_65.bmp-O_Lure_65.bmp,GrandPiano,spike
36,956,6,1,S_Image_113.bmp-S_Lure_113.bmp,Grand Canyon,alien
36,957,6,1,O_Image_77.bmp-O_Lure_77.bmp,Radio,crumb
36,958,6,1,S_Image_143.bmp-S_Lure_143.bmp,Versailles,seed
36,959,6,1,F_Image_20.bmp-F_Lure_20.bmp,Jennifer Lopez,harem
36,960,6,1,O_Image_75.bmp-O_Lure_75.bmp,Necklace,fire
36,961,6,1,O_Image_52.bmp-O_Lure_52.bmp,Bed,angel
36,962,6,1,S_Image_97.bmp-S_Lure_97.bmp,Akropolis,shadow
36,963,6,1,F_Image_5.bmp-F_Lure_5.bmp,Bill Clinton,sweat
36,964,6,1,S_Image_124.bmp-S_Lure_124.bmp,Mount Fuji,antique
36,965,6,1,S_Image_104.bmp-S_Lure_104.bmp,Brandenburg Gate,fuel
36,966,6,1,O_Image_79.bmp-O_Lure_79.bmp,Remote Control,shell
36,967,6,1,O_Image_60.bmp-O_Lure_60.bmp,Flask,stripe
36,968,6,1,O_Image_95.bmp-O_Lure_95.bmp,Wheelchair,cloud
36,969,6,1,S_Image_116.bmp-S_Lure_116.bmp,Hollywood Sign,slope
36,970,6,1,F_Image_37.bmp-F_Lure_37.bmp,Pierce Brosnan,army
36,971,6,1,S_Image_118.bmp-S_Lure_118.bmp,Leaning Tower,breakfast
36,972,6,1,O_Image_54.bmp-O_Lure_54.bmp,Bicycle,arrow
36,973,6,1,O_Image_81.bmp-O_Lure_81.bmp,Scale,steam
36,974,6,1,F_Image_24.bmp-F_Lure_24.bmp,Keanu Reeves,rock
36,975,6,1,O_Image_59.bmp-O_Lure_59.bmp,Fan,snow
36,976,6,1,S_Image_114.bmp-S_Lure_114.bmp,Great Wall,black
36,977,6,1,S_Image_110.bmp-S_Lure_110.bmp,Forbidden City,triangle
36,978,6,1,F_Image_11.bmp-F_Lure_11.bmp,Daniel Radcliffe,alcohol
36,979,6,1,O_Image_80.bmp-O_Lure_80.bmp,Rope,stem
36,980,6,1,F_Image_44.bmp-F_Lure_44.bmp,Tom Hanks,honeymoon
36,981,6,1,F_Image_40.bmp-F_Lure_40.bmp,Robert De Niro,bubble
36,982,6,1,O_Image_89.bmp-O_Lure_89.bmp,Teddybear,ghost
36,983,6,1,S_Image_126.bmp-S_Lure_126.bmp,Neu schwanstein Castle,corpse
36,984,6,1,O_Image_68.bmp-O_Lure_68.bmp,Hat,tail
36,985,6,1,O_Image_56.bmp-O_Lure_56.bmp,Broom,wool
36,986,6,1,S_Image_112.bmp-S_Lure_112.bmp,Golden Gate Bridge,hostage
36,987,6,1,F_Image_6.bmp-F_Lure_6.bmp,Brad Pitt,spray
36,988,6,1,O_Image_66.bmp-O_Lure_66.bmp,Guitar,lever
36,989,6,1,F_Image_48.bmp-F_Lure_48.bmp,Will Smith,snow
36,990,6,1,F_Image_10.bmp-F_Lure_10.bmp,Dalai Lama,kiss
36,991,6,1,F_Image_45.bmp-F_Lure_45.bmp,Tony Blair,orchestra
36,992,6,1,S_Image_98.bmp-S_Lure_98.bmp,Alcatraz,crumb
36,993,6,1,F_Image_39.bmp-F_Lure_39.bmp,Robbie Williams,slope
36,994,6,1,F_Image_28.bmp-F_Lure_28.bmp,Margaret Thatcher,hostage
36,995,6,1,O_Image_87.bmp-O_Lure_87.bmp,Stapler,corpse
36,996,6,1,S_Image_135.bmp-S_Lure_135.bmp,Sahara Desert,fire
36,997,6,1,S_Image_131.bmp-S_Lure_131.bmp,Rapa Nui,cone
36,998,6,1,O_Image_67.bmp-O_Lure_67.bmp,Hammock,attack
36,999,6,1,O_Image_85.bmp-O_Lure_85.bmp,Sock,seed
36,1000,6,1,O_Image_82.bmp-O_Lure_82.bmp,Scissors,corner
36,1001,6,1,O_Image_83.bmp-O_Lure_83.bmp,Shoe,costume
36,1002,6,1,O_Image_73.bmp-O_Lure_73.bmp,Microscope,wound
36,1003,6,1,O_Image_69.bmp-O_Lure_69.bmp,Headphones,flood
36,1004,6,1,F_Image_23.bmp-F_Lure_23.bmp,Julia Roberts,board
36,1005,6,1,F_Image_34.bmp-F_Lure_34.bmp,Nelson Mandela,sunshine
36,1006,6,1,S_Image_109.bmp-S_Lure_109.bmp,Eiffel Tower,signal
36,1007,6,1,O_Image_92.bmp-O_Lure_92.bmp,Trophy,paper
36,1008,6,1,O_Image_71.bmp-O_Lure_71.bmp,Ladder,menu
36,1009,6,1,O_Image_49.bmp-O_Lure_49.bmp,Anchor,asphalt
36,1010,6,1,F_Image_8.bmp-F_Lure_8.bmp,Cameron Diaz,measles
36,1011,6,1,O_Image_96.bmp-O_Lure_96.bmp,Wineglass,poison
36,1012,6,1,S_Image_102.bmp-S_Lure_102.bmp,Ayers Rock,magnet
36,1013,6,1,O_Image_64.bmp-O_Lure_64.bmp,Goggles,wreck
36,1014,6,1,F_Image_31.bmp-F_Lure_31.bmp,Michael Jackson,angel
36,1015,6,1,F_Image_42.bmp-F_Lure_42.bmp,Scarlett Johansson,tail
36,1016,6,1,O_Image_51.bmp-O_Lure_51.bmp,Basket,bubble
36,1017,6,1,O_Image_61.bmp-O_Lure_61.bmp,Football,giant
36,1018,6,1,F_Image_33.bmp-F_Lure_33.bmp,Mother Teresa,rust
36,1019,6,1,S_Image_134.bmp-S_Lure_134.bmp,Sagrada Familia,cloud
36,1020,6,1,O_Image_76.bmp-O_Lure_76.bmp,Pillows,scar
36,1021,6,1,F_Image_7.bmp-F_Lure_7.bmp,Britney Spears,triangle
36,1022,6,1,S_Image_119.bmp-S_Lure_119.bmp,Louvre,water
36,1023,6,1,S_Image_140.bmp-S_Lure_140.bmp,Taj Mahal,yellow
36,1024,6,1,F_Image_30.bmp-F_Lure_30.bmp,Meryl Streep,black
36,1025,6,1,O_Image_70.bmp-O_Lure_70.bmp,Key,breakfast
36,1026,6,1,S_Image_105.bmp-S_Lure_105.bmp,Chichen Itza,animal
36,1027,6,1,S_Image_99.bmp-S_Lure_99.bmp,Alhambra,alcohol
36,1028,6,1,F_Image_1.bmp-F_Lure_1.bmp,Albert Einstein,fuel
36,1029,6,1,S_Image_139.bmp-S_Lure_139.bmp,Sydney Opera,shell
36,1030,6,1,F_Image_12.bmp-F_Lure_12.bmp,David Beckham,hurricane
36,1031,6,1,S_Image_103.bmp-S_Lure_103.bmp,Big Ben,laundry
36,1032,6,1,F_Image_13.bmp-F_Lure_13.bmp,Elton John,spike
36,1033,6,1,S_Image_120.bmp-S_Lure_120.bmp,Machu Picchu,tube
36,1034,6,1,F_Image_27.bmp-F_Lure_27.bmp,Mahadma Gandhi,alien
36,1035,6,1,F_Image_38.bmp-F_Lure_38.bmp,Queen Elisabeth,marble
36,1036,6,1,F_Image_17.bmp-F_Lure_17.bmp,George Clooney,stripe
36,1037,6,1,S_Image_117.bmp-S_Lure_117.bmp,Kings College,sweat
36,1038,6,1,S_Image_136.bmp-S_Lure_136.bmp,Sistine Chapel,harem
36,1039,6,1,F_Image_3.bmp-F_Lure_3.bmp,Angela Merkel,arrow
36,1040,6,1,O_Image_88.bmp-O_Lure_88.bmp,Suitcase,quake
36,1041,6,1,F_Image_15.bmp-F_Lure_15.bmp,Fidel Castro,wool
36,1042,6,1,O_Image_74.bmp-O_Lure_74.bmp,Mirror,witch
36,1043,6,1,S_Image_107.bmp-S_Lure_107.bmp,Colosseum,tourist
36,1044,6,1,F_Image_9.bmp-F_Lure_9.bmp,Charlie Chaplin,shadow
36,1045,6,1,S_Image_142.bmp-S_Lure_142.bmp,Tower Bridge,vegetable
36,1046,6,1,O_Image_86.bmp-O_Lure_86.bmp,Soother,sand
36,1047,6,1,S_Image_122.bmp-S_Lure_122.bmp,Mont Saint Michel,rock
36,1048,6,1,O_Image_90.bmp-O_Lure_90.bmp,Telephone,honeymoon
36,1049,6,1,S_Image_127.bmp-S_Lure_127.bmp,Niagara Falls,steam
36,1050,6,1,S_Image_137.bmp-S_Lure_137.bmp,Statue Of Liberty,stem
36,1051,6,1,O_Image_63.bmp-O_Lure_63.bmp,Globe,antique
36,1052,6,1,F_Image_25.bmp-F_Lure_25.bmp,Leonardo DiCaprio,drizzle
36,1053,6,1,S_Image_138.bmp-S_Lure_138.bmp,Stonehenge,galaxy
36,1054,6,1,S_Image_123.bmp-S_Lure_123.bmp,Mount Everest,arch
36,1055,6,1,S_Image_115.bmp-S_Lure_115.bmp,Hagia Sophia,ghost
36,1056,6,1,O_Image_53.bmp-O_Lure_53.bmp,Belt,army
36,1057,6,1,S_Image_144.bmp-S_Lure_144.bmp,White House,money
36,1058,6,1,O_Image_62.bmp-O_Lure_62.bmp,FryingPan,tear
